solid OpenSCAD_Model
  facet normal -1 0 0
    outer loop
      vertex 40.65 4.8 2.81497
      vertex 40.65 3.6 9.2
      vertex 40.65 4.8 14.785
    endloop
  endfacet
  facet normal -1 0 0
    outer loop
      vertex 40.65 -4 2.81497
      vertex 40.65 3.6 9.2
      vertex 40.65 4.8 2.81497
    endloop
  endfacet
  facet normal -1 -0 0
    outer loop
      vertex 40.65 3.6 9.2
      vertex 40.65 -4 2.81497
      vertex 40.65 -4 9.2
    endloop
  endfacet
  facet normal -1 0 0
    outer loop
      vertex 40.65 3.6 11.8
      vertex 40.65 4.8 14.785
      vertex 40.65 3.6 9.2
    endloop
  endfacet
  facet normal -1 0 0
    outer loop
      vertex 40.65 -4 14.785
      vertex 40.65 3.6 11.8
      vertex 40.65 -4 11.8
    endloop
  endfacet
  facet normal -1 0 0
    outer loop
      vertex 40.65 3.6 11.8
      vertex 40.65 -4 14.785
      vertex 40.65 4.8 14.785
    endloop
  endfacet
  facet normal 0 -1 0
    outer loop
      vertex 40.268 4.8 14.6467
      vertex 40.65 4.8 14.785
      vertex 40.4697 4.8 14.7439
    endloop
  endfacet
  facet normal 0 -1 0
    outer loop
      vertex 40.0929 4.8 14.5071
      vertex 40.65 4.8 14.785
      vertex 40.268 4.8 14.6467
    endloop
  endfacet
  facet normal 0 -1 0
    outer loop
      vertex 39.9533 4.8 14.332
      vertex 40.65 4.8 14.785
      vertex 40.0929 4.8 14.5071
    endloop
  endfacet
  facet normal 0 -1 0
    outer loop
      vertex 39.8561 4.8 14.1303
      vertex 40.65 4.8 14.785
      vertex 39.9533 4.8 14.332
    endloop
  endfacet
  facet normal 0 -1 0
    outer loop
      vertex 39.8063 4.8 13.912
      vertex 40.65 4.8 14.785
      vertex 39.8561 4.8 14.1303
    endloop
  endfacet
  facet normal 0 -1 0
    outer loop
      vertex 39.8063 4.8 3.68804
      vertex 40.65 4.8 14.785
      vertex 39.8063 4.8 13.912
    endloop
  endfacet
  facet normal 0 -1 0
    outer loop
      vertex 40.65 4.8 2.81497
      vertex 39.8063 4.8 3.68804
      vertex 39.8561 4.8 3.46972
    endloop
  endfacet
  facet normal 0 -1 0
    outer loop
      vertex 40.65 4.8 2.81497
      vertex 39.8561 4.8 3.46972
      vertex 39.9533 4.8 3.26797
    endloop
  endfacet
  facet normal 0 -1 0
    outer loop
      vertex 40.65 4.8 2.81497
      vertex 39.9533 4.8 3.26797
      vertex 40.0929 4.8 3.09289
    endloop
  endfacet
  facet normal 0 -1 0
    outer loop
      vertex 40.65 4.8 2.81497
      vertex 40.0929 4.8 3.09289
      vertex 40.268 4.8 2.95328
    endloop
  endfacet
  facet normal 0 -1 0
    outer loop
      vertex 40.65 4.8 2.81497
      vertex 40.268 4.8 2.95328
      vertex 40.4697 4.8 2.85612
    endloop
  endfacet
  facet normal 0 -1 0
    outer loop
      vertex 39.8063 4.8 3.68804
      vertex 40.65 4.8 2.81497
      vertex 40.65 4.8 14.785
    endloop
  endfacet
  facet normal 0 1 0
    outer loop
      vertex 40.65 -4 9.2
      vertex 39.8063 -4 3.68804
      vertex 39.8063 -4 9.2
    endloop
  endfacet
  facet normal 0 1 -0
    outer loop
      vertex 40.65 -4 2.81497
      vertex 39.8063 -4 3.68804
      vertex 40.65 -4 9.2
    endloop
  endfacet
  facet normal 0 1 0
    outer loop
      vertex 39.8063 -4 3.68804
      vertex 40.65 -4 2.81497
      vertex 39.8561 -4 3.46972
    endloop
  endfacet
  facet normal 0 1 0
    outer loop
      vertex 39.8561 -4 3.46972
      vertex 40.65 -4 2.81497
      vertex 39.9533 -4 3.26797
    endloop
  endfacet
  facet normal 0 1 0
    outer loop
      vertex 39.9533 -4 3.26797
      vertex 40.65 -4 2.81497
      vertex 40.0929 -4 3.09289
    endloop
  endfacet
  facet normal 0 1 0
    outer loop
      vertex 40.0929 -4 3.09289
      vertex 40.65 -4 2.81497
      vertex 40.268 -4 2.95328
    endloop
  endfacet
  facet normal 0 1 0
    outer loop
      vertex 40.268 -4 2.95328
      vertex 40.65 -4 2.81497
      vertex 40.4697 -4 2.85612
    endloop
  endfacet
  facet normal 0 1 0
    outer loop
      vertex 40.65 -4 14.785
      vertex 40.268 -4 14.6467
      vertex 40.4697 -4 14.7439
    endloop
  endfacet
  facet normal 0 1 0
    outer loop
      vertex 40.65 -4 14.785
      vertex 40.0929 -4 14.5071
      vertex 40.268 -4 14.6467
    endloop
  endfacet
  facet normal 0 1 0
    outer loop
      vertex 40.65 -4 14.785
      vertex 39.9533 -4 14.332
      vertex 40.0929 -4 14.5071
    endloop
  endfacet
  facet normal 0 1 0
    outer loop
      vertex 40.65 -4 14.785
      vertex 39.8561 -4 14.1303
      vertex 39.9533 -4 14.332
    endloop
  endfacet
  facet normal 0 1 0
    outer loop
      vertex 40.65 -4 14.785
      vertex 39.8063 -4 13.912
      vertex 39.8561 -4 14.1303
    endloop
  endfacet
  facet normal 0 1 -0
    outer loop
      vertex 40.65 -4 11.8
      vertex 39.8063 -4 13.912
      vertex 40.65 -4 14.785
    endloop
  endfacet
  facet normal 0 1 0
    outer loop
      vertex 39.8063 -4 13.912
      vertex 40.65 -4 11.8
      vertex 39.8063 -4 11.8
    endloop
  endfacet
  facet normal 1 0 0
    outer loop
      vertex 70.35 3.6 9.2
      vertex 70.35 4.8 14.785
      vertex 70.35 3.6 11.8
    endloop
  endfacet
  facet normal 1 -0 0
    outer loop
      vertex 70.35 -4 14.785
      vertex 70.35 3.6 11.8
      vertex 70.35 4.8 14.785
    endloop
  endfacet
  facet normal 1 0 0
    outer loop
      vertex 70.35 3.6 11.8
      vertex 70.35 -4 14.785
      vertex 70.35 -4 11.8
    endloop
  endfacet
  facet normal 1 0 0
    outer loop
      vertex 70.35 4.8 14.785
      vertex 70.35 3.6 9.2
      vertex 70.35 4.8 2.81497
    endloop
  endfacet
  facet normal 1 0 0
    outer loop
      vertex 70.35 -4 2.81497
      vertex 70.35 3.6 9.2
      vertex 70.35 -4 9.2
    endloop
  endfacet
  facet normal 1 0 0
    outer loop
      vertex 70.35 3.6 9.2
      vertex 70.35 -4 2.81497
      vertex 70.35 4.8 2.81497
    endloop
  endfacet
  facet normal 0 -1 0
    outer loop
      vertex 70.35 4.8 14.785
      vertex 70.732 4.8 14.6467
      vertex 70.5303 4.8 14.7439
    endloop
  endfacet
  facet normal 0 -1 0
    outer loop
      vertex 70.35 4.8 14.785
      vertex 70.9071 4.8 14.5071
      vertex 70.732 4.8 14.6467
    endloop
  endfacet
  facet normal 0 -1 0
    outer loop
      vertex 70.35 4.8 14.785
      vertex 71.0467 4.8 14.332
      vertex 70.9071 4.8 14.5071
    endloop
  endfacet
  facet normal 0 -1 0
    outer loop
      vertex 70.35 4.8 14.785
      vertex 71.1439 4.8 14.1303
      vertex 71.0467 4.8 14.332
    endloop
  endfacet
  facet normal 0 -1 0
    outer loop
      vertex 70.35 4.8 14.785
      vertex 71.1937 4.8 13.912
      vertex 71.1439 4.8 14.1303
    endloop
  endfacet
  facet normal 0 -1 0
    outer loop
      vertex 70.35 4.8 14.785
      vertex 71.1937 4.8 3.68804
      vertex 71.1937 4.8 13.912
    endloop
  endfacet
  facet normal 0 -1 0
    outer loop
      vertex 70.35 4.8 2.81497
      vertex 71.1937 4.8 3.68804
      vertex 70.35 4.8 14.785
    endloop
  endfacet
  facet normal 0 -1 0
    outer loop
      vertex 71.1937 4.8 3.68804
      vertex 70.35 4.8 2.81497
      vertex 71.1439 4.8 3.46972
    endloop
  endfacet
  facet normal 0 -1 0
    outer loop
      vertex 71.1439 4.8 3.46972
      vertex 70.35 4.8 2.81497
      vertex 71.0467 4.8 3.26797
    endloop
  endfacet
  facet normal 0 -1 0
    outer loop
      vertex 71.0467 4.8 3.26797
      vertex 70.35 4.8 2.81497
      vertex 70.9071 4.8 3.09289
    endloop
  endfacet
  facet normal 0 -1 0
    outer loop
      vertex 70.9071 4.8 3.09289
      vertex 70.35 4.8 2.81497
      vertex 70.732 4.8 2.95328
    endloop
  endfacet
  facet normal 0 -1 0
    outer loop
      vertex 70.732 4.8 2.95328
      vertex 70.35 4.8 2.81497
      vertex 70.5303 4.8 2.85612
    endloop
  endfacet
  facet normal 0 1 -0
    outer loop
      vertex 71.1937 -4 3.68804
      vertex 70.35 -4 9.2
      vertex 71.1937 -4 9.2
    endloop
  endfacet
  facet normal 0 1 0
    outer loop
      vertex 70.35 -4 2.81497
      vertex 71.1937 -4 3.68804
      vertex 71.1439 -4 3.46972
    endloop
  endfacet
  facet normal 0 1 0
    outer loop
      vertex 70.35 -4 2.81497
      vertex 71.1439 -4 3.46972
      vertex 71.0467 -4 3.26797
    endloop
  endfacet
  facet normal 0 1 0
    outer loop
      vertex 70.35 -4 2.81497
      vertex 71.0467 -4 3.26797
      vertex 70.9071 -4 3.09289
    endloop
  endfacet
  facet normal 0 1 0
    outer loop
      vertex 70.35 -4 2.81497
      vertex 70.9071 -4 3.09289
      vertex 70.732 -4 2.95328
    endloop
  endfacet
  facet normal 0 1 0
    outer loop
      vertex 70.35 -4 2.81497
      vertex 70.732 -4 2.95328
      vertex 70.5303 -4 2.85612
    endloop
  endfacet
  facet normal 0 1 0
    outer loop
      vertex 71.1937 -4 3.68804
      vertex 70.35 -4 2.81497
      vertex 70.35 -4 9.2
    endloop
  endfacet
  facet normal 0 1 0
    outer loop
      vertex 70.732 -4 14.6467
      vertex 70.35 -4 14.785
      vertex 70.5303 -4 14.7439
    endloop
  endfacet
  facet normal 0 1 0
    outer loop
      vertex 70.9071 -4 14.5071
      vertex 70.35 -4 14.785
      vertex 70.732 -4 14.6467
    endloop
  endfacet
  facet normal 0 1 0
    outer loop
      vertex 71.0467 -4 14.332
      vertex 70.35 -4 14.785
      vertex 70.9071 -4 14.5071
    endloop
  endfacet
  facet normal 0 1 0
    outer loop
      vertex 71.1439 -4 14.1303
      vertex 70.35 -4 14.785
      vertex 71.0467 -4 14.332
    endloop
  endfacet
  facet normal 0 1 0
    outer loop
      vertex 71.1937 -4 13.912
      vertex 70.35 -4 14.785
      vertex 71.1439 -4 14.1303
    endloop
  endfacet
  facet normal 0 1 0
    outer loop
      vertex 70.35 -4 11.8
      vertex 71.1937 -4 13.912
      vertex 71.1937 -4 11.8
    endloop
  endfacet
  facet normal 0 1 0
    outer loop
      vertex 71.1937 -4 13.912
      vertex 70.35 -4 11.8
      vertex 70.35 -4 14.785
    endloop
  endfacet
  facet normal 0.0738335 -0.211212 0.974648
    outer loop
      vertex 70.3433 -28.9976 14.7439
      vertex 70.2486 -28.8009 14.7937
      vertex 70.2735 -29.022 14.7439
    endloop
  endfacet
  facet normal -0.590747 -0.206663 0.779941
    outer loop
      vertex 40.2813 -28.8184 14.6467
      vertex 40.1106 -28.8573 14.5071
      vertex 40.1629 -29.0068 14.5071
    endloop
  endfacet
  facet normal 0.189067 -0.119505 0.974665
    outer loop
      vertex 70.3009 -28.7486 14.7937
      vertex 70.2875 -28.7698 14.7937
      vertex 70.4582 -28.9059 14.7439
    endloop
  endfacet
  facet normal 0.222377 0.0250062 0.97464
    outer loop
      vertex 70.522 28.7735 14.7439
      vertex 70.3092 28.7249 14.7937
      vertex 70.312 28.7 14.7937
    endloop
  endfacet
  facet normal 0.048683 -0.433389 -0.899891
    outer loop
      vertex 70.3184 -29.2187 2.95328
      vertex 70.2 -29.232 2.95328
      vertex 70.2735 -29.022 2.85612
    endloop
  endfacet
  facet normal -0.211317 -0.0740055 -0.974612
    outer loop
      vertex 40.6991 -28.7486 2.80629
      vertex 40.478 -28.7735 2.85612
      vertex 40.6908 -28.7249 2.80629
    endloop
  endfacet
  facet normal -0.663527 0.417133 0.621073
    outer loop
      vertex 40.138 29.2279 14.332
      vertex 40.0371 29.0674 14.332
      vertex 40.1629 29.0068 14.5071
    endloop
  endfacet
  facet normal -0.101158 0.89634 0.431673
    outer loop
      vertex 40.8 29.6439 14.1303
      vertex 40.59 29.6202 14.1303
      vertex 40.6116 29.5255 14.332
    endloop
  endfacet
  facet normal 0.479717 -0.763963 0.431546
    outer loop
      vertex 70.7885 -29.438 14.1303
      vertex 70.5674 -29.4629 14.332
      vertex 70.6095 -29.5504 14.1303
    endloop
  endfacet
  facet normal -0.433979 0 -0.900923
    outer loop
      vertex 40.268 4.8 2.95328
      vertex 40.4697 28.7 2.85612
      vertex 40.4697 4.8 2.85612
    endloop
  endfacet
  facet normal -0.433979 0 -0.900923
    outer loop
      vertex 40.4697 28.7 2.85612
      vertex 40.268 4.8 2.95328
      vertex 40.268 28.7 2.95328
    endloop
  endfacet
  facet normal -0.433979 0 -0.900923
    outer loop
      vertex 40.268 -28.7 2.95328
      vertex 40.4697 -4 2.85612
      vertex 40.4697 -28.7 2.85612
    endloop
  endfacet
  facet normal -0.433979 0 -0.900923
    outer loop
      vertex 40.4697 -4 2.85612
      vertex 40.268 -28.7 2.95328
      vertex 40.268 -4 2.95328
    endloop
  endfacet
  facet normal 0.0739632 -0.211196 0.974641
    outer loop
      vertex 70.2486 -28.8009 14.7937
      vertex 70.2249 -28.8092 14.7937
      vertex 70.2735 -29.022 14.7439
    endloop
  endfacet
  facet normal -0.434124 0 0.900853
    outer loop
      vertex 40.268 -4 14.6467
      vertex 40.4697 -28.7 14.7439
      vertex 40.4697 -4 14.7439
    endloop
  endfacet
  facet normal -0.434124 0 0.900853
    outer loop
      vertex 40.4697 -28.7 14.7439
      vertex 40.268 -4 14.6467
      vertex 40.268 -28.7 14.6467
    endloop
  endfacet
  facet normal -0.434124 0 0.900853
    outer loop
      vertex 40.268 28.7 14.6467
      vertex 40.4697 4.8 14.7439
      vertex 40.4697 28.7 14.7439
    endloop
  endfacet
  facet normal -0.434124 0 0.900853
    outer loop
      vertex 40.4697 4.8 14.7439
      vertex 40.268 28.7 14.6467
      vertex 40.268 4.8 14.6467
    endloop
  endfacet
  facet normal 0.222377 -0.0250062 0.97464
    outer loop
      vertex 70.312 -28.7 14.7937
      vertex 70.3092 -28.7249 14.7937
      vertex 70.522 -28.7735 14.7439
    endloop
  endfacet
  facet normal 0.846683 -0.532098 0
    outer loop
      vertex 70.9769 -29.3196 13.912
      vertex 71.0953 -29.1312 3.68804
      vertex 71.0953 -29.1312 13.912
    endloop
  endfacet
  facet normal 0.846683 -0.532098 0
    outer loop
      vertex 71.0953 -29.1312 3.68804
      vertex 70.9769 -29.3196 13.912
      vertex 70.9769 -29.3196 3.68804
    endloop
  endfacet
  facet normal -0.969128 -0.109142 0.221084
    outer loop
      vertex 39.8561 -28.7 14.1303
      vertex 39.8063 -28.7 13.912
      vertex 39.8312 -28.9211 13.912
    endloop
  endfacet
  facet normal 0.119573 -0.189175 -0.974636
    outer loop
      vertex 70.4059 -28.9582 2.85612
      vertex 70.2486 -28.8009 2.80629
      vertex 70.2698 -28.7875 2.80629
    endloop
  endfacet
  facet normal -0.920488 0.322055 -0.22132
    outer loop
      vertex 39.9496 29.1095 3.46972
      vertex 39.8798 28.91 3.46972
      vertex 39.9047 29.1312 3.68804
    endloop
  endfacet
  facet normal -0.211196 0.0739632 0.974641
    outer loop
      vertex 40.6991 28.7486 14.7937
      vertex 40.478 28.7735 14.7439
      vertex 40.6908 28.7249 14.7937
    endloop
  endfacet
  facet normal 0.206969 -0.590439 0.780093
    outer loop
      vertex 70.4308 -29.1793 14.6467
      vertex 70.3184 -29.2187 14.6467
      vertex 70.5068 -29.3371 14.5071
    endloop
  endfacet
  facet normal -0.109142 0.969133 -0.221065
    outer loop
      vertex 40.8 29.6439 3.46972
      vertex 40.5789 29.6688 3.68804
      vertex 40.8 29.6937 3.68804
    endloop
  endfacet
  facet normal -0.100853 0.89626 0.431911
    outer loop
      vertex 40.8 29.6439 14.1303
      vertex 40.6116 29.5255 14.332
      vertex 40.8 29.5467 14.332
    endloop
  endfacet
  facet normal -0.222377 -0.0250062 0.97464
    outer loop
      vertex 40.688 -28.7 14.7937
      vertex 40.478 -28.7735 14.7439
      vertex 40.6908 -28.7249 14.7937
    endloop
  endfacet
  facet normal 0.0250062 -0.222377 0.97464
    outer loop
      vertex 70.2249 -28.8092 14.7937
      vertex 70.2 -28.812 14.7937
      vertex 70.2735 -29.022 14.7439
    endloop
  endfacet
  facet normal 0.222342 0.025108 0.974645
    outer loop
      vertex 70.522 28.7735 14.7439
      vertex 70.312 28.7 14.7937
      vertex 70.5303 28.7 14.7439
    endloop
  endfacet
  facet normal 0.943907 0.33021 0
    outer loop
      vertex 71.1688 28.9211 13.912
      vertex 71.0953 29.1312 3.68804
      vertex 71.0953 29.1312 13.912
    endloop
  endfacet
  facet normal 0.943907 0.33021 0
    outer loop
      vertex 71.0953 29.1312 3.68804
      vertex 71.1688 28.9211 13.912
      vertex 71.1688 28.9211 3.68804
    endloop
  endfacet
  facet normal 0.621886 -0.069977 -0.779975
    outer loop
      vertex 70.8894 -28.8573 3.09289
      vertex 70.732 -28.7 2.95328
      vertex 70.9071 -28.7 3.09289
    endloop
  endfacet
  facet normal 0.896301 0.100858 -0.431824
    outer loop
      vertex 71.0467 28.7 3.26797
      vertex 71.0255 28.8884 3.26797
      vertex 71.1439 28.7 3.46972
    endloop
  endfacet
  facet normal 0.689602 0.689602 0.221128
    outer loop
      vertex 70.8196 29.4769 13.912
      vertex 70.938 29.2885 14.1303
      vertex 70.9769 29.3196 13.912
    endloop
  endfacet
  facet normal 0.689602 0.689602 0.221128
    outer loop
      vertex 70.938 29.2885 14.1303
      vertex 70.8196 29.4769 13.912
      vertex 70.7885 29.438 14.1303
    endloop
  endfacet
  facet normal 0.0489648 -0.433604 0.899772
    outer loop
      vertex 70.2 -29.0303 14.7439
      vertex 70.2 -29.232 14.6467
      vertex 70.2735 -29.022 14.7439
    endloop
  endfacet
  facet normal -0.332507 -0.530015 -0.780079
    outer loop
      vertex 40.4932 -29.3371 3.09289
      vertex 40.4683 -29.116 2.95328
      vertex 40.5692 -29.1793 2.95328
    endloop
  endfacet
  facet normal -0.974953 0 0.222412
    outer loop
      vertex 39.8063 -28.7 13.912
      vertex 39.8561 -4 14.1303
      vertex 39.8063 -4 13.912
    endloop
  endfacet
  facet normal -0.974953 0 0.222412
    outer loop
      vertex 39.8561 -4 14.1303
      vertex 39.8063 -28.7 13.912
      vertex 39.8561 -28.7 14.1303
    endloop
  endfacet
  facet normal -0.974953 0 0.222412
    outer loop
      vertex 39.8063 4.8 13.912
      vertex 39.8561 28.7 14.1303
      vertex 39.8063 28.7 13.912
    endloop
  endfacet
  facet normal -0.974953 0 0.222412
    outer loop
      vertex 39.8561 28.7 14.1303
      vertex 39.8063 4.8 13.912
      vertex 39.8561 4.8 14.1303
    endloop
  endfacet
  facet normal -0.763963 0.479717 0.431546
    outer loop
      vertex 40.062 29.2885 14.1303
      vertex 39.9496 29.1095 14.1303
      vertex 40.0371 29.0674 14.332
    endloop
  endfacet
  facet normal 0.222342 -0.025108 0.974645
    outer loop
      vertex 70.5303 -28.7 14.7439
      vertex 70.312 -28.7 14.7937
      vertex 70.522 -28.7735 14.7439
    endloop
  endfacet
  facet normal 0.119505 0.189067 0.974665
    outer loop
      vertex 70.4059 28.9582 14.7439
      vertex 70.2486 28.8009 14.7937
      vertex 70.2698 28.7875 14.7937
    endloop
  endfacet
  facet normal -0.433533 0.0486993 0.899821
    outer loop
      vertex 40.2813 28.8184 14.6467
      vertex 40.268 28.7 14.6467
      vertex 40.478 28.7735 14.7439
    endloop
  endfacet
  facet normal -0.144269 -0.411568 -0.899888
    outer loop
      vertex 40.6816 -29.2187 2.95328
      vertex 40.5692 -29.1793 2.95328
      vertex 40.7265 -29.022 2.85612
    endloop
  endfacet
  facet normal 0.689605 0.689605 -0.221108
    outer loop
      vertex 70.938 29.2885 3.46972
      vertex 70.8196 29.4769 3.68804
      vertex 70.9769 29.3196 3.68804
    endloop
  endfacet
  facet normal 0.689605 0.689605 -0.221108
    outer loop
      vertex 70.8196 29.4769 3.68804
      vertex 70.938 29.2885 3.46972
      vertex 70.7885 29.438 3.46972
    endloop
  endfacet
  facet normal 0.231825 0.369529 -0.899836
    outer loop
      vertex 70.5317 29.116 2.95328
      vertex 70.3433 28.9976 2.85612
      vertex 70.4308 29.1793 2.95328
    endloop
  endfacet
  facet normal -0.993718 -0.111911 0
    outer loop
      vertex 39.8312 -28.9211 3.68804
      vertex 39.8063 -28.7 13.912
      vertex 39.8063 -28.7 3.68804
    endloop
  endfacet
  facet normal -0.993718 -0.111911 0
    outer loop
      vertex 39.8063 -28.7 13.912
      vertex 39.8312 -28.9211 3.68804
      vertex 39.8312 -28.9211 13.912
    endloop
  endfacet
  facet normal -0.433604 -0.0489648 0.899772
    outer loop
      vertex 40.4697 -28.7 14.7439
      vertex 40.268 -28.7 14.6467
      vertex 40.478 -28.7735 14.7439
    endloop
  endfacet
  facet normal 0.119191 -0.189374 0.974644
    outer loop
      vertex 70.4059 -28.9582 14.7439
      vertex 70.2486 -28.8009 14.7937
      vertex 70.3433 -28.9976 14.7439
    endloop
  endfacet
  facet normal -0.223173 0 0.974779
    outer loop
      vertex 40.688 28.7 14.7937
      vertex 40.65 4.8 14.785
      vertex 40.688 -28.7 14.7937
    endloop
  endfacet
  facet normal -0.222412 -1.27256e-06 0.974953
    outer loop
      vertex 40.4697 28.7 14.7439
      vertex 40.65 4.8 14.785
      vertex 40.688 28.7 14.7937
    endloop
  endfacet
  facet normal -0.222252 0 0.974989
    outer loop
      vertex 40.65 4.8 14.785
      vertex 40.4697 28.7 14.7439
      vertex 40.4697 4.8 14.7439
    endloop
  endfacet
  facet normal -0.223173 0 0.974779
    outer loop
      vertex 40.65 -4 14.785
      vertex 40.688 -28.7 14.7937
      vertex 40.65 4.8 14.785
    endloop
  endfacet
  facet normal -0.222252 1.49092e-06 0.974989
    outer loop
      vertex 40.4697 -4 14.7439
      vertex 40.688 -28.7 14.7937
      vertex 40.65 -4 14.785
    endloop
  endfacet
  facet normal -0.222412 0 0.974953
    outer loop
      vertex 40.688 -28.7 14.7937
      vertex 40.4697 -4 14.7439
      vertex 40.4697 -28.7 14.7439
    endloop
  endfacet
  facet normal 0.969133 -0.109142 -0.221065
    outer loop
      vertex 71.1688 -28.9211 3.68804
      vertex 71.1439 -28.7 3.46972
      vertex 71.1937 -28.7 3.68804
    endloop
  endfacet
  facet normal -0.211196 -0.0739632 0.974641
    outer loop
      vertex 40.6908 -28.7249 14.7937
      vertex 40.478 -28.7735 14.7439
      vertex 40.6991 -28.7486 14.7937
    endloop
  endfacet
  facet normal 0.0876474 -0.778904 0.620988
    outer loop
      vertex 70.2 -29.4071 14.5071
      vertex 70.2 -29.5467 14.332
      vertex 70.3884 -29.5255 14.332
    endloop
  endfacet
  facet normal 0.189483 -0.119259 -0.974615
    outer loop
      vertex 70.4582 -28.9059 2.85612
      vertex 70.3009 -28.7486 2.80629
      vertex 70.4976 -28.8433 2.85612
    endloop
  endfacet
  facet normal 0.896381 0.101163 -0.431586
    outer loop
      vertex 71.1439 28.7 3.46972
      vertex 71.0255 28.8884 3.26797
      vertex 71.1202 28.91 3.46972
    endloop
  endfacet
  facet normal 0.322054 -0.920484 0.221339
    outer loop
      vertex 70.6095 -29.5504 14.1303
      vertex 70.41 -29.6202 14.1303
      vertex 70.6312 -29.5953 13.912
    endloop
  endfacet
  facet normal -0.89626 -0.100853 0.431911
    outer loop
      vertex 39.9533 -28.7 14.332
      vertex 39.8561 -28.7 14.1303
      vertex 39.9745 -28.8884 14.332
    endloop
  endfacet
  facet normal -0.332492 0.529992 0.780101
    outer loop
      vertex 40.4932 29.3371 14.5071
      vertex 40.4683 29.116 14.6467
      vertex 40.5692 29.1793 14.6467
    endloop
  endfacet
  facet normal -0.778904 -0.0876474 0.620988
    outer loop
      vertex 40.0929 -28.7 14.5071
      vertex 39.9533 -28.7 14.332
      vertex 39.9745 -28.8884 14.332
    endloop
  endfacet
  facet normal -0.778904 0.0876474 0.620988
    outer loop
      vertex 39.9745 28.8884 14.332
      vertex 39.9533 28.7 14.332
      vertex 40.0929 28.7 14.5071
    endloop
  endfacet
  facet normal 0.211212 0.0738335 0.974648
    outer loop
      vertex 70.4976 28.8433 14.7439
      vertex 70.3009 28.7486 14.7937
      vertex 70.522 28.7735 14.7439
    endloop
  endfacet
  facet normal 0 1 0
    outer loop
      vertex 70.2 29.6937 13.912
      vertex 59.7 29.6937 10.9853
      vertex 40.8 29.6937 13.912
    endloop
  endfacet
  facet normal 0 1 0
    outer loop
      vertex 70.2 29.6937 13.912
      vertex 59.8675 29.6937 10.9703
      vertex 59.7 29.6937 10.9853
    endloop
  endfacet
  facet normal 0 1 0
    outer loop
      vertex 70.2 29.6937 13.912
      vertex 59.9297 29.6937 10.9647
      vertex 59.8675 29.6937 10.9703
    endloop
  endfacet
  facet normal 0 1 0
    outer loop
      vertex 70.2 29.6937 13.912
      vertex 60.0287 29.6937 10.9384
      vertex 59.9297 29.6937 10.9647
    endloop
  endfacet
  facet normal 0 1 0
    outer loop
      vertex 70.2 29.6937 13.912
      vertex 60.1846 29.6937 10.8971
      vertex 60.0287 29.6937 10.9384
    endloop
  endfacet
  facet normal 0 1 0
    outer loop
      vertex 70.2 29.6937 13.912
      vertex 60.4758 29.6937 10.7728
      vertex 60.1846 29.6937 10.8971
    endloop
  endfacet
  facet normal 0 1 0
    outer loop
      vertex 70.2 29.6937 13.912
      vertex 60.5025 29.6937 10.7549
      vertex 60.4758 29.6937 10.7728
    endloop
  endfacet
  facet normal 0 1 0
    outer loop
      vertex 70.2 29.6937 13.912
      vertex 60.8356 29.6937 10.4577
      vertex 60.5025 29.6937 10.7549
    endloop
  endfacet
  facet normal 0 1 0
    outer loop
      vertex 70.2 29.6937 13.912
      vertex 60.9618 29.6937 10.2711
      vertex 60.8356 29.6937 10.4577
    endloop
  endfacet
  facet normal 0 1 0
    outer loop
      vertex 70.2 29.6937 13.912
      vertex 61.0616 29.6937 10.0945
      vertex 60.9618 29.6937 10.2711
    endloop
  endfacet
  facet normal 0 1 0
    outer loop
      vertex 70.2 29.6937 13.912
      vertex 61.1366 29.6937 9.81476
      vertex 61.0616 29.6937 10.0945
    endloop
  endfacet
  facet normal 0 1 0
    outer loop
      vertex 70.2 29.6937 13.912
      vertex 61.1669 29.6937 9.70153
      vertex 61.1366 29.6937 9.81476
    endloop
  endfacet
  facet normal 0 1 0
    outer loop
      vertex 70.2 29.6937 13.912
      vertex 61.1669 29.6937 7.89846
      vertex 61.1669 29.6937 9.70153
    endloop
  endfacet
  facet normal 0 1 -0
    outer loop
      vertex 70.2 29.6937 3.68804
      vertex 61.1669 29.6937 7.89846
      vertex 70.2 29.6937 13.912
    endloop
  endfacet
  facet normal 0 1 0
    outer loop
      vertex 61.1669 29.6937 7.89846
      vertex 70.2 29.6937 3.68804
      vertex 61.1366 29.6937 7.78523
    endloop
  endfacet
  facet normal 0 1 0
    outer loop
      vertex 61.1366 29.6937 7.78523
      vertex 70.2 29.6937 3.68804
      vertex 61.0616 29.6937 7.5055
    endloop
  endfacet
  facet normal 0 1 0
    outer loop
      vertex 61.0616 29.6937 7.5055
      vertex 70.2 29.6937 3.68804
      vertex 60.9618 29.6937 7.32894
    endloop
  endfacet
  facet normal 0 1 0
    outer loop
      vertex 60.9618 29.6937 7.32894
      vertex 70.2 29.6937 3.68804
      vertex 60.8356 29.6937 7.14234
    endloop
  endfacet
  facet normal 0 1 0
    outer loop
      vertex 70.2 29.6937 3.68804
      vertex 60.0287 29.6937 6.66156
      vertex 60.1846 29.6937 6.70288
    endloop
  endfacet
  facet normal 0 1 0
    outer loop
      vertex 59.7 29.6937 6.61468
      vertex 70.2 29.6937 3.68804
      vertex 51.3 29.6937 6.61468
    endloop
  endfacet
  facet normal 0 1 0
    outer loop
      vertex 59.8675 29.6937 6.62972
      vertex 70.2 29.6937 3.68804
      vertex 59.7 29.6937 6.61468
    endloop
  endfacet
  facet normal 0 1 0
    outer loop
      vertex 59.9297 29.6937 6.63532
      vertex 70.2 29.6937 3.68804
      vertex 59.8675 29.6937 6.62972
    endloop
  endfacet
  facet normal 0 1 0
    outer loop
      vertex 60.0287 29.6937 6.66156
      vertex 70.2 29.6937 3.68804
      vertex 59.9297 29.6937 6.63532
    endloop
  endfacet
  facet normal 0 1 0
    outer loop
      vertex 60.4758 29.6937 6.82721
      vertex 70.2 29.6937 3.68804
      vertex 60.1846 29.6937 6.70288
    endloop
  endfacet
  facet normal 0 1 0
    outer loop
      vertex 60.5025 29.6937 6.84514
      vertex 70.2 29.6937 3.68804
      vertex 60.4758 29.6937 6.82721
    endloop
  endfacet
  facet normal 0 1 0
    outer loop
      vertex 60.8356 29.6937 7.14234
      vertex 70.2 29.6937 3.68804
      vertex 60.5025 29.6937 6.84514
    endloop
  endfacet
  facet normal 0 1 -0
    outer loop
      vertex 51.3 29.6937 10.9853
      vertex 40.8 29.6937 13.912
      vertex 59.7 29.6937 10.9853
    endloop
  endfacet
  facet normal 0 1 -0
    outer loop
      vertex 51.1325 29.6937 10.9703
      vertex 40.8 29.6937 13.912
      vertex 51.3 29.6937 10.9853
    endloop
  endfacet
  facet normal 0 1 -0
    outer loop
      vertex 51.0703 29.6937 10.9647
      vertex 40.8 29.6937 13.912
      vertex 51.1325 29.6937 10.9703
    endloop
  endfacet
  facet normal 0 1 -0
    outer loop
      vertex 50.9713 29.6937 10.9384
      vertex 40.8 29.6937 13.912
      vertex 51.0703 29.6937 10.9647
    endloop
  endfacet
  facet normal 0 1 -0
    outer loop
      vertex 50.8154 29.6937 10.8971
      vertex 40.8 29.6937 13.912
      vertex 50.9713 29.6937 10.9384
    endloop
  endfacet
  facet normal 0 1 -0
    outer loop
      vertex 50.5242 29.6937 10.7728
      vertex 40.8 29.6937 13.912
      vertex 50.8154 29.6937 10.8971
    endloop
  endfacet
  facet normal 0 1 -0
    outer loop
      vertex 50.4975 29.6937 10.7549
      vertex 40.8 29.6937 13.912
      vertex 50.5242 29.6937 10.7728
    endloop
  endfacet
  facet normal 0 1 -0
    outer loop
      vertex 50.1644 29.6937 10.4577
      vertex 40.8 29.6937 13.912
      vertex 50.4975 29.6937 10.7549
    endloop
  endfacet
  facet normal 0 1 -0
    outer loop
      vertex 50.0382 29.6937 10.2711
      vertex 40.8 29.6937 13.912
      vertex 50.1644 29.6937 10.4577
    endloop
  endfacet
  facet normal 0 1 -0
    outer loop
      vertex 49.9384 29.6937 10.0945
      vertex 40.8 29.6937 13.912
      vertex 50.0382 29.6937 10.2711
    endloop
  endfacet
  facet normal 0 1 -0
    outer loop
      vertex 49.8634 29.6937 9.81476
      vertex 40.8 29.6937 13.912
      vertex 49.9384 29.6937 10.0945
    endloop
  endfacet
  facet normal 0 1 -0
    outer loop
      vertex 49.8331 29.6937 9.70153
      vertex 40.8 29.6937 13.912
      vertex 49.8634 29.6937 9.81476
    endloop
  endfacet
  facet normal 0 1 -0
    outer loop
      vertex 49.8331 29.6937 7.89846
      vertex 40.8 29.6937 13.912
      vertex 49.8331 29.6937 9.70153
    endloop
  endfacet
  facet normal 0 1 0
    outer loop
      vertex 40.8 29.6937 3.68804
      vertex 49.8331 29.6937 7.89846
      vertex 49.8634 29.6937 7.78523
    endloop
  endfacet
  facet normal 0 1 0
    outer loop
      vertex 40.8 29.6937 3.68804
      vertex 49.8634 29.6937 7.78523
      vertex 49.9384 29.6937 7.5055
    endloop
  endfacet
  facet normal 0 1 0
    outer loop
      vertex 40.8 29.6937 3.68804
      vertex 49.9384 29.6937 7.5055
      vertex 50.0382 29.6937 7.32894
    endloop
  endfacet
  facet normal 0 1 0
    outer loop
      vertex 40.8 29.6937 3.68804
      vertex 50.0382 29.6937 7.32894
      vertex 50.1644 29.6937 7.14234
    endloop
  endfacet
  facet normal 0 1 0
    outer loop
      vertex 40.8 29.6937 3.68804
      vertex 50.1644 29.6937 7.14234
      vertex 50.4975 29.6937 6.84514
    endloop
  endfacet
  facet normal 0 1 0
    outer loop
      vertex 40.8 29.6937 3.68804
      vertex 50.9713 29.6937 6.66156
      vertex 51.0703 29.6937 6.63532
    endloop
  endfacet
  facet normal 0 1 0
    outer loop
      vertex 40.8 29.6937 3.68804
      vertex 51.3 29.6937 6.61468
      vertex 70.2 29.6937 3.68804
    endloop
  endfacet
  facet normal 0 1 0
    outer loop
      vertex 51.3 29.6937 6.61468
      vertex 40.8 29.6937 3.68804
      vertex 51.1325 29.6937 6.62972
    endloop
  endfacet
  facet normal 0 1 0
    outer loop
      vertex 49.8331 29.6937 7.89846
      vertex 40.8 29.6937 3.68804
      vertex 40.8 29.6937 13.912
    endloop
  endfacet
  facet normal 0 1 0
    outer loop
      vertex 50.5242 29.6937 6.82721
      vertex 40.8 29.6937 3.68804
      vertex 50.4975 29.6937 6.84514
    endloop
  endfacet
  facet normal 0 1 0
    outer loop
      vertex 50.8154 29.6937 6.70288
      vertex 40.8 29.6937 3.68804
      vertex 50.5242 29.6937 6.82721
    endloop
  endfacet
  facet normal 0 1 0
    outer loop
      vertex 50.9713 29.6937 6.66156
      vertex 40.8 29.6937 3.68804
      vertex 50.8154 29.6937 6.70288
    endloop
  endfacet
  facet normal 0 1 0
    outer loop
      vertex 51.1325 29.6937 6.62972
      vertex 40.8 29.6937 3.68804
      vertex 51.0703 29.6937 6.63532
    endloop
  endfacet
  facet normal -0.189067 0.119505 0.974665
    outer loop
      vertex 40.7125 28.7698 14.7937
      vertex 40.5418 28.9059 14.7439
      vertex 40.6991 28.7486 14.7937
    endloop
  endfacet
  facet normal -0.369652 -0.231903 0.899766
    outer loop
      vertex 40.5024 -28.8433 14.7439
      vertex 40.3207 -28.9308 14.6467
      vertex 40.384 -29.0317 14.6467
    endloop
  endfacet
  facet normal -0.025108 0.222342 0.974645
    outer loop
      vertex 40.8 29.0303 14.7439
      vertex 40.7265 29.022 14.7439
      vertex 40.8 28.812 14.7937
    endloop
  endfacet
  facet normal 0 0.974953 0.222412
    outer loop
      vertex 70.2 29.6937 13.912
      vertex 40.8 29.6439 14.1303
      vertex 70.2 29.6439 14.1303
    endloop
  endfacet
  facet normal 0 0.974953 0.222412
    outer loop
      vertex 40.8 29.6439 14.1303
      vertex 70.2 29.6937 13.912
      vertex 40.8 29.6937 13.912
    endloop
  endfacet
  facet normal -0.109365 0.969054 0.221301
    outer loop
      vertex 40.8 29.6439 14.1303
      vertex 40.5789 29.6688 13.912
      vertex 40.59 29.6202 14.1303
    endloop
  endfacet
  facet normal 0.333142 0.529945 -0.779855
    outer loop
      vertex 70.5317 29.116 2.95328
      vertex 70.5068 29.3371 3.09289
      vertex 70.6409 29.2528 3.09289
    endloop
  endfacet
  facet normal -0.480041 0.763594 -0.431839
    outer loop
      vertex 40.2721 29.362 3.26797
      vertex 40.2115 29.438 3.46972
      vertex 40.4326 29.4629 3.26797
    endloop
  endfacet
  facet normal 0.532098 0.846683 -0
    outer loop
      vertex 70.8196 29.4769 3.68804
      vertex 70.6312 29.5953 13.912
      vertex 70.8196 29.4769 13.912
    endloop
  endfacet
  facet normal 0.532098 0.846683 0
    outer loop
      vertex 70.6312 29.5953 13.912
      vertex 70.8196 29.4769 3.68804
      vertex 70.6312 29.5953 3.68804
    endloop
  endfacet
  facet normal 0 -0.22254 -0.974924
    outer loop
      vertex 40.8 -29.0303 2.85612
      vertex 70.2 -28.812 2.80629
      vertex 70.2 -29.0303 2.85612
    endloop
  endfacet
  facet normal -0 -0.22254 -0.974924
    outer loop
      vertex 70.2 -28.812 2.80629
      vertex 40.8 -29.0303 2.85612
      vertex 40.8 -28.812 2.80629
    endloop
  endfacet
  facet normal 0.332507 0.530015 -0.780079
    outer loop
      vertex 70.5317 29.116 2.95328
      vertex 70.4308 29.1793 2.95328
      vertex 70.5068 29.3371 3.09289
    endloop
  endfacet
  facet normal -0.621859 -0.069974 0.779997
    outer loop
      vertex 40.268 -28.7 14.6467
      vertex 40.0929 -28.7 14.5071
      vertex 40.1106 -28.8573 14.5071
    endloop
  endfacet
  facet normal -0.206969 -0.590439 0.780093
    outer loop
      vertex 40.5692 -29.1793 14.6467
      vertex 40.4932 -29.3371 14.5071
      vertex 40.6816 -29.2187 14.6467
    endloop
  endfacet
  facet normal 0.144011 -0.411967 0.899747
    outer loop
      vertex 70.3433 -28.9976 14.7439
      vertex 70.2735 -29.022 14.7439
      vertex 70.4308 -29.1793 14.6467
    endloop
  endfacet
  facet normal 0.025108 -0.222342 0.974645
    outer loop
      vertex 70.2 -28.812 14.7937
      vertex 70.2 -29.0303 14.7439
      vertex 70.2735 -29.022 14.7439
    endloop
  endfacet
  facet normal -0.739821 -0.258731 0.621066
    outer loop
      vertex 40.1629 -29.0068 14.5071
      vertex 39.9745 -28.8884 14.332
      vertex 40.0371 -29.0674 14.332
    endloop
  endfacet
  facet normal -0.763558 0.480019 0.431927
    outer loop
      vertex 40.062 29.2885 14.1303
      vertex 40.0371 29.0674 14.332
      vertex 40.138 29.2279 14.332
    endloop
  endfacet
  facet normal 0 -0.974957 -0.222393
    outer loop
      vertex 40.8 -29.6439 3.46972
      vertex 70.2 -29.6937 3.68804
      vertex 40.8 -29.6937 3.68804
    endloop
  endfacet
  facet normal 0 -0.974957 -0.222393
    outer loop
      vertex 70.2 -29.6937 3.68804
      vertex 40.8 -29.6439 3.46972
      vertex 70.2 -29.6439 3.46972
    endloop
  endfacet
  facet normal 0.433604 -0.0489648 0.899772
    outer loop
      vertex 70.5303 -28.7 14.7439
      vertex 70.522 -28.7735 14.7439
      vertex 70.732 -28.7 14.6467
    endloop
  endfacet
  facet normal 0.532098 -0.846683 0
    outer loop
      vertex 70.6312 -29.5953 3.68804
      vertex 70.8196 -29.4769 13.912
      vertex 70.6312 -29.5953 13.912
    endloop
  endfacet
  facet normal 0.532098 -0.846683 0
    outer loop
      vertex 70.8196 -29.4769 13.912
      vertex 70.6312 -29.5953 3.68804
      vertex 70.8196 -29.4769 3.68804
    endloop
  endfacet
  facet normal 0.0486993 -0.433533 0.899821
    outer loop
      vertex 70.2735 -29.022 14.7439
      vertex 70.2 -29.232 14.6467
      vertex 70.3184 -29.2187 14.6467
    endloop
  endfacet
  facet normal 0.332492 -0.529992 0.780101
    outer loop
      vertex 70.5317 -29.116 14.6467
      vertex 70.4308 -29.1793 14.6467
      vertex 70.5068 -29.3371 14.5071
    endloop
  endfacet
  facet normal -0.333128 -0.529922 0.779877
    outer loop
      vertex 40.4683 -29.116 14.6467
      vertex 40.3591 -29.2528 14.5071
      vertex 40.4932 -29.3371 14.5071
    endloop
  endfacet
  facet normal 0.144317 -0.411705 0.899817
    outer loop
      vertex 70.4308 -29.1793 14.6467
      vertex 70.2735 -29.022 14.7439
      vertex 70.3184 -29.2187 14.6467
    endloop
  endfacet
  facet normal 0.189175 -0.119573 -0.974636
    outer loop
      vertex 70.4582 -28.9059 2.85612
      vertex 70.2875 -28.7698 2.80629
      vertex 70.3009 -28.7486 2.80629
    endloop
  endfacet
  facet normal 0.297793 -0.851516 0.431555
    outer loop
      vertex 70.5674 -29.4629 14.332
      vertex 70.3884 -29.5255 14.332
      vertex 70.6095 -29.5504 14.1303
    endloop
  endfacet
  facet normal 0.0250205 0.222504 -0.974611
    outer loop
      vertex 70.2249 28.8092 2.80629
      vertex 70.2 28.812 2.80629
      vertex 70.2735 29.022 2.85612
    endloop
  endfacet
  facet normal -0.232233 0.368979 -0.899957
    outer loop
      vertex 40.5941 28.9582 2.85612
      vertex 40.4683 29.116 2.95328
      vertex 40.6567 28.9976 2.85612
    endloop
  endfacet
  facet normal 0.33021 -0.943907 0
    outer loop
      vertex 70.4211 -29.6688 3.68804
      vertex 70.6312 -29.5953 13.912
      vertex 70.4211 -29.6688 13.912
    endloop
  endfacet
  facet normal 0.33021 -0.943907 0
    outer loop
      vertex 70.6312 -29.5953 13.912
      vertex 70.4211 -29.6688 3.68804
      vertex 70.6312 -29.5953 3.68804
    endloop
  endfacet
  facet normal -0.969133 0.109142 -0.221065
    outer loop
      vertex 39.8561 28.7 3.46972
      vertex 39.8063 28.7 3.68804
      vertex 39.8312 28.9211 3.68804
    endloop
  endfacet
  facet normal 0.0489485 -0.433459 -0.899843
    outer loop
      vertex 70.2735 -29.022 2.85612
      vertex 70.2 -29.232 2.95328
      vertex 70.2 -29.0303 2.85612
    endloop
  endfacet
  facet normal 0.518935 -0.825738 -0.221052
    outer loop
      vertex 70.8196 -29.4769 3.68804
      vertex 70.6312 -29.5953 3.68804
      vertex 70.7885 -29.438 3.46972
    endloop
  endfacet
  facet normal -0.707107 -0.707107 0
    outer loop
      vertex 40.1804 -29.4769 3.68804
      vertex 40.0231 -29.3196 13.912
      vertex 40.0231 -29.3196 3.68804
    endloop
  endfacet
  facet normal -0.707107 -0.707107 0
    outer loop
      vertex 40.0231 -29.3196 13.912
      vertex 40.1804 -29.4769 3.68804
      vertex 40.1804 -29.4769 13.912
    endloop
  endfacet
  facet normal 0.101163 -0.896381 -0.431586
    outer loop
      vertex 70.41 -29.6202 3.46972
      vertex 70.2 -29.6439 3.46972
      vertex 70.3884 -29.5255 3.26797
    endloop
  endfacet
  facet normal 0.222509 0 -0.974931
    outer loop
      vertex 70.5303 -28.7 2.85612
      vertex 70.35 -4 2.81497
      vertex 70.5303 -4 2.85612
    endloop
  endfacet
  facet normal 0.222685 0 -0.97489
    outer loop
      vertex 70.35 -4 2.81497
      vertex 70.312 -28.7 2.80629
      vertex 70.35 4.8 2.81497
    endloop
  endfacet
  facet normal 0.22254 2.35775e-07 -0.974924
    outer loop
      vertex 70.312 -28.7 2.80629
      vertex 70.35 -4 2.81497
      vertex 70.5303 -28.7 2.85612
    endloop
  endfacet
  facet normal 0.222509 0 -0.974931
    outer loop
      vertex 70.35 4.8 2.81497
      vertex 70.5303 28.7 2.85612
      vertex 70.5303 4.8 2.85612
    endloop
  endfacet
  facet normal 0.22254 -2.43667e-07 -0.974924
    outer loop
      vertex 70.35 4.8 2.81497
      vertex 70.312 28.7 2.80629
      vertex 70.5303 28.7 2.85612
    endloop
  endfacet
  facet normal 0.222685 0 -0.97489
    outer loop
      vertex 70.312 28.7 2.80629
      vertex 70.35 4.8 2.81497
      vertex 70.312 -28.7 2.80629
    endloop
  endfacet
  facet normal -0.308314 -0.308314 -0.899936
    outer loop
      vertex 40.4683 -29.116 2.95328
      vertex 40.5418 -28.9059 2.85612
      vertex 40.5941 -28.9582 2.85612
    endloop
  endfacet
  facet normal -0.308314 -0.308314 -0.899936
    outer loop
      vertex 40.5418 -28.9059 2.85612
      vertex 40.4683 -29.116 2.95328
      vertex 40.384 -29.0317 2.95328
    endloop
  endfacet
  facet normal -0.900853 0 0.434124
    outer loop
      vertex 39.8561 -28.7 14.1303
      vertex 39.9533 -4 14.332
      vertex 39.8561 -4 14.1303
    endloop
  endfacet
  facet normal -0.900853 0 0.434124
    outer loop
      vertex 39.9533 -4 14.332
      vertex 39.8561 -28.7 14.1303
      vertex 39.9533 -28.7 14.332
    endloop
  endfacet
  facet normal -0.900853 0 0.434124
    outer loop
      vertex 39.8561 4.8 14.1303
      vertex 39.9533 28.7 14.332
      vertex 39.8561 28.7 14.1303
    endloop
  endfacet
  facet normal -0.900853 0 0.434124
    outer loop
      vertex 39.9533 28.7 14.332
      vertex 39.8561 4.8 14.1303
      vertex 39.9533 4.8 14.332
    endloop
  endfacet
  facet normal -0.969054 -0.109365 0.221301
    outer loop
      vertex 39.8561 -28.7 14.1303
      vertex 39.8312 -28.9211 13.912
      vertex 39.8798 -28.91 14.1303
    endloop
  endfacet
  facet normal -0.0738335 0.211212 0.974648
    outer loop
      vertex 40.7265 29.022 14.7439
      vertex 40.6567 28.9976 14.7439
      vertex 40.7514 28.8009 14.7937
    endloop
  endfacet
  facet normal -0.222377 0.0250062 0.97464
    outer loop
      vertex 40.6908 28.7249 14.7937
      vertex 40.478 28.7735 14.7439
      vertex 40.688 28.7 14.7937
    endloop
  endfacet
  facet normal 0.778904 0.0876474 0.620988
    outer loop
      vertex 71.0255 28.8884 14.332
      vertex 70.9071 28.7 14.5071
      vertex 71.0467 28.7 14.332
    endloop
  endfacet
  facet normal -0.23231 0.369102 0.899886
    outer loop
      vertex 40.6567 28.9976 14.7439
      vertex 40.4683 29.116 14.6467
      vertex 40.5941 28.9582 14.7439
    endloop
  endfacet
  facet normal -0.739831 0.258817 0.621018
    outer loop
      vertex 40.1629 29.0068 14.5071
      vertex 39.9745 28.8884 14.332
      vertex 40.1106 28.8573 14.5071
    endloop
  endfacet
  facet normal -0.144269 0.411568 -0.899888
    outer loop
      vertex 40.7265 29.022 2.85612
      vertex 40.5692 29.1793 2.95328
      vertex 40.6816 29.2187 2.95328
    endloop
  endfacet
  facet normal 0.479717 0.763963 0.431546
    outer loop
      vertex 70.6095 29.5504 14.1303
      vertex 70.5674 29.4629 14.332
      vertex 70.7885 29.438 14.1303
    endloop
  endfacet
  facet normal -0.119505 0.189067 0.974665
    outer loop
      vertex 40.7514 28.8009 14.7937
      vertex 40.5941 28.9582 14.7439
      vertex 40.7302 28.7875 14.7937
    endloop
  endfacet
  facet normal 0.763558 0.480019 0.431927
    outer loop
      vertex 70.938 29.2885 14.1303
      vertex 70.862 29.2279 14.332
      vertex 70.9629 29.0674 14.332
    endloop
  endfacet
  facet normal 0 0.623414 -0.781892
    outer loop
      vertex 40.8 29.232 2.95328
      vertex 70.2 29.4071 3.09289
      vertex 70.2 29.232 2.95328
    endloop
  endfacet
  facet normal 0 0.623414 -0.781892
    outer loop
      vertex 70.2 29.4071 3.09289
      vertex 40.8 29.232 2.95328
      vertex 40.8 29.4071 3.09289
    endloop
  endfacet
  facet normal -0.258719 0.739789 -0.621109
    outer loop
      vertex 40.4932 29.3371 3.09289
      vertex 40.4326 29.4629 3.26797
      vertex 40.6116 29.5255 3.26797
    endloop
  endfacet
  facet normal 0.518587 0.825864 -0.221394
    outer loop
      vertex 70.7885 29.438 3.46972
      vertex 70.6095 29.5504 3.46972
      vertex 70.6312 29.5953 3.68804
    endloop
  endfacet
  facet normal 0.763998 0.47974 -0.431459
    outer loop
      vertex 70.9629 29.0674 3.26797
      vertex 70.938 29.2885 3.46972
      vertex 71.0504 29.1095 3.46972
    endloop
  endfacet
  facet normal 0.825864 -0.518587 -0.221394
    outer loop
      vertex 71.0953 -29.1312 3.68804
      vertex 70.938 -29.2885 3.46972
      vertex 71.0504 -29.1095 3.46972
    endloop
  endfacet
  facet normal 0.530015 0.332507 -0.780079
    outer loop
      vertex 70.6793 28.9308 2.95328
      vertex 70.616 29.0317 2.95328
      vertex 70.8371 29.0068 3.09289
    endloop
  endfacet
  facet normal 0.825864 0.518587 -0.221394
    outer loop
      vertex 71.0504 29.1095 3.46972
      vertex 70.938 29.2885 3.46972
      vertex 71.0953 29.1312 3.68804
    endloop
  endfacet
  facet normal 0.920507 0.322024 -0.221286
    outer loop
      vertex 71.1202 28.91 3.46972
      vertex 71.0953 29.1312 3.68804
      vertex 71.1688 28.9211 3.68804
    endloop
  endfacet
  facet normal -0.22247 0.0251224 -0.974616
    outer loop
      vertex 40.688 28.7 2.80629
      vertex 40.4697 28.7 2.85612
      vertex 40.478 28.7735 2.85612
    endloop
  endfacet
  facet normal 0.048683 0.433389 -0.899891
    outer loop
      vertex 70.2735 29.022 2.85612
      vertex 70.2 29.232 2.95328
      vertex 70.3184 29.2187 2.95328
    endloop
  endfacet
  facet normal 0.119259 -0.189483 -0.974615
    outer loop
      vertex 70.3433 -28.9976 2.85612
      vertex 70.2486 -28.8009 2.80629
      vertex 70.4059 -28.9582 2.85612
    endloop
  endfacet
  facet normal -0.069974 0.621859 0.779997
    outer loop
      vertex 40.8 29.4071 14.5071
      vertex 40.6427 29.3894 14.5071
      vertex 40.8 29.232 14.6467
    endloop
  endfacet
  facet normal -0.433533 -0.0486993 0.899821
    outer loop
      vertex 40.478 -28.7735 14.7439
      vertex 40.268 -28.7 14.6467
      vertex 40.2813 -28.8184 14.6467
    endloop
  endfacet
  facet normal 0.189067 0.119505 0.974665
    outer loop
      vertex 70.4582 28.9059 14.7439
      vertex 70.2875 28.7698 14.7937
      vertex 70.3009 28.7486 14.7937
    endloop
  endfacet
  facet normal -0.111911 -0.993718 0
    outer loop
      vertex 40.5789 -29.6688 3.68804
      vertex 40.8 -29.6937 13.912
      vertex 40.5789 -29.6688 13.912
    endloop
  endfacet
  facet normal -0.111911 -0.993718 -0
    outer loop
      vertex 40.8 -29.6937 13.912
      vertex 40.5789 -29.6688 3.68804
      vertex 40.8 -29.6937 3.68804
    endloop
  endfacet
  facet normal -0.62193 -0.0698621 0.77995
    outer loop
      vertex 40.268 -28.7 14.6467
      vertex 40.1106 -28.8573 14.5071
      vertex 40.2813 -28.8184 14.6467
    endloop
  endfacet
  facet normal -0.417133 -0.663527 0.621073
    outer loop
      vertex 40.4932 -29.3371 14.5071
      vertex 40.2721 -29.362 14.332
      vertex 40.4326 -29.4629 14.332
    endloop
  endfacet
  facet normal 0 -0.974953 0.222412
    outer loop
      vertex 40.8 -29.6937 13.912
      vertex 70.2 -29.6439 14.1303
      vertex 40.8 -29.6439 14.1303
    endloop
  endfacet
  facet normal 0 -0.974953 0.222412
    outer loop
      vertex 70.2 -29.6439 14.1303
      vertex 40.8 -29.6937 13.912
      vertex 70.2 -29.6937 13.912
    endloop
  endfacet
  facet normal 0.433533 -0.0486993 0.899821
    outer loop
      vertex 70.732 -28.7 14.6467
      vertex 70.522 -28.7735 14.7439
      vertex 70.7187 -28.8184 14.6467
    endloop
  endfacet
  facet normal 0.943907 -0.33021 0
    outer loop
      vertex 71.0953 -29.1312 13.912
      vertex 71.1688 -28.9211 3.68804
      vertex 71.1688 -28.9211 13.912
    endloop
  endfacet
  facet normal 0.943907 -0.33021 0
    outer loop
      vertex 71.1688 -28.9211 3.68804
      vertex 71.0953 -29.1312 13.912
      vertex 71.0953 -29.1312 3.68804
    endloop
  endfacet
  facet normal -0.308417 -0.308417 0.899866
    outer loop
      vertex 40.5418 -28.9059 14.7439
      vertex 40.4683 -29.116 14.6467
      vertex 40.5941 -28.9582 14.7439
    endloop
  endfacet
  facet normal -0.308417 -0.308417 0.899866
    outer loop
      vertex 40.4683 -29.116 14.6467
      vertex 40.5418 -28.9059 14.7439
      vertex 40.384 -29.0317 14.6467
    endloop
  endfacet
  facet normal 0.920484 -0.322054 0.221339
    outer loop
      vertex 71.1202 -28.91 14.1303
      vertex 71.0504 -29.1095 14.1303
      vertex 71.0953 -29.1312 13.912
    endloop
  endfacet
  facet normal 0.433533 0.0486993 0.899821
    outer loop
      vertex 70.7187 28.8184 14.6467
      vertex 70.522 28.7735 14.7439
      vertex 70.732 28.7 14.6467
    endloop
  endfacet
  facet normal 0.158206 -0.158206 0.97465
    outer loop
      vertex 70.2875 -28.7698 14.7937
      vertex 70.4059 -28.9582 14.7439
      vertex 70.4582 -28.9059 14.7439
    endloop
  endfacet
  facet normal 0.158206 -0.158206 0.97465
    outer loop
      vertex 70.4059 -28.9582 14.7439
      vertex 70.2875 -28.7698 14.7937
      vertex 70.2698 -28.7875 14.7937
    endloop
  endfacet
  facet normal 0.89626 -0.100853 0.431911
    outer loop
      vertex 71.0467 -28.7 14.332
      vertex 71.0255 -28.8884 14.332
      vertex 71.1439 -28.7 14.1303
    endloop
  endfacet
  facet normal 0.333128 -0.529922 0.779877
    outer loop
      vertex 70.5317 -29.116 14.6467
      vertex 70.5068 -29.3371 14.5071
      vertex 70.6409 -29.2528 14.5071
    endloop
  endfacet
  facet normal 0.101158 -0.89634 0.431673
    outer loop
      vertex 70.3884 -29.5255 14.332
      vertex 70.2 -29.6439 14.1303
      vertex 70.41 -29.6202 14.1303
    endloop
  endfacet
  facet normal 0.518585 -0.825861 0.221413
    outer loop
      vertex 70.7885 -29.438 14.1303
      vertex 70.6095 -29.5504 14.1303
      vertex 70.6312 -29.5953 13.912
    endloop
  endfacet
  facet normal 0.417106 -0.663511 -0.621108
    outer loop
      vertex 70.7279 -29.362 3.26797
      vertex 70.5068 -29.3371 3.09289
      vertex 70.6409 -29.2528 3.09289
    endloop
  endfacet
  facet normal 0.77887 0.0876435 -0.621032
    outer loop
      vertex 71.0467 28.7 3.26797
      vertex 70.9071 28.7 3.09289
      vertex 71.0255 28.8884 3.26797
    endloop
  endfacet
  facet normal -0.417106 0.663511 -0.621108
    outer loop
      vertex 40.3591 29.2528 3.09289
      vertex 40.2721 29.362 3.26797
      vertex 40.4932 29.3371 3.09289
    endloop
  endfacet
  facet normal -0.433459 0.0489485 -0.899843
    outer loop
      vertex 40.4697 28.7 2.85612
      vertex 40.268 28.7 2.95328
      vertex 40.478 28.7735 2.85612
    endloop
  endfacet
  facet normal -0.189483 -0.119259 -0.974615
    outer loop
      vertex 40.5418 -28.9059 2.85612
      vertex 40.5024 -28.8433 2.85612
      vertex 40.6991 -28.7486 2.80629
    endloop
  endfacet
  facet normal -0.222504 -0.0250205 -0.974611
    outer loop
      vertex 40.6908 -28.7249 2.80629
      vertex 40.478 -28.7735 2.85612
      vertex 40.688 -28.7 2.80629
    endloop
  endfacet
  facet normal -0.119573 -0.189175 -0.974636
    outer loop
      vertex 40.7514 -28.8009 2.80629
      vertex 40.5941 -28.9582 2.85612
      vertex 40.7302 -28.7875 2.80629
    endloop
  endfacet
  facet normal 0 0.22254 -0.974924
    outer loop
      vertex 40.8 28.812 2.80629
      vertex 70.2 29.0303 2.85612
      vertex 70.2 28.812 2.80629
    endloop
  endfacet
  facet normal 0 0.22254 -0.974924
    outer loop
      vertex 70.2 29.0303 2.85612
      vertex 40.8 28.812 2.80629
      vertex 40.8 29.0303 2.85612
    endloop
  endfacet
  facet normal 0.41183 -0.143963 -0.899817
    outer loop
      vertex 70.6793 -28.9308 2.95328
      vertex 70.4976 -28.8433 2.85612
      vertex 70.522 -28.7735 2.85612
    endloop
  endfacet
  facet normal -0.663511 -0.417106 -0.621108
    outer loop
      vertex 40.2472 -29.1409 3.09289
      vertex 40.138 -29.2279 3.26797
      vertex 40.1629 -29.0068 3.09289
    endloop
  endfacet
  facet normal -0.0489485 -0.433459 -0.899843
    outer loop
      vertex 40.8 -29.232 2.95328
      vertex 40.7265 -29.022 2.85612
      vertex 40.8 -29.0303 2.85612
    endloop
  endfacet
  facet normal -0.069977 -0.621886 -0.779975
    outer loop
      vertex 40.8 -29.4071 3.09289
      vertex 40.6427 -29.3894 3.09289
      vertex 40.8 -29.232 2.95328
    endloop
  endfacet
  facet normal 0.763594 -0.480041 -0.431839
    outer loop
      vertex 70.938 -29.2885 3.46972
      vertex 70.862 -29.2279 3.26797
      vertex 70.9629 -29.0674 3.26797
    endloop
  endfacet
  facet normal 0.590465 -0.206978 -0.780071
    outer loop
      vertex 70.8371 -29.0068 3.09289
      vertex 70.6793 -28.9308 2.95328
      vertex 70.7187 -28.8184 2.95328
    endloop
  endfacet
  facet normal 0.297806 -0.851555 -0.431468
    outer loop
      vertex 70.6095 -29.5504 3.46972
      vertex 70.3884 -29.5255 3.26797
      vertex 70.5674 -29.4629 3.26797
    endloop
  endfacet
  facet normal -0.109142 -0.969128 0.221084
    outer loop
      vertex 40.8 -29.6439 14.1303
      vertex 40.5789 -29.6688 13.912
      vertex 40.8 -29.6937 13.912
    endloop
  endfacet
  facet normal -0.479717 -0.763963 0.431546
    outer loop
      vertex 40.4326 -29.4629 14.332
      vertex 40.2115 -29.438 14.1303
      vertex 40.3905 -29.5504 14.1303
    endloop
  endfacet
  facet normal -0.206672 -0.590773 -0.779919
    outer loop
      vertex 40.6427 -29.3894 3.09289
      vertex 40.4932 -29.3371 3.09289
      vertex 40.6816 -29.2187 2.95328
    endloop
  endfacet
  facet normal -0.943907 -0.33021 0
    outer loop
      vertex 39.9047 -29.1312 3.68804
      vertex 39.8312 -28.9211 13.912
      vertex 39.8312 -28.9211 3.68804
    endloop
  endfacet
  facet normal -0.943907 -0.33021 0
    outer loop
      vertex 39.8312 -28.9211 13.912
      vertex 39.9047 -29.1312 3.68804
      vertex 39.9047 -29.1312 13.912
    endloop
  endfacet
  facet normal -0.825864 0.518587 -0.221394
    outer loop
      vertex 39.9496 29.1095 3.46972
      vertex 39.9047 29.1312 3.68804
      vertex 40.062 29.2885 3.46972
    endloop
  endfacet
  facet normal -0.258817 0.739831 0.621018
    outer loop
      vertex 40.6116 29.5255 14.332
      vertex 40.4932 29.3371 14.5071
      vertex 40.6427 29.3894 14.5071
    endloop
  endfacet
  facet normal 0.530015 -0.332507 -0.780079
    outer loop
      vertex 70.8371 -29.0068 3.09289
      vertex 70.616 -29.0317 2.95328
      vertex 70.6793 -28.9308 2.95328
    endloop
  endfacet
  facet normal 0.0250205 -0.222504 -0.974611
    outer loop
      vertex 70.2735 -29.022 2.85612
      vertex 70.2 -28.812 2.80629
      vertex 70.2249 -28.8092 2.80629
    endloop
  endfacet
  facet normal -0.189374 0.119191 0.974644
    outer loop
      vertex 40.5418 28.9059 14.7439
      vertex 40.5024 28.8433 14.7439
      vertex 40.6991 28.7486 14.7937
    endloop
  endfacet
  facet normal -0 0.623387 0.781913
    outer loop
      vertex 40.8 29.4071 14.5071
      vertex 70.2 29.232 14.6467
      vertex 70.2 29.4071 14.5071
    endloop
  endfacet
  facet normal 0 0.623387 0.781913
    outer loop
      vertex 70.2 29.232 14.6467
      vertex 40.8 29.4071 14.5071
      vertex 40.8 29.232 14.6467
    endloop
  endfacet
  facet normal -0.189067 -0.119505 0.974665
    outer loop
      vertex 40.6991 -28.7486 14.7937
      vertex 40.5418 -28.9059 14.7439
      vertex 40.7125 -28.7698 14.7937
    endloop
  endfacet
  facet normal 0.89626 0.100853 0.431911
    outer loop
      vertex 71.1439 28.7 14.1303
      vertex 71.0255 28.8884 14.332
      vertex 71.0467 28.7 14.332
    endloop
  endfacet
  facet normal 0.33021 0.943907 -0
    outer loop
      vertex 70.6312 29.5953 3.68804
      vertex 70.4211 29.6688 13.912
      vertex 70.6312 29.5953 13.912
    endloop
  endfacet
  facet normal 0.33021 0.943907 0
    outer loop
      vertex 70.4211 29.6688 13.912
      vertex 70.6312 29.5953 3.68804
      vertex 70.4211 29.6688 3.68804
    endloop
  endfacet
  facet normal -0.368979 0.232233 -0.899957
    outer loop
      vertex 40.5024 28.8433 2.85612
      vertex 40.384 29.0317 2.95328
      vertex 40.5418 28.9059 2.85612
    endloop
  endfacet
  facet normal 0.297894 0.85143 0.431656
    outer loop
      vertex 70.41 29.6202 14.1303
      vertex 70.3884 29.5255 14.332
      vertex 70.6095 29.5504 14.1303
    endloop
  endfacet
  facet normal 0.322054 0.920484 0.221339
    outer loop
      vertex 70.6312 29.5953 13.912
      vertex 70.41 29.6202 14.1303
      vertex 70.6095 29.5504 14.1303
    endloop
  endfacet
  facet normal -0.109365 0.969058 -0.221282
    outer loop
      vertex 40.59 29.6202 3.46972
      vertex 40.5789 29.6688 3.68804
      vertex 40.8 29.6439 3.46972
    endloop
  endfacet
  facet normal 0 0.974957 -0.222393
    outer loop
      vertex 70.2 29.6439 3.46972
      vertex 40.8 29.6937 3.68804
      vertex 70.2 29.6937 3.68804
    endloop
  endfacet
  facet normal 0 0.974957 -0.222393
    outer loop
      vertex 40.8 29.6937 3.68804
      vertex 70.2 29.6439 3.46972
      vertex 40.8 29.6439 3.46972
    endloop
  endfacet
  facet normal -0.0251224 0.22247 -0.974616
    outer loop
      vertex 40.8 28.812 2.80629
      vertex 40.7265 29.022 2.85612
      vertex 40.8 29.0303 2.85612
    endloop
  endfacet
  facet normal 0 0.433979 -0.900923
    outer loop
      vertex 40.8 29.0303 2.85612
      vertex 70.2 29.232 2.95328
      vertex 70.2 29.0303 2.85612
    endloop
  endfacet
  facet normal 0 0.433979 -0.900923
    outer loop
      vertex 70.2 29.232 2.95328
      vertex 40.8 29.0303 2.85612
      vertex 40.8 29.232 2.95328
    endloop
  endfacet
  facet normal 0.739789 0.258719 -0.621109
    outer loop
      vertex 71.0255 28.8884 3.26797
      vertex 70.8371 29.0068 3.09289
      vertex 70.9629 29.0674 3.26797
    endloop
  endfacet
  facet normal 0.369529 0.231825 -0.899836
    outer loop
      vertex 70.6793 28.9308 2.95328
      vertex 70.4976 28.8433 2.85612
      vertex 70.616 29.0317 2.95328
    endloop
  endfacet
  facet normal 0.781879 0 -0.623431
    outer loop
      vertex 71.0467 4.8 3.26797
      vertex 70.9071 28.7 3.09289
      vertex 71.0467 28.7 3.26797
    endloop
  endfacet
  facet normal 0.781879 0 -0.623431
    outer loop
      vertex 70.9071 28.7 3.09289
      vertex 71.0467 4.8 3.26797
      vertex 70.9071 4.8 3.09289
    endloop
  endfacet
  facet normal 0.781879 0 -0.623431
    outer loop
      vertex 71.0467 -28.7 3.26797
      vertex 70.9071 -4 3.09289
      vertex 71.0467 -4 3.26797
    endloop
  endfacet
  facet normal 0.781879 0 -0.623431
    outer loop
      vertex 70.9071 -4 3.09289
      vertex 71.0467 -28.7 3.26797
      vertex 70.9071 -28.7 3.09289
    endloop
  endfacet
  facet normal 0.851555 0.297806 -0.431468
    outer loop
      vertex 71.0255 28.8884 3.26797
      vertex 70.9629 29.0674 3.26797
      vertex 71.0504 29.1095 3.46972
    endloop
  endfacet
  facet normal 0.621886 0.069977 -0.779975
    outer loop
      vertex 70.9071 28.7 3.09289
      vertex 70.732 28.7 2.95328
      vertex 70.8894 28.8573 3.09289
    endloop
  endfacet
  facet normal 0.778871 0.0876416 -0.62103
    outer loop
      vertex 70.9071 28.7 3.09289
      vertex 70.8894 28.8573 3.09289
      vertex 71.0255 28.8884 3.26797
    endloop
  endfacet
  facet normal 0.920503 0.322023 0.221305
    outer loop
      vertex 71.1688 28.9211 13.912
      vertex 71.0953 29.1312 13.912
      vertex 71.1202 28.91 14.1303
    endloop
  endfacet
  facet normal 0.368979 0.232233 -0.899957
    outer loop
      vertex 70.4976 28.8433 2.85612
      vertex 70.4582 28.9059 2.85612
      vertex 70.616 29.0317 2.95328
    endloop
  endfacet
  facet normal 0.232233 0.368979 -0.899957
    outer loop
      vertex 70.4059 28.9582 2.85612
      vertex 70.3433 28.9976 2.85612
      vertex 70.5317 29.116 2.95328
    endloop
  endfacet
  facet normal -0.529945 -0.333142 -0.779855
    outer loop
      vertex 40.2472 -29.1409 3.09289
      vertex 40.1629 -29.0068 3.09289
      vertex 40.384 -29.0317 2.95328
    endloop
  endfacet
  facet normal 0.0740055 -0.211317 -0.974612
    outer loop
      vertex 70.2735 -29.022 2.85612
      vertex 70.2249 -28.8092 2.80629
      vertex 70.2486 -28.8009 2.80629
    endloop
  endfacet
  facet normal -0.0739632 -0.211196 0.974641
    outer loop
      vertex 40.7514 -28.8009 14.7937
      vertex 40.7265 -29.022 14.7439
      vertex 40.7751 -28.8092 14.7937
    endloop
  endfacet
  facet normal -0.851469 0.297908 -0.431568
    outer loop
      vertex 39.9745 28.8884 3.26797
      vertex 39.8798 28.91 3.46972
      vertex 39.9496 29.1095 3.46972
    endloop
  endfacet
  facet normal 0.119191 0.189374 0.974644
    outer loop
      vertex 70.3433 28.9976 14.7439
      vertex 70.2486 28.8009 14.7937
      vertex 70.4059 28.9582 14.7439
    endloop
  endfacet
  facet normal -0.109142 0.969128 0.221084
    outer loop
      vertex 40.8 29.6937 13.912
      vertex 40.5789 29.6688 13.912
      vertex 40.8 29.6439 14.1303
    endloop
  endfacet
  facet normal -0.529992 -0.332492 0.780101
    outer loop
      vertex 40.3207 -28.9308 14.6467
      vertex 40.1629 -29.0068 14.5071
      vertex 40.384 -29.0317 14.6467
    endloop
  endfacet
  facet normal -0.211212 -0.0738335 0.974648
    outer loop
      vertex 40.6991 -28.7486 14.7937
      vertex 40.478 -28.7735 14.7439
      vertex 40.5024 -28.8433 14.7439
    endloop
  endfacet
  facet normal 0 -0.434124 0.900853
    outer loop
      vertex 40.8 -29.0303 14.7439
      vertex 70.2 -29.232 14.6467
      vertex 70.2 -29.0303 14.7439
    endloop
  endfacet
  facet normal 0 -0.434124 0.900853
    outer loop
      vertex 70.2 -29.232 14.6467
      vertex 40.8 -29.0303 14.7439
      vertex 40.8 -29.232 14.6467
    endloop
  endfacet
  facet normal -0.411967 -0.144011 0.899747
    outer loop
      vertex 40.478 -28.7735 14.7439
      vertex 40.3207 -28.9308 14.6467
      vertex 40.5024 -28.8433 14.7439
    endloop
  endfacet
  facet normal -0.211212 0.0738335 0.974648
    outer loop
      vertex 40.5024 28.8433 14.7439
      vertex 40.478 28.7735 14.7439
      vertex 40.6991 28.7486 14.7937
    endloop
  endfacet
  facet normal 0 -0.222412 0.974953
    outer loop
      vertex 40.8 -28.812 14.7937
      vertex 70.2 -29.0303 14.7439
      vertex 70.2 -28.812 14.7937
    endloop
  endfacet
  facet normal 0 -0.222412 0.974953
    outer loop
      vertex 70.2 -29.0303 14.7439
      vertex 40.8 -28.812 14.7937
      vertex 40.8 -29.0303 14.7439
    endloop
  endfacet
  facet normal -0.739831 -0.258817 0.621018
    outer loop
      vertex 40.1106 -28.8573 14.5071
      vertex 39.9745 -28.8884 14.332
      vertex 40.1629 -29.0068 14.5071
    endloop
  endfacet
  facet normal -0.778905 -0.0876454 0.620987
    outer loop
      vertex 40.0929 -28.7 14.5071
      vertex 39.9745 -28.8884 14.332
      vertex 40.1106 -28.8573 14.5071
    endloop
  endfacet
  facet normal -0.66354 -0.417125 0.621065
    outer loop
      vertex 40.1629 -29.0068 14.5071
      vertex 40.138 -29.2279 14.332
      vertex 40.2472 -29.1409 14.5071
    endloop
  endfacet
  facet normal -0.101158 -0.89634 0.431673
    outer loop
      vertex 40.6116 -29.5255 14.332
      vertex 40.59 -29.6202 14.1303
      vertex 40.8 -29.6439 14.1303
    endloop
  endfacet
  facet normal 0.442579 -0.442579 0.779903
    outer loop
      vertex 70.616 -29.0317 14.6467
      vertex 70.6409 -29.2528 14.5071
      vertex 70.7528 -29.1409 14.5071
    endloop
  endfacet
  facet normal 0.442579 -0.442579 0.779903
    outer loop
      vertex 70.6409 -29.2528 14.5071
      vertex 70.616 -29.0317 14.6467
      vertex 70.5317 -29.116 14.6467
    endloop
  endfacet
  facet normal 0.322023 -0.920503 0.221305
    outer loop
      vertex 70.6312 -29.5953 13.912
      vertex 70.41 -29.6202 14.1303
      vertex 70.4211 -29.6688 13.912
    endloop
  endfacet
  facet normal 0.969128 -0.109142 0.221084
    outer loop
      vertex 71.1937 -28.7 13.912
      vertex 71.1439 -28.7 14.1303
      vertex 71.1688 -28.9211 13.912
    endloop
  endfacet
  facet normal 0.069974 0.621859 0.779997
    outer loop
      vertex 70.2 29.4071 14.5071
      vertex 70.2 29.232 14.6467
      vertex 70.3573 29.3894 14.5071
    endloop
  endfacet
  facet normal 0.222252 0 0.974989
    outer loop
      vertex 70.5303 28.7 14.7439
      vertex 70.35 4.8 14.785
      vertex 70.5303 4.8 14.7439
    endloop
  endfacet
  facet normal 0.223173 0 0.974779
    outer loop
      vertex 70.35 4.8 14.785
      vertex 70.312 28.7 14.7937
      vertex 70.35 -4 14.785
    endloop
  endfacet
  facet normal 0.222412 -1.27256e-06 0.974953
    outer loop
      vertex 70.312 28.7 14.7937
      vertex 70.35 4.8 14.785
      vertex 70.5303 28.7 14.7439
    endloop
  endfacet
  facet normal 0.222252 0 0.974989
    outer loop
      vertex 70.35 -4 14.785
      vertex 70.5303 -28.7 14.7439
      vertex 70.5303 -4 14.7439
    endloop
  endfacet
  facet normal 0.222412 1.23135e-06 0.974953
    outer loop
      vertex 70.35 -4 14.785
      vertex 70.312 -28.7 14.7937
      vertex 70.5303 -28.7 14.7439
    endloop
  endfacet
  facet normal 0.223173 -0 0.974779
    outer loop
      vertex 70.312 -28.7 14.7937
      vertex 70.35 -4 14.785
      vertex 70.312 28.7 14.7937
    endloop
  endfacet
  facet normal 0.23231 -0.369102 0.899886
    outer loop
      vertex 70.4059 -28.9582 14.7439
      vertex 70.3433 -28.9976 14.7439
      vertex 70.5317 -29.116 14.6467
    endloop
  endfacet
  facet normal 0.231903 -0.369652 0.899766
    outer loop
      vertex 70.5317 -29.116 14.6467
      vertex 70.3433 -28.9976 14.7439
      vertex 70.4308 -29.1793 14.6467
    endloop
  endfacet
  facet normal 0.920503 -0.322023 0.221305
    outer loop
      vertex 71.1202 -28.91 14.1303
      vertex 71.0953 -29.1312 13.912
      vertex 71.1688 -28.9211 13.912
    endloop
  endfacet
  facet normal 0.969054 -0.109365 0.221301
    outer loop
      vertex 71.1439 -28.7 14.1303
      vertex 71.1202 -28.91 14.1303
      vertex 71.1688 -28.9211 13.912
    endloop
  endfacet
  facet normal 0.119505 -0.189067 0.974665
    outer loop
      vertex 70.2698 -28.7875 14.7937
      vertex 70.2486 -28.8009 14.7937
      vertex 70.4059 -28.9582 14.7439
    endloop
  endfacet
  facet normal 0.529922 -0.333128 0.779877
    outer loop
      vertex 70.8371 -29.0068 14.5071
      vertex 70.616 -29.0317 14.6467
      vertex 70.7528 -29.1409 14.5071
    endloop
  endfacet
  facet normal 0.66354 -0.417125 0.621065
    outer loop
      vertex 70.8371 -29.0068 14.5071
      vertex 70.7528 -29.1409 14.5071
      vertex 70.862 -29.2279 14.332
    endloop
  endfacet
  facet normal 0.258731 -0.739821 0.621066
    outer loop
      vertex 70.5068 -29.3371 14.5071
      vertex 70.3884 -29.5255 14.332
      vertex 70.5674 -29.4629 14.332
    endloop
  endfacet
  facet normal 0.480019 -0.763558 0.431927
    outer loop
      vertex 70.7279 -29.362 14.332
      vertex 70.5674 -29.4629 14.332
      vertex 70.7885 -29.438 14.1303
    endloop
  endfacet
  facet normal 0.100853 -0.89626 0.431911
    outer loop
      vertex 70.2 -29.5467 14.332
      vertex 70.2 -29.6439 14.1303
      vertex 70.3884 -29.5255 14.332
    endloop
  endfacet
  facet normal -0.258731 -0.739821 0.621066
    outer loop
      vertex 40.4932 -29.3371 14.5071
      vertex 40.4326 -29.4629 14.332
      vertex 40.6116 -29.5255 14.332
    endloop
  endfacet
  facet normal 0.206672 -0.590773 -0.779919
    outer loop
      vertex 70.3573 -29.3894 3.09289
      vertex 70.3184 -29.2187 2.95328
      vertex 70.5068 -29.3371 3.09289
    endloop
  endfacet
  facet normal -0.896381 0.101163 -0.431586
    outer loop
      vertex 39.9745 28.8884 3.26797
      vertex 39.8561 28.7 3.46972
      vertex 39.8798 28.91 3.46972
    endloop
  endfacet
  facet normal -0.222685 0 -0.97489
    outer loop
      vertex 40.688 -28.7 2.80629
      vertex 40.65 -4 2.81497
      vertex 40.688 28.7 2.80629
    endloop
  endfacet
  facet normal -0.22254 2.35775e-07 -0.974924
    outer loop
      vertex 40.4697 -28.7 2.85612
      vertex 40.65 -4 2.81497
      vertex 40.688 -28.7 2.80629
    endloop
  endfacet
  facet normal -0.222509 0 -0.974931
    outer loop
      vertex 40.65 -4 2.81497
      vertex 40.4697 -28.7 2.85612
      vertex 40.4697 -4 2.85612
    endloop
  endfacet
  facet normal -0.222685 -0 -0.97489
    outer loop
      vertex 40.65 4.8 2.81497
      vertex 40.688 28.7 2.80629
      vertex 40.65 -4 2.81497
    endloop
  endfacet
  facet normal -0.222509 -2.95024e-07 -0.974931
    outer loop
      vertex 40.4697 4.8 2.85612
      vertex 40.688 28.7 2.80629
      vertex 40.65 4.8 2.81497
    endloop
  endfacet
  facet normal -0.22254 0 -0.974924
    outer loop
      vertex 40.688 28.7 2.80629
      vertex 40.4697 4.8 2.85612
      vertex 40.4697 28.7 2.85612
    endloop
  endfacet
  facet normal -0.554205 0.554205 -0.621059
    outer loop
      vertex 40.2472 29.1409 3.09289
      vertex 40.2721 29.362 3.26797
      vertex 40.3591 29.2528 3.09289
    endloop
  endfacet
  facet normal -0.554205 0.554205 -0.621059
    outer loop
      vertex 40.2721 29.362 3.26797
      vertex 40.2472 29.1409 3.09289
      vertex 40.138 29.2279 3.26797
    endloop
  endfacet
  facet normal 0.0251224 -0.22247 -0.974616
    outer loop
      vertex 70.2735 -29.022 2.85612
      vertex 70.2 -29.0303 2.85612
      vertex 70.2 -28.812 2.80629
    endloop
  endfacet
  facet normal 0.0698651 -0.621957 -0.779928
    outer loop
      vertex 70.3573 -29.3894 3.09289
      vertex 70.2 -29.232 2.95328
      vertex 70.3184 -29.2187 2.95328
    endloop
  endfacet
  facet normal -0.211333 -0.0738757 -0.974618
    outer loop
      vertex 40.5024 -28.8433 2.85612
      vertex 40.478 -28.7735 2.85612
      vertex 40.6991 -28.7486 2.80629
    endloop
  endfacet
  facet normal -0.518587 -0.825864 -0.221394
    outer loop
      vertex 40.3688 -29.5953 3.68804
      vertex 40.2115 -29.438 3.46972
      vertex 40.3905 -29.5504 3.46972
    endloop
  endfacet
  facet normal 0.211317 0.0740055 -0.974612
    outer loop
      vertex 70.3092 28.7249 2.80629
      vertex 70.3009 28.7486 2.80629
      vertex 70.522 28.7735 2.85612
    endloop
  endfacet
  facet normal -0.33021 -0.943907 0
    outer loop
      vertex 40.3688 -29.5953 3.68804
      vertex 40.5789 -29.6688 13.912
      vertex 40.3688 -29.5953 13.912
    endloop
  endfacet
  facet normal -0.33021 -0.943907 -0
    outer loop
      vertex 40.5789 -29.6688 13.912
      vertex 40.3688 -29.5953 3.68804
      vertex 40.5789 -29.6688 3.68804
    endloop
  endfacet
  facet normal 0 -0.900895 -0.434037
    outer loop
      vertex 40.8 -29.5467 3.26797
      vertex 70.2 -29.6439 3.46972
      vertex 40.8 -29.6439 3.46972
    endloop
  endfacet
  facet normal 0 -0.900895 -0.434037
    outer loop
      vertex 70.2 -29.6439 3.46972
      vertex 40.8 -29.5467 3.26797
      vertex 70.2 -29.5467 3.26797
    endloop
  endfacet
  facet normal -0.825864 -0.518587 -0.221394
    outer loop
      vertex 40.062 -29.2885 3.46972
      vertex 39.9047 -29.1312 3.68804
      vertex 39.9496 -29.1095 3.46972
    endloop
  endfacet
  facet normal -0.100858 -0.896301 -0.431824
    outer loop
      vertex 40.8 -29.6439 3.46972
      vertex 40.6116 -29.5255 3.26797
      vertex 40.8 -29.5467 3.26797
    endloop
  endfacet
  facet normal -0.689602 -0.689602 0.221128
    outer loop
      vertex 40.0231 -29.3196 13.912
      vertex 40.2115 -29.438 14.1303
      vertex 40.062 -29.2885 14.1303
    endloop
  endfacet
  facet normal -0.689602 -0.689602 0.221128
    outer loop
      vertex 40.2115 -29.438 14.1303
      vertex 40.0231 -29.3196 13.912
      vertex 40.1804 -29.4769 13.912
    endloop
  endfacet
  facet normal -0.969058 0.109365 -0.221282
    outer loop
      vertex 39.8561 28.7 3.46972
      vertex 39.8312 28.9211 3.68804
      vertex 39.8798 28.91 3.46972
    endloop
  endfacet
  facet normal -0.518587 0.825864 -0.221394
    outer loop
      vertex 40.3905 29.5504 3.46972
      vertex 40.2115 29.438 3.46972
      vertex 40.3688 29.5953 3.68804
    endloop
  endfacet
  facet normal -0.518935 0.825738 -0.221052
    outer loop
      vertex 40.2115 29.438 3.46972
      vertex 40.1804 29.4769 3.68804
      vertex 40.3688 29.5953 3.68804
    endloop
  endfacet
  facet normal 0.0739632 0.211196 0.974641
    outer loop
      vertex 70.2735 29.022 14.7439
      vertex 70.2249 28.8092 14.7937
      vertex 70.2486 28.8009 14.7937
    endloop
  endfacet
  facet normal 0.518933 0.825734 0.221071
    outer loop
      vertex 70.8196 29.4769 13.912
      vertex 70.6312 29.5953 13.912
      vertex 70.7885 29.438 14.1303
    endloop
  endfacet
  facet normal 0.111911 0.993718 -0
    outer loop
      vertex 70.4211 29.6688 3.68804
      vertex 70.2 29.6937 13.912
      vertex 70.4211 29.6688 13.912
    endloop
  endfacet
  facet normal 0.111911 0.993718 0
    outer loop
      vertex 70.2 29.6937 13.912
      vertex 70.4211 29.6688 3.68804
      vertex 70.2 29.6937 3.68804
    endloop
  endfacet
  facet normal 0.825738 0.518935 -0.221052
    outer loop
      vertex 71.0953 29.1312 3.68804
      vertex 70.938 29.2885 3.46972
      vertex 70.9769 29.3196 3.68804
    endloop
  endfacet
  facet normal 0.846683 0.532098 0
    outer loop
      vertex 71.0953 29.1312 13.912
      vertex 70.9769 29.3196 3.68804
      vertex 70.9769 29.3196 13.912
    endloop
  endfacet
  facet normal 0.846683 0.532098 0
    outer loop
      vertex 70.9769 29.3196 3.68804
      vertex 71.0953 29.1312 13.912
      vertex 71.0953 29.1312 3.68804
    endloop
  endfacet
  facet normal 0.109142 0.969133 -0.221065
    outer loop
      vertex 70.4211 29.6688 3.68804
      vertex 70.2 29.6439 3.46972
      vertex 70.2 29.6937 3.68804
    endloop
  endfacet
  facet normal 0.109142 0.969128 0.221084
    outer loop
      vertex 70.2 29.6937 13.912
      vertex 70.2 29.6439 14.1303
      vertex 70.4211 29.6688 13.912
    endloop
  endfacet
  facet normal 0.144269 0.411568 -0.899888
    outer loop
      vertex 70.4308 29.1793 2.95328
      vertex 70.2735 29.022 2.85612
      vertex 70.3184 29.2187 2.95328
    endloop
  endfacet
  facet normal 0.143963 0.41183 -0.899817
    outer loop
      vertex 70.3433 28.9976 2.85612
      vertex 70.2735 29.022 2.85612
      vertex 70.4308 29.1793 2.95328
    endloop
  endfacet
  facet normal -0.778871 0.0876416 -0.62103
    outer loop
      vertex 40.0929 28.7 3.09289
      vertex 39.9745 28.8884 3.26797
      vertex 40.1106 28.8573 3.09289
    endloop
  endfacet
  facet normal -0.590773 0.206672 -0.779919
    outer loop
      vertex 40.2813 28.8184 2.95328
      vertex 40.1106 28.8573 3.09289
      vertex 40.1629 29.0068 3.09289
    endloop
  endfacet
  facet normal -0.529945 0.333142 -0.779855
    outer loop
      vertex 40.384 29.0317 2.95328
      vertex 40.1629 29.0068 3.09289
      vertex 40.2472 29.1409 3.09289
    endloop
  endfacet
  facet normal -0.048683 0.433389 -0.899891
    outer loop
      vertex 40.7265 29.022 2.85612
      vertex 40.6816 29.2187 2.95328
      vertex 40.8 29.232 2.95328
    endloop
  endfacet
  facet normal -0.189483 0.119259 -0.974615
    outer loop
      vertex 40.6991 28.7486 2.80629
      vertex 40.5024 28.8433 2.85612
      vertex 40.5418 28.9059 2.85612
    endloop
  endfacet
  facet normal 0.590465 0.206978 -0.780071
    outer loop
      vertex 70.7187 28.8184 2.95328
      vertex 70.6793 28.9308 2.95328
      vertex 70.8371 29.0068 3.09289
    endloop
  endfacet
  facet normal 0.63778 0.63778 -0.431825
    outer loop
      vertex 70.862 29.2279 3.26797
      vertex 70.7885 29.438 3.46972
      vertex 70.938 29.2885 3.46972
    endloop
  endfacet
  facet normal 0.63778 0.63778 -0.431825
    outer loop
      vertex 70.7885 29.438 3.46972
      vertex 70.862 29.2279 3.26797
      vertex 70.7279 29.362 3.26797
    endloop
  endfacet
  facet normal 0.920488 0.322055 -0.22132
    outer loop
      vertex 71.1202 28.91 3.46972
      vertex 71.0504 29.1095 3.46972
      vertex 71.0953 29.1312 3.68804
    endloop
  endfacet
  facet normal 0.851469 0.297908 -0.431568
    outer loop
      vertex 71.1202 28.91 3.46972
      vertex 71.0255 28.8884 3.26797
      vertex 71.0504 29.1095 3.46972
    endloop
  endfacet
  facet normal 0.993718 0.111911 0
    outer loop
      vertex 71.1937 28.7 13.912
      vertex 71.1688 28.9211 3.68804
      vertex 71.1688 28.9211 13.912
    endloop
  endfacet
  facet normal 0.993718 0.111911 0
    outer loop
      vertex 71.1688 28.9211 3.68804
      vertex 71.1937 28.7 13.912
      vertex 71.1937 28.7 3.68804
    endloop
  endfacet
  facet normal 0.969058 0.109365 -0.221282
    outer loop
      vertex 71.1439 28.7 3.46972
      vertex 71.1202 28.91 3.46972
      vertex 71.1688 28.9211 3.68804
    endloop
  endfacet
  facet normal 0.969133 0.109142 -0.221065
    outer loop
      vertex 71.1937 28.7 3.68804
      vertex 71.1439 28.7 3.46972
      vertex 71.1688 28.9211 3.68804
    endloop
  endfacet
  facet normal 0.333142 -0.529945 -0.779855
    outer loop
      vertex 70.6409 -29.2528 3.09289
      vertex 70.5068 -29.3371 3.09289
      vertex 70.5317 -29.116 2.95328
    endloop
  endfacet
  facet normal 0.590773 0.206672 -0.779919
    outer loop
      vertex 70.8894 28.8573 3.09289
      vertex 70.7187 28.8184 2.95328
      vertex 70.8371 29.0068 3.09289
    endloop
  endfacet
  facet normal 0.969058 -0.109365 -0.221282
    outer loop
      vertex 71.1688 -28.9211 3.68804
      vertex 71.1202 -28.91 3.46972
      vertex 71.1439 -28.7 3.46972
    endloop
  endfacet
  facet normal 0.920488 -0.322055 -0.22132
    outer loop
      vertex 71.0953 -29.1312 3.68804
      vertex 71.0504 -29.1095 3.46972
      vertex 71.1202 -28.91 3.46972
    endloop
  endfacet
  facet normal 0.89634 0.101158 0.431673
    outer loop
      vertex 71.1202 28.91 14.1303
      vertex 71.0255 28.8884 14.332
      vertex 71.1439 28.7 14.1303
    endloop
  endfacet
  facet normal 0.969054 0.109365 0.221301
    outer loop
      vertex 71.1688 28.9211 13.912
      vertex 71.1202 28.91 14.1303
      vertex 71.1439 28.7 14.1303
    endloop
  endfacet
  facet normal 0.554205 0.554205 -0.621059
    outer loop
      vertex 70.7528 29.1409 3.09289
      vertex 70.7279 29.362 3.26797
      vertex 70.862 29.2279 3.26797
    endloop
  endfacet
  facet normal 0.554205 0.554205 -0.621059
    outer loop
      vertex 70.7279 29.362 3.26797
      vertex 70.7528 29.1409 3.09289
      vertex 70.6409 29.2528 3.09289
    endloop
  endfacet
  facet normal 0.621957 0.0698651 -0.779928
    outer loop
      vertex 70.732 28.7 2.95328
      vertex 70.7187 28.8184 2.95328
      vertex 70.8894 28.8573 3.09289
    endloop
  endfacet
  facet normal 0.417106 0.663511 -0.621108
    outer loop
      vertex 70.6409 29.2528 3.09289
      vertex 70.5068 29.3371 3.09289
      vertex 70.7279 29.362 3.26797
    endloop
  endfacet
  facet normal 0.739799 0.258806 -0.621062
    outer loop
      vertex 70.8894 28.8573 3.09289
      vertex 70.8371 29.0068 3.09289
      vertex 71.0255 28.8884 3.26797
    endloop
  endfacet
  facet normal -0.0740055 -0.211317 -0.974612
    outer loop
      vertex 40.7751 -28.8092 2.80629
      vertex 40.7265 -29.022 2.85612
      vertex 40.7514 -28.8009 2.80629
    endloop
  endfacet
  facet normal -0.969128 0.109142 0.221084
    outer loop
      vertex 39.8312 28.9211 13.912
      vertex 39.8063 28.7 13.912
      vertex 39.8561 28.7 14.1303
    endloop
  endfacet
  facet normal -0.969054 0.109365 0.221301
    outer loop
      vertex 39.8798 28.91 14.1303
      vertex 39.8312 28.9211 13.912
      vertex 39.8561 28.7 14.1303
    endloop
  endfacet
  facet normal -0.623387 0 0.781913
    outer loop
      vertex 40.0929 -4 14.5071
      vertex 40.268 -28.7 14.6467
      vertex 40.268 -4 14.6467
    endloop
  endfacet
  facet normal -0.623387 0 0.781913
    outer loop
      vertex 40.268 -28.7 14.6467
      vertex 40.0929 -4 14.5071
      vertex 40.0929 -28.7 14.5071
    endloop
  endfacet
  facet normal -0.623387 0 0.781913
    outer loop
      vertex 40.0929 28.7 14.5071
      vertex 40.268 4.8 14.6467
      vertex 40.268 28.7 14.6467
    endloop
  endfacet
  facet normal -0.623387 0 0.781913
    outer loop
      vertex 40.268 4.8 14.6467
      vertex 40.0929 28.7 14.5071
      vertex 40.0929 4.8 14.5071
    endloop
  endfacet
  facet normal -0.411705 0.144317 0.899817
    outer loop
      vertex 40.3207 28.9308 14.6467
      vertex 40.2813 28.8184 14.6467
      vertex 40.478 28.7735 14.7439
    endloop
  endfacet
  facet normal -0.529992 0.332492 0.780101
    outer loop
      vertex 40.384 29.0317 14.6467
      vertex 40.1629 29.0068 14.5071
      vertex 40.3207 28.9308 14.6467
    endloop
  endfacet
  facet normal -0.739821 0.258731 0.621066
    outer loop
      vertex 40.0371 29.0674 14.332
      vertex 39.9745 28.8884 14.332
      vertex 40.1629 29.0068 14.5071
    endloop
  endfacet
  facet normal -0.119191 0.189374 0.974644
    outer loop
      vertex 40.6567 28.9976 14.7439
      vertex 40.5941 28.9582 14.7439
      vertex 40.7514 28.8009 14.7937
    endloop
  endfacet
  facet normal -0.411967 0.144011 0.899747
    outer loop
      vertex 40.5024 28.8433 14.7439
      vertex 40.3207 28.9308 14.6467
      vertex 40.478 28.7735 14.7439
    endloop
  endfacet
  facet normal -0.442579 0.442579 0.779903
    outer loop
      vertex 40.3591 29.2528 14.5071
      vertex 40.384 29.0317 14.6467
      vertex 40.4683 29.116 14.6467
    endloop
  endfacet
  facet normal -0.442579 0.442579 0.779903
    outer loop
      vertex 40.384 29.0317 14.6467
      vertex 40.3591 29.2528 14.5071
      vertex 40.2472 29.1409 14.5071
    endloop
  endfacet
  facet normal 0 0.781913 0.623387
    outer loop
      vertex 70.2 29.5467 14.332
      vertex 40.8 29.4071 14.5071
      vertex 70.2 29.4071 14.5071
    endloop
  endfacet
  facet normal 0 0.781913 0.623387
    outer loop
      vertex 40.8 29.4071 14.5071
      vertex 70.2 29.5467 14.332
      vertex 40.8 29.5467 14.332
    endloop
  endfacet
  facet normal -0.0876454 0.778905 0.620987
    outer loop
      vertex 40.8 29.4071 14.5071
      vertex 40.6116 29.5255 14.332
      vertex 40.6427 29.3894 14.5071
    endloop
  endfacet
  facet normal -0.222342 -0.025108 0.974645
    outer loop
      vertex 40.688 -28.7 14.7937
      vertex 40.4697 -28.7 14.7439
      vertex 40.478 -28.7735 14.7439
    endloop
  endfacet
  facet normal -0.411705 -0.144317 0.899817
    outer loop
      vertex 40.478 -28.7735 14.7439
      vertex 40.2813 -28.8184 14.6467
      vertex 40.3207 -28.9308 14.6467
    endloop
  endfacet
  facet normal -0.590439 -0.206969 0.780093
    outer loop
      vertex 40.2813 -28.8184 14.6467
      vertex 40.1629 -29.0068 14.5071
      vertex 40.3207 -28.9308 14.6467
    endloop
  endfacet
  facet normal -0.554229 -0.554229 0.621015
    outer loop
      vertex 40.2472 -29.1409 14.5071
      vertex 40.2721 -29.362 14.332
      vertex 40.3591 -29.2528 14.5071
    endloop
  endfacet
  facet normal -0.554229 -0.554229 0.621015
    outer loop
      vertex 40.2721 -29.362 14.332
      vertex 40.2472 -29.1409 14.5071
      vertex 40.138 -29.2279 14.332
    endloop
  endfacet
  facet normal 0 -0.623387 0.781913
    outer loop
      vertex 40.8 -29.232 14.6467
      vertex 70.2 -29.4071 14.5071
      vertex 70.2 -29.232 14.6467
    endloop
  endfacet
  facet normal 0 -0.623387 0.781913
    outer loop
      vertex 70.2 -29.4071 14.5071
      vertex 40.8 -29.232 14.6467
      vertex 40.8 -29.4071 14.5071
    endloop
  endfacet
  facet normal 0.0698621 -0.62193 0.77995
    outer loop
      vertex 70.3184 -29.2187 14.6467
      vertex 70.2 -29.232 14.6467
      vertex 70.3573 -29.3894 14.5071
    endloop
  endfacet
  facet normal -0.0489648 -0.433604 0.899772
    outer loop
      vertex 40.8 -29.0303 14.7439
      vertex 40.7265 -29.022 14.7439
      vertex 40.8 -29.232 14.6467
    endloop
  endfacet
  facet normal 0.109142 -0.969128 0.221084
    outer loop
      vertex 70.2 -29.6439 14.1303
      vertex 70.2 -29.6937 13.912
      vertex 70.4211 -29.6688 13.912
    endloop
  endfacet
  facet normal 0.109365 -0.969054 0.221301
    outer loop
      vertex 70.41 -29.6202 14.1303
      vertex 70.2 -29.6439 14.1303
      vertex 70.4211 -29.6688 13.912
    endloop
  endfacet
  facet normal 0 -1 0
    outer loop
      vertex 40.8 -29.6937 3.68804
      vertex 70.2 -29.6937 13.912
      vertex 40.8 -29.6937 13.912
    endloop
  endfacet
  facet normal 0 -1 -0
    outer loop
      vertex 70.2 -29.6937 13.912
      vertex 40.8 -29.6937 3.68804
      vertex 70.2 -29.6937 3.68804
    endloop
  endfacet
  facet normal 0.778871 -0.0876416 -0.62103
    outer loop
      vertex 71.0255 -28.8884 3.26797
      vertex 70.8894 -28.8573 3.09289
      vertex 70.9071 -28.7 3.09289
    endloop
  endfacet
  facet normal 0.993718 -0.111911 0
    outer loop
      vertex 71.1688 -28.9211 13.912
      vertex 71.1937 -28.7 3.68804
      vertex 71.1937 -28.7 13.912
    endloop
  endfacet
  facet normal 0.993718 -0.111911 0
    outer loop
      vertex 71.1937 -28.7 3.68804
      vertex 71.1688 -28.9211 13.912
      vertex 71.1688 -28.9211 3.68804
    endloop
  endfacet
  facet normal 0.974953 -0 0.222412
    outer loop
      vertex 71.1439 -28.7 14.1303
      vertex 71.1937 -4 13.912
      vertex 71.1439 -4 14.1303
    endloop
  endfacet
  facet normal 0.974953 0 0.222412
    outer loop
      vertex 71.1937 -4 13.912
      vertex 71.1439 -28.7 14.1303
      vertex 71.1937 -28.7 13.912
    endloop
  endfacet
  facet normal 0.974953 -0 0.222412
    outer loop
      vertex 71.1439 4.8 14.1303
      vertex 71.1937 28.7 13.912
      vertex 71.1439 28.7 14.1303
    endloop
  endfacet
  facet normal 0.974953 0 0.222412
    outer loop
      vertex 71.1937 28.7 13.912
      vertex 71.1439 4.8 14.1303
      vertex 71.1937 4.8 13.912
    endloop
  endfacet
  facet normal 0.025108 0.222342 0.974645
    outer loop
      vertex 70.2 29.0303 14.7439
      vertex 70.2 28.812 14.7937
      vertex 70.2735 29.022 14.7439
    endloop
  endfacet
  facet normal 0.66354 0.417125 0.621065
    outer loop
      vertex 70.862 29.2279 14.332
      vertex 70.7528 29.1409 14.5071
      vertex 70.8371 29.0068 14.5071
    endloop
  endfacet
  facet normal 0.411705 -0.144317 0.899817
    outer loop
      vertex 70.7187 -28.8184 14.6467
      vertex 70.522 -28.7735 14.7439
      vertex 70.6793 -28.9308 14.6467
    endloop
  endfacet
  facet normal 0.900853 -0 0.434124
    outer loop
      vertex 71.0467 4.8 14.332
      vertex 71.1439 28.7 14.1303
      vertex 71.0467 28.7 14.332
    endloop
  endfacet
  facet normal 0.900853 0 0.434124
    outer loop
      vertex 71.1439 28.7 14.1303
      vertex 71.0467 4.8 14.332
      vertex 71.1439 4.8 14.1303
    endloop
  endfacet
  facet normal 0.900853 -0 0.434124
    outer loop
      vertex 71.0467 -28.7 14.332
      vertex 71.1439 -4 14.1303
      vertex 71.0467 -4 14.332
    endloop
  endfacet
  facet normal 0.900853 0 0.434124
    outer loop
      vertex 71.1439 -4 14.1303
      vertex 71.0467 -28.7 14.332
      vertex 71.1439 -28.7 14.1303
    endloop
  endfacet
  facet normal 0.369102 -0.23231 0.899886
    outer loop
      vertex 70.4976 -28.8433 14.7439
      vertex 70.4582 -28.9059 14.7439
      vertex 70.616 -29.0317 14.6467
    endloop
  endfacet
  facet normal 0.590439 -0.206969 0.780093
    outer loop
      vertex 70.7187 -28.8184 14.6467
      vertex 70.6793 -28.9308 14.6467
      vertex 70.8371 -29.0068 14.5071
    endloop
  endfacet
  facet normal 0.689602 -0.689602 0.221128
    outer loop
      vertex 70.8196 -29.4769 13.912
      vertex 70.938 -29.2885 14.1303
      vertex 70.7885 -29.438 14.1303
    endloop
  endfacet
  facet normal 0.689602 -0.689602 0.221128
    outer loop
      vertex 70.938 -29.2885 14.1303
      vertex 70.8196 -29.4769 13.912
      vertex 70.9769 -29.3196 13.912
    endloop
  endfacet
  facet normal 0.518933 -0.825734 0.221071
    outer loop
      vertex 70.7885 -29.438 14.1303
      vertex 70.6312 -29.5953 13.912
      vertex 70.8196 -29.4769 13.912
    endloop
  endfacet
  facet normal 0.554229 -0.554229 0.621015
    outer loop
      vertex 70.7528 -29.1409 14.5071
      vertex 70.7279 -29.362 14.332
      vertex 70.862 -29.2279 14.332
    endloop
  endfacet
  facet normal 0.554229 -0.554229 0.621015
    outer loop
      vertex 70.7279 -29.362 14.332
      vertex 70.7528 -29.1409 14.5071
      vertex 70.6409 -29.2528 14.5071
    endloop
  endfacet
  facet normal 0.297894 -0.85143 0.431656
    outer loop
      vertex 70.6095 -29.5504 14.1303
      vertex 70.3884 -29.5255 14.332
      vertex 70.41 -29.6202 14.1303
    endloop
  endfacet
  facet normal 0.825861 -0.518585 0.221413
    outer loop
      vertex 71.0504 -29.1095 14.1303
      vertex 70.938 -29.2885 14.1303
      vertex 71.0953 -29.1312 13.912
    endloop
  endfacet
  facet normal 0.778904 -0.0876474 0.620988
    outer loop
      vertex 71.0467 -28.7 14.332
      vertex 70.9071 -28.7 14.5071
      vertex 71.0255 -28.8884 14.332
    endloop
  endfacet
  facet normal 0.308417 -0.308417 0.899866
    outer loop
      vertex 70.4582 -28.9059 14.7439
      vertex 70.5317 -29.116 14.6467
      vertex 70.616 -29.0317 14.6467
    endloop
  endfacet
  facet normal 0.308417 -0.308417 0.899866
    outer loop
      vertex 70.5317 -29.116 14.6467
      vertex 70.4582 -28.9059 14.7439
      vertex 70.4059 -28.9582 14.7439
    endloop
  endfacet
  facet normal 0.417125 -0.66354 0.621065
    outer loop
      vertex 70.6409 -29.2528 14.5071
      vertex 70.5068 -29.3371 14.5071
      vertex 70.7279 -29.362 14.332
    endloop
  endfacet
  facet normal 0.417133 -0.663527 0.621073
    outer loop
      vertex 70.7279 -29.362 14.332
      vertex 70.5068 -29.3371 14.5071
      vertex 70.5674 -29.4629 14.332
    endloop
  endfacet
  facet normal 0.689605 -0.689605 -0.221108
    outer loop
      vertex 70.938 -29.2885 3.46972
      vertex 70.8196 -29.4769 3.68804
      vertex 70.7885 -29.438 3.46972
    endloop
  endfacet
  facet normal 0.689605 -0.689605 -0.221108
    outer loop
      vertex 70.8196 -29.4769 3.68804
      vertex 70.938 -29.2885 3.46972
      vertex 70.9769 -29.3196 3.68804
    endloop
  endfacet
  facet normal -0.442598 0.442598 -0.779881
    outer loop
      vertex 40.384 29.0317 2.95328
      vertex 40.3591 29.2528 3.09289
      vertex 40.4683 29.116 2.95328
    endloop
  endfacet
  facet normal -0.442598 0.442598 -0.779881
    outer loop
      vertex 40.3591 29.2528 3.09289
      vertex 40.384 29.0317 2.95328
      vertex 40.2472 29.1409 3.09289
    endloop
  endfacet
  facet normal -0.530015 0.332507 -0.780079
    outer loop
      vertex 40.3207 28.9308 2.95328
      vertex 40.1629 29.0068 3.09289
      vertex 40.384 29.0317 2.95328
    endloop
  endfacet
  facet normal -0.621957 0.0698651 -0.779928
    outer loop
      vertex 40.268 28.7 2.95328
      vertex 40.1106 28.8573 3.09289
      vertex 40.2813 28.8184 2.95328
    endloop
  endfacet
  facet normal -0.231825 0.369529 -0.899836
    outer loop
      vertex 40.6567 28.9976 2.85612
      vertex 40.4683 29.116 2.95328
      vertex 40.5692 29.1793 2.95328
    endloop
  endfacet
  facet normal -0.825738 0.518935 -0.221052
    outer loop
      vertex 40.062 29.2885 3.46972
      vertex 39.9047 29.1312 3.68804
      vertex 40.0231 29.3196 3.68804
    endloop
  endfacet
  facet normal -0.920484 0.322054 0.221339
    outer loop
      vertex 39.9047 29.1312 13.912
      vertex 39.8798 28.91 14.1303
      vertex 39.9496 29.1095 14.1303
    endloop
  endfacet
  facet normal 0.308314 -0.308314 -0.899936
    outer loop
      vertex 70.5317 -29.116 2.95328
      vertex 70.4582 -28.9059 2.85612
      vertex 70.616 -29.0317 2.95328
    endloop
  endfacet
  facet normal 0.308314 -0.308314 -0.899936
    outer loop
      vertex 70.4582 -28.9059 2.85612
      vertex 70.5317 -29.116 2.95328
      vertex 70.4059 -28.9582 2.85612
    endloop
  endfacet
  facet normal 0 -0.623414 -0.781892
    outer loop
      vertex 40.8 -29.4071 3.09289
      vertex 70.2 -29.232 2.95328
      vertex 70.2 -29.4071 3.09289
    endloop
  endfacet
  facet normal -0 -0.623414 -0.781892
    outer loop
      vertex 70.2 -29.232 2.95328
      vertex 40.8 -29.4071 3.09289
      vertex 40.8 -29.232 2.95328
    endloop
  endfacet
  facet normal 0.222504 0.0250205 -0.974611
    outer loop
      vertex 70.312 28.7 2.80629
      vertex 70.3092 28.7249 2.80629
      vertex 70.522 28.7735 2.85612
    endloop
  endfacet
  facet normal 0.621957 -0.0698651 -0.779928
    outer loop
      vertex 70.8894 -28.8573 3.09289
      vertex 70.7187 -28.8184 2.95328
      vertex 70.732 -28.7 2.95328
    endloop
  endfacet
  facet normal 0.297908 -0.851469 -0.431568
    outer loop
      vertex 70.41 -29.6202 3.46972
      vertex 70.3884 -29.5255 3.26797
      vertex 70.6095 -29.5504 3.46972
    endloop
  endfacet
  facet normal -0.119259 -0.189483 -0.974615
    outer loop
      vertex 40.6567 -28.9976 2.85612
      vertex 40.5941 -28.9582 2.85612
      vertex 40.7514 -28.8009 2.80629
    endloop
  endfacet
  facet normal -0.048683 -0.433389 -0.899891
    outer loop
      vertex 40.8 -29.232 2.95328
      vertex 40.6816 -29.2187 2.95328
      vertex 40.7265 -29.022 2.85612
    endloop
  endfacet
  facet normal -0.189175 -0.119573 -0.974636
    outer loop
      vertex 40.7125 -28.7698 2.80629
      vertex 40.5418 -28.9059 2.85612
      vertex 40.6991 -28.7486 2.80629
    endloop
  endfacet
  facet normal 0.22247 -0.0251224 -0.974616
    outer loop
      vertex 70.522 -28.7735 2.85612
      vertex 70.312 -28.7 2.80629
      vertex 70.5303 -28.7 2.85612
    endloop
  endfacet
  facet normal 0.433979 0 -0.900923
    outer loop
      vertex 70.5303 4.8 2.85612
      vertex 70.732 28.7 2.95328
      vertex 70.732 4.8 2.95328
    endloop
  endfacet
  facet normal 0.433979 0 -0.900923
    outer loop
      vertex 70.732 28.7 2.95328
      vertex 70.5303 4.8 2.85612
      vertex 70.5303 28.7 2.85612
    endloop
  endfacet
  facet normal 0.433979 0 -0.900923
    outer loop
      vertex 70.5303 -28.7 2.85612
      vertex 70.732 -4 2.95328
      vertex 70.732 -28.7 2.95328
    endloop
  endfacet
  facet normal 0.433979 0 -0.900923
    outer loop
      vertex 70.732 -4 2.95328
      vertex 70.5303 -28.7 2.85612
      vertex 70.5303 -4 2.85612
    endloop
  endfacet
  facet normal 0.0738757 0.211333 -0.974618
    outer loop
      vertex 70.3433 28.9976 2.85612
      vertex 70.2486 28.8009 2.80629
      vertex 70.2735 29.022 2.85612
    endloop
  endfacet
  facet normal 0.433459 0.0489485 -0.899843
    outer loop
      vertex 70.5303 28.7 2.85612
      vertex 70.522 28.7735 2.85612
      vertex 70.732 28.7 2.95328
    endloop
  endfacet
  facet normal 0.211333 0.0738757 -0.974618
    outer loop
      vertex 70.522 28.7735 2.85612
      vertex 70.3009 28.7486 2.80629
      vertex 70.4976 28.8433 2.85612
    endloop
  endfacet
  facet normal -0.532098 -0.846683 0
    outer loop
      vertex 40.1804 -29.4769 3.68804
      vertex 40.3688 -29.5953 13.912
      vertex 40.1804 -29.4769 13.912
    endloop
  endfacet
  facet normal -0.532098 -0.846683 -0
    outer loop
      vertex 40.3688 -29.5953 13.912
      vertex 40.1804 -29.4769 3.68804
      vertex 40.3688 -29.5953 3.68804
    endloop
  endfacet
  facet normal -0.0876435 -0.77887 -0.621032
    outer loop
      vertex 40.8 -29.5467 3.26797
      vertex 40.6116 -29.5255 3.26797
      vertex 40.8 -29.4071 3.09289
    endloop
  endfacet
  facet normal -0.322024 -0.920507 -0.221286
    outer loop
      vertex 40.5789 -29.6688 3.68804
      vertex 40.3688 -29.5953 3.68804
      vertex 40.59 -29.6202 3.46972
    endloop
  endfacet
  facet normal -0.969133 -0.109142 -0.221065
    outer loop
      vertex 39.8312 -28.9211 3.68804
      vertex 39.8063 -28.7 3.68804
      vertex 39.8561 -28.7 3.46972
    endloop
  endfacet
  facet normal -1 0 0
    outer loop
      vertex 39.8063 4.8 3.68804
      vertex 39.8063 28.7 13.912
      vertex 39.8063 28.7 3.68804
    endloop
  endfacet
  facet normal -1 -0 0
    outer loop
      vertex 39.8063 28.7 13.912
      vertex 39.8063 4.8 3.68804
      vertex 39.8063 4.8 13.912
    endloop
  endfacet
  facet normal -1 0 0
    outer loop
      vertex 39.8063 -4 3.68804
      vertex 39.8063 -4.4 9.2
      vertex 39.8063 -4 9.2
    endloop
  endfacet
  facet normal -1 0 0
    outer loop
      vertex 39.8063 -4.4 9.2
      vertex 39.8063 -19.1631 9.85522
      vertex 39.8063 -4.4 11.8
    endloop
  endfacet
  facet normal -1 0 0
    outer loop
      vertex 39.8063 -19.1865 9.76789
      vertex 39.8063 -4.4 9.2
      vertex 39.8063 -4 3.68804
    endloop
  endfacet
  facet normal -1 0 0
    outer loop
      vertex 39.8063 -4.4 9.2
      vertex 39.8063 -19.1747 9.81204
      vertex 39.8063 -19.1631 9.85522
    endloop
  endfacet
  facet normal -1 0 0
    outer loop
      vertex 39.8063 -4.4 9.2
      vertex 39.8063 -19.1865 9.76789
      vertex 39.8063 -19.1747 9.81204
    endloop
  endfacet
  facet normal -1 0 0
    outer loop
      vertex 39.8063 -4 3.68804
      vertex 39.8063 -19.2274 9.6955
      vertex 39.8063 -19.1865 9.76789
    endloop
  endfacet
  facet normal -1 0 0
    outer loop
      vertex 39.8063 -4 3.68804
      vertex 39.8063 -19.2321 9.68719
      vertex 39.8063 -19.2274 9.6955
    endloop
  endfacet
  facet normal -1 0 0
    outer loop
      vertex 39.8063 -4 3.68804
      vertex 39.8063 -19.2358 9.68332
      vertex 39.8063 -19.2321 9.68719
    endloop
  endfacet
  facet normal -1 0 0
    outer loop
      vertex 39.8063 -4 3.68804
      vertex 39.8063 -19.2413 9.67737
      vertex 39.8063 -19.2358 9.68332
    endloop
  endfacet
  facet normal -1 0 0
    outer loop
      vertex 39.8063 -4 3.68804
      vertex 39.8063 -19.3088 9.61716
      vertex 39.8063 -19.2413 9.67737
    endloop
  endfacet
  facet normal -1 0 0
    outer loop
      vertex 39.8063 -4 3.68804
      vertex 39.8063 -19.3355 9.60202
      vertex 39.8063 -19.3088 9.61716
    endloop
  endfacet
  facet normal -1 0 0
    outer loop
      vertex 39.8063 -4 3.68804
      vertex 39.8063 -19.3718 9.58651
      vertex 39.8063 -19.3355 9.60202
    endloop
  endfacet
  facet normal -1 0 0
    outer loop
      vertex 39.8063 -4 3.68804
      vertex 39.8063 -19.4007 9.57419
      vertex 39.8063 -19.3718 9.58651
    endloop
  endfacet
  facet normal -1 0 0
    outer loop
      vertex 39.8063 -4 3.68804
      vertex 39.8063 -19.4493 9.56131
      vertex 39.8063 -19.4007 9.57419
    endloop
  endfacet
  facet normal -1 0 0
    outer loop
      vertex 39.8063 -28.7 3.68804
      vertex 39.8063 -19.4493 9.56131
      vertex 39.8063 -4 3.68804
    endloop
  endfacet
  facet normal -1 0 0
    outer loop
      vertex 39.8063 -19.4493 9.56131
      vertex 39.8063 -28.7 3.68804
      vertex 39.8063 -19.4525 9.56079
    endloop
  endfacet
  facet normal -1 0 0
    outer loop
      vertex 39.8063 -19.4525 9.56079
      vertex 39.8063 -28.7 3.68804
      vertex 39.8063 -19.4529 9.56073
    endloop
  endfacet
  facet normal -1 0 0
    outer loop
      vertex 39.8063 -19.4529 9.56073
      vertex 39.8063 -28.7 3.68804
      vertex 39.8063 -19.4534 9.5607
    endloop
  endfacet
  facet normal -1 0 0
    outer loop
      vertex 39.8063 -19.4534 9.5607
      vertex 39.8063 -28.7 3.68804
      vertex 39.8063 -19.5 9.55817
    endloop
  endfacet
  facet normal -1 -0 0
    outer loop
      vertex 39.8063 -19.5 9.55817
      vertex 39.8063 -28.7 3.68804
      vertex 39.8063 -20.5 9.55817
    endloop
  endfacet
  facet normal -1 -0 0
    outer loop
      vertex 39.8063 -20.5 9.55817
      vertex 39.8063 -28.7 3.68804
      vertex 39.8063 -20.5466 9.5607
    endloop
  endfacet
  facet normal -1 -0 0
    outer loop
      vertex 39.8063 -20.5466 9.5607
      vertex 39.8063 -28.7 3.68804
      vertex 39.8063 -20.5471 9.56073
    endloop
  endfacet
  facet normal -1 -0 0
    outer loop
      vertex 39.8063 -20.5471 9.56073
      vertex 39.8063 -28.7 3.68804
      vertex 39.8063 -20.5475 9.56079
    endloop
  endfacet
  facet normal -1 -0 0
    outer loop
      vertex 39.8063 -20.5475 9.56079
      vertex 39.8063 -28.7 3.68804
      vertex 39.8063 -20.5507 9.56131
    endloop
  endfacet
  facet normal -1 0 0
    outer loop
      vertex 39.8063 -20.7587 9.67737
      vertex 39.8063 -20.7679 9.68719
      vertex 39.8063 -20.7642 9.68332
    endloop
  endfacet
  facet normal 1 0 0
    outer loop
      vertex 39.8063 -20.7679 9.68719
      vertex 39.8063 -20.8135 9.76789
      vertex 39.8063 -20.7726 9.6955
    endloop
  endfacet
  facet normal -1 0 0
    outer loop
      vertex 39.8063 -20.8135 9.76789
      vertex 39.8063 -20.8369 9.85522
      vertex 39.8063 -20.8253 9.81204
    endloop
  endfacet
  facet normal -1 0 0
    outer loop
      vertex 39.8063 -28.7 13.912
      vertex 39.8063 -20.8369 9.85522
      vertex 39.8063 -28.7 3.68804
    endloop
  endfacet
  facet normal -1 -0 0
    outer loop
      vertex 39.8063 -20.8135 9.76789
      vertex 39.8063 -28.7 3.68804
      vertex 39.8063 -20.8369 9.85522
    endloop
  endfacet
  facet normal -1 -0 0
    outer loop
      vertex 39.8063 -20.7679 9.68719
      vertex 39.8063 -28.7 3.68804
      vertex 39.8063 -20.8135 9.76789
    endloop
  endfacet
  facet normal -1 -0 0
    outer loop
      vertex 39.8063 -20.7587 9.67737
      vertex 39.8063 -28.7 3.68804
      vertex 39.8063 -20.7679 9.68719
    endloop
  endfacet
  facet normal -1 -0 0
    outer loop
      vertex 39.8063 -20.6912 9.61716
      vertex 39.8063 -28.7 3.68804
      vertex 39.8063 -20.7587 9.67737
    endloop
  endfacet
  facet normal -1 -0 0
    outer loop
      vertex 39.8063 -20.6645 9.60202
      vertex 39.8063 -28.7 3.68804
      vertex 39.8063 -20.6912 9.61716
    endloop
  endfacet
  facet normal -1 -0 0
    outer loop
      vertex 39.8063 -20.6282 9.58651
      vertex 39.8063 -28.7 3.68804
      vertex 39.8063 -20.6645 9.60202
    endloop
  endfacet
  facet normal -1 -0 0
    outer loop
      vertex 39.8063 -20.5993 9.57419
      vertex 39.8063 -28.7 3.68804
      vertex 39.8063 -20.6282 9.58651
    endloop
  endfacet
  facet normal -1 -0 0
    outer loop
      vertex 39.8063 -20.5507 9.56131
      vertex 39.8063 -28.7 3.68804
      vertex 39.8063 -20.5993 9.57419
    endloop
  endfacet
  facet normal -1 0 0
    outer loop
      vertex 39.8063 -4.4 11.8
      vertex 39.8063 -4 13.912
      vertex 39.8063 -4 11.8
    endloop
  endfacet
  facet normal -1 0 0
    outer loop
      vertex 39.8063 -19.1631 11.5448
      vertex 39.8063 -4.4 11.8
      vertex 39.8063 -19.1631 9.85522
    endloop
  endfacet
  facet normal -1 0 0
    outer loop
      vertex 39.8063 -19.1747 11.588
      vertex 39.8063 -4.4 11.8
      vertex 39.8063 -19.1631 11.5448
    endloop
  endfacet
  facet normal -1 0 0
    outer loop
      vertex 39.8063 -19.1865 11.6321
      vertex 39.8063 -4.4 11.8
      vertex 39.8063 -19.1747 11.588
    endloop
  endfacet
  facet normal -1 -0 0
    outer loop
      vertex 39.8063 -4.4 11.8
      vertex 39.8063 -19.1865 11.6321
      vertex 39.8063 -4 13.912
    endloop
  endfacet
  facet normal -1 0 0
    outer loop
      vertex 39.8063 -19.2274 11.7045
      vertex 39.8063 -4 13.912
      vertex 39.8063 -19.1865 11.6321
    endloop
  endfacet
  facet normal -1 0 0
    outer loop
      vertex 39.8063 -19.2321 11.7128
      vertex 39.8063 -4 13.912
      vertex 39.8063 -19.2274 11.7045
    endloop
  endfacet
  facet normal -1 0 0
    outer loop
      vertex 39.8063 -19.2358 11.7167
      vertex 39.8063 -4 13.912
      vertex 39.8063 -19.2321 11.7128
    endloop
  endfacet
  facet normal -1 0 0
    outer loop
      vertex 39.8063 -19.2413 11.7226
      vertex 39.8063 -4 13.912
      vertex 39.8063 -19.2358 11.7167
    endloop
  endfacet
  facet normal -1 0 0
    outer loop
      vertex 39.8063 -19.3088 11.7828
      vertex 39.8063 -4 13.912
      vertex 39.8063 -19.2413 11.7226
    endloop
  endfacet
  facet normal -1 0 0
    outer loop
      vertex 39.8063 -19.3355 11.798
      vertex 39.8063 -4 13.912
      vertex 39.8063 -19.3088 11.7828
    endloop
  endfacet
  facet normal -1 0 0
    outer loop
      vertex 39.8063 -19.3718 11.8135
      vertex 39.8063 -4 13.912
      vertex 39.8063 -19.3355 11.798
    endloop
  endfacet
  facet normal -1 0 0
    outer loop
      vertex 39.8063 -19.4007 11.8258
      vertex 39.8063 -4 13.912
      vertex 39.8063 -19.3718 11.8135
    endloop
  endfacet
  facet normal -1 0 0
    outer loop
      vertex 39.8063 -19.4493 11.8387
      vertex 39.8063 -4 13.912
      vertex 39.8063 -19.4007 11.8258
    endloop
  endfacet
  facet normal -1 0 0
    outer loop
      vertex 39.8063 -19.4525 11.8392
      vertex 39.8063 -4 13.912
      vertex 39.8063 -19.4493 11.8387
    endloop
  endfacet
  facet normal -1 0 0
    outer loop
      vertex 39.8063 -19.4529 11.8393
      vertex 39.8063 -4 13.912
      vertex 39.8063 -19.4525 11.8392
    endloop
  endfacet
  facet normal -1 0 0
    outer loop
      vertex 39.8063 -28.7 13.912
      vertex 39.8063 -19.4529 11.8393
      vertex 39.8063 -19.4534 11.8393
    endloop
  endfacet
  facet normal -1 0 0
    outer loop
      vertex 39.8063 -28.7 13.912
      vertex 39.8063 -19.4534 11.8393
      vertex 39.8063 -19.5 11.8418
    endloop
  endfacet
  facet normal -1 0 0
    outer loop
      vertex 39.8063 -28.7 13.912
      vertex 39.8063 -19.5 11.8418
      vertex 39.8063 -20.5 11.8418
    endloop
  endfacet
  facet normal -1 0 0
    outer loop
      vertex 39.8063 -28.7 13.912
      vertex 39.8063 -20.5 11.8418
      vertex 39.8063 -20.5466 11.8393
    endloop
  endfacet
  facet normal -1 0 0
    outer loop
      vertex 39.8063 -28.7 13.912
      vertex 39.8063 -20.5466 11.8393
      vertex 39.8063 -20.5471 11.8393
    endloop
  endfacet
  facet normal -1 0 0
    outer loop
      vertex 39.8063 -20.7679 11.7128
      vertex 39.8063 -20.7587 11.7226
      vertex 39.8063 -20.7642 11.7167
    endloop
  endfacet
  facet normal -1 0 0
    outer loop
      vertex 39.8063 -28.7 13.912
      vertex 39.8063 -20.7726 11.7045
      vertex 39.8063 -20.8135 11.6321
    endloop
  endfacet
  facet normal -1 0 0
    outer loop
      vertex 39.8063 -28.7 13.912
      vertex 39.8063 -20.8253 11.588
      vertex 39.8063 -20.8369 11.5448
    endloop
  endfacet
  facet normal -1 0 0
    outer loop
      vertex 39.8063 -20.8369 9.85522
      vertex 39.8063 -28.7 13.912
      vertex 39.8063 -20.8369 11.5448
    endloop
  endfacet
  facet normal -1 0 0
    outer loop
      vertex 39.8063 -20.8253 11.588
      vertex 39.8063 -28.7 13.912
      vertex 39.8063 -20.8135 11.6321
    endloop
  endfacet
  facet normal -1 0 0
    outer loop
      vertex 39.8063 -20.7726 11.7045
      vertex 39.8063 -28.7 13.912
      vertex 39.8063 -20.7679 11.7128
    endloop
  endfacet
  facet normal -1 0 0
    outer loop
      vertex 39.8063 -19.4529 11.8393
      vertex 39.8063 -28.7 13.912
      vertex 39.8063 -4 13.912
    endloop
  endfacet
  facet normal -1 0 0
    outer loop
      vertex 39.8063 -20.5475 11.8392
      vertex 39.8063 -28.7 13.912
      vertex 39.8063 -20.5471 11.8393
    endloop
  endfacet
  facet normal -1 0 0
    outer loop
      vertex 39.8063 -20.5507 11.8387
      vertex 39.8063 -28.7 13.912
      vertex 39.8063 -20.5475 11.8392
    endloop
  endfacet
  facet normal -1 0 0
    outer loop
      vertex 39.8063 -20.5993 11.8258
      vertex 39.8063 -28.7 13.912
      vertex 39.8063 -20.5507 11.8387
    endloop
  endfacet
  facet normal -1 0 0
    outer loop
      vertex 39.8063 -20.6282 11.8135
      vertex 39.8063 -28.7 13.912
      vertex 39.8063 -20.5993 11.8258
    endloop
  endfacet
  facet normal -1 0 0
    outer loop
      vertex 39.8063 -20.6645 11.798
      vertex 39.8063 -28.7 13.912
      vertex 39.8063 -20.6282 11.8135
    endloop
  endfacet
  facet normal -1 0 0
    outer loop
      vertex 39.8063 -20.6912 11.7828
      vertex 39.8063 -28.7 13.912
      vertex 39.8063 -20.6645 11.798
    endloop
  endfacet
  facet normal -1 0 0
    outer loop
      vertex 39.8063 -20.7587 11.7226
      vertex 39.8063 -28.7 13.912
      vertex 39.8063 -20.6912 11.7828
    endloop
  endfacet
  facet normal -1 0 0
    outer loop
      vertex 39.8063 -20.7679 11.7128
      vertex 39.8063 -28.7 13.912
      vertex 39.8063 -20.7587 11.7226
    endloop
  endfacet
  facet normal -0.900895 0 -0.434037
    outer loop
      vertex 39.9533 4.8 3.26797
      vertex 39.8561 28.7 3.46972
      vertex 39.9533 28.7 3.26797
    endloop
  endfacet
  facet normal -0.900895 -0 -0.434037
    outer loop
      vertex 39.8561 28.7 3.46972
      vertex 39.9533 4.8 3.26797
      vertex 39.8561 4.8 3.46972
    endloop
  endfacet
  facet normal -0.900895 0 -0.434037
    outer loop
      vertex 39.9533 -28.7 3.26797
      vertex 39.8561 -4 3.46972
      vertex 39.9533 -4 3.26797
    endloop
  endfacet
  facet normal -0.900895 -0 -0.434037
    outer loop
      vertex 39.8561 -4 3.46972
      vertex 39.9533 -28.7 3.26797
      vertex 39.8561 -28.7 3.46972
    endloop
  endfacet
  facet normal -0.111911 0.993718 0
    outer loop
      vertex 40.8 29.6937 3.68804
      vertex 40.5789 29.6688 13.912
      vertex 40.8 29.6937 13.912
    endloop
  endfacet
  facet normal -0.111911 0.993718 0
    outer loop
      vertex 40.5789 29.6688 13.912
      vertex 40.8 29.6937 3.68804
      vertex 40.5789 29.6688 3.68804
    endloop
  endfacet
  facet normal -0.0250062 -0.222377 0.97464
    outer loop
      vertex 40.7751 -28.8092 14.7937
      vertex 40.7265 -29.022 14.7439
      vertex 40.8 -28.812 14.7937
    endloop
  endfacet
  facet normal 0.518585 0.825861 0.221413
    outer loop
      vertex 70.6312 29.5953 13.912
      vertex 70.6095 29.5504 14.1303
      vertex 70.7885 29.438 14.1303
    endloop
  endfacet
  facet normal 0.529922 0.333128 0.779877
    outer loop
      vertex 70.7528 29.1409 14.5071
      vertex 70.616 29.0317 14.6467
      vertex 70.8371 29.0068 14.5071
    endloop
  endfacet
  facet normal 0.480019 0.763558 0.431927
    outer loop
      vertex 70.7885 29.438 14.1303
      vertex 70.5674 29.4629 14.332
      vertex 70.7279 29.362 14.332
    endloop
  endfacet
  facet normal 0.518935 0.825738 -0.221052
    outer loop
      vertex 70.7885 29.438 3.46972
      vertex 70.6312 29.5953 3.68804
      vertex 70.8196 29.4769 3.68804
    endloop
  endfacet
  facet normal 0.0251224 0.22247 -0.974616
    outer loop
      vertex 70.2735 29.022 2.85612
      vertex 70.2 28.812 2.80629
      vertex 70.2 29.0303 2.85612
    endloop
  endfacet
  facet normal 0.0489485 0.433459 -0.899843
    outer loop
      vertex 70.2735 29.022 2.85612
      vertex 70.2 29.0303 2.85612
      vertex 70.2 29.232 2.95328
    endloop
  endfacet
  facet normal 0.480041 0.763594 -0.431839
    outer loop
      vertex 70.7279 29.362 3.26797
      vertex 70.5674 29.4629 3.26797
      vertex 70.7885 29.438 3.46972
    endloop
  endfacet
  facet normal 0.322055 0.920488 -0.22132
    outer loop
      vertex 70.6095 29.5504 3.46972
      vertex 70.41 29.6202 3.46972
      vertex 70.6312 29.5953 3.68804
    endloop
  endfacet
  facet normal 0.0740055 0.211317 -0.974612
    outer loop
      vertex 70.2486 28.8009 2.80629
      vertex 70.2249 28.8092 2.80629
      vertex 70.2735 29.022 2.85612
    endloop
  endfacet
  facet normal 0.158296 0.158296 -0.97462
    outer loop
      vertex 70.2875 28.7698 2.80629
      vertex 70.4059 28.9582 2.85612
      vertex 70.4582 28.9059 2.85612
    endloop
  endfacet
  facet normal 0.158296 0.158296 -0.97462
    outer loop
      vertex 70.4059 28.9582 2.85612
      vertex 70.2875 28.7698 2.80629
      vertex 70.2698 28.7875 2.80629
    endloop
  endfacet
  facet normal -0.158296 -0.158296 -0.97462
    outer loop
      vertex 40.5941 -28.9582 2.85612
      vertex 40.7125 -28.7698 2.80629
      vertex 40.7302 -28.7875 2.80629
    endloop
  endfacet
  facet normal -0.158296 -0.158296 -0.97462
    outer loop
      vertex 40.7125 -28.7698 2.80629
      vertex 40.5941 -28.9582 2.85612
      vertex 40.5418 -28.9059 2.85612
    endloop
  endfacet
  facet normal 0.763594 0.480041 -0.431839
    outer loop
      vertex 70.9629 29.0674 3.26797
      vertex 70.862 29.2279 3.26797
      vertex 70.938 29.2885 3.46972
    endloop
  endfacet
  facet normal 0.206978 0.590465 -0.780071
    outer loop
      vertex 70.4308 29.1793 2.95328
      vertex 70.3184 29.2187 2.95328
      vertex 70.5068 29.3371 3.09289
    endloop
  endfacet
  facet normal 0.623414 0 -0.781892
    outer loop
      vertex 70.732 4.8 2.95328
      vertex 70.9071 28.7 3.09289
      vertex 70.9071 4.8 3.09289
    endloop
  endfacet
  facet normal 0.623414 0 -0.781892
    outer loop
      vertex 70.9071 28.7 3.09289
      vertex 70.732 4.8 2.95328
      vertex 70.732 28.7 2.95328
    endloop
  endfacet
  facet normal 0.623414 0 -0.781892
    outer loop
      vertex 70.732 -28.7 2.95328
      vertex 70.9071 -4 3.09289
      vertex 70.9071 -28.7 3.09289
    endloop
  endfacet
  facet normal 0.623414 0 -0.781892
    outer loop
      vertex 70.9071 -4 3.09289
      vertex 70.732 -28.7 2.95328
      vertex 70.732 -4 2.95328
    endloop
  endfacet
  facet normal 0.900895 0 -0.434037
    outer loop
      vertex 71.1439 4.8 3.46972
      vertex 71.0467 28.7 3.26797
      vertex 71.1439 28.7 3.46972
    endloop
  endfacet
  facet normal 0.900895 0 -0.434037
    outer loop
      vertex 71.0467 28.7 3.26797
      vertex 71.1439 4.8 3.46972
      vertex 71.0467 4.8 3.26797
    endloop
  endfacet
  facet normal 0.900895 0 -0.434037
    outer loop
      vertex 71.1439 -28.7 3.46972
      vertex 71.0467 -4 3.26797
      vertex 71.1439 -4 3.46972
    endloop
  endfacet
  facet normal 0.900895 0 -0.434037
    outer loop
      vertex 71.0467 -4 3.26797
      vertex 71.1439 -28.7 3.46972
      vertex 71.0467 -28.7 3.26797
    endloop
  endfacet
  facet normal 0.144317 0.411705 0.899817
    outer loop
      vertex 70.3184 29.2187 14.6467
      vertex 70.2735 29.022 14.7439
      vertex 70.4308 29.1793 14.6467
    endloop
  endfacet
  facet normal 0.920484 0.322054 0.221339
    outer loop
      vertex 71.0953 29.1312 13.912
      vertex 71.0504 29.1095 14.1303
      vertex 71.1202 28.91 14.1303
    endloop
  endfacet
  facet normal 0.189175 0.119573 -0.974636
    outer loop
      vertex 70.3009 28.7486 2.80629
      vertex 70.2875 28.7698 2.80629
      vertex 70.4582 28.9059 2.85612
    endloop
  endfacet
  facet normal 0.189483 0.119259 -0.974615
    outer loop
      vertex 70.4976 28.8433 2.85612
      vertex 70.3009 28.7486 2.80629
      vertex 70.4582 28.9059 2.85612
    endloop
  endfacet
  facet normal -0.0738757 -0.211333 -0.974618
    outer loop
      vertex 40.7265 -29.022 2.85612
      vertex 40.6567 -28.9976 2.85612
      vertex 40.7514 -28.8009 2.80629
    endloop
  endfacet
  facet normal -0.0738335 -0.211212 0.974648
    outer loop
      vertex 40.7514 -28.8009 14.7937
      vertex 40.6567 -28.9976 14.7439
      vertex 40.7265 -29.022 14.7439
    endloop
  endfacet
  facet normal -0.851516 0.297793 0.431555
    outer loop
      vertex 40.0371 29.0674 14.332
      vertex 39.9496 29.1095 14.1303
      vertex 39.9745 28.8884 14.332
    endloop
  endfacet
  facet normal -0.920503 0.322023 0.221305
    outer loop
      vertex 39.9047 29.1312 13.912
      vertex 39.8312 28.9211 13.912
      vertex 39.8798 28.91 14.1303
    endloop
  endfacet
  facet normal -0.33021 0.943907 0
    outer loop
      vertex 40.5789 29.6688 3.68804
      vertex 40.3688 29.5953 13.912
      vertex 40.5789 29.6688 13.912
    endloop
  endfacet
  facet normal -0.33021 0.943907 0
    outer loop
      vertex 40.3688 29.5953 13.912
      vertex 40.5789 29.6688 3.68804
      vertex 40.3688 29.5953 3.68804
    endloop
  endfacet
  facet normal -0.518933 0.825734 0.221071
    outer loop
      vertex 40.3688 29.5953 13.912
      vertex 40.1804 29.4769 13.912
      vertex 40.2115 29.438 14.1303
    endloop
  endfacet
  facet normal -0.85143 0.297894 0.431656
    outer loop
      vertex 39.9496 29.1095 14.1303
      vertex 39.8798 28.91 14.1303
      vertex 39.9745 28.8884 14.332
    endloop
  endfacet
  facet normal -0.66354 0.417125 0.621065
    outer loop
      vertex 40.2472 29.1409 14.5071
      vertex 40.138 29.2279 14.332
      vertex 40.1629 29.0068 14.5071
    endloop
  endfacet
  facet normal -0.433604 0.0489648 0.899772
    outer loop
      vertex 40.478 28.7735 14.7439
      vertex 40.268 28.7 14.6467
      vertex 40.4697 28.7 14.7439
    endloop
  endfacet
  facet normal -0.222342 0.025108 0.974645
    outer loop
      vertex 40.478 28.7735 14.7439
      vertex 40.4697 28.7 14.7439
      vertex 40.688 28.7 14.7937
    endloop
  endfacet
  facet normal -0.0489648 0.433604 0.899772
    outer loop
      vertex 40.8 29.232 14.6467
      vertex 40.7265 29.022 14.7439
      vertex 40.8 29.0303 14.7439
    endloop
  endfacet
  facet normal -0.417125 0.66354 0.621065
    outer loop
      vertex 40.4932 29.3371 14.5071
      vertex 40.2721 29.362 14.332
      vertex 40.3591 29.2528 14.5071
    endloop
  endfacet
  facet normal -0.89634 0.101158 0.431673
    outer loop
      vertex 39.8798 28.91 14.1303
      vertex 39.8561 28.7 14.1303
      vertex 39.9745 28.8884 14.332
    endloop
  endfacet
  facet normal -0.89626 0.100853 0.431911
    outer loop
      vertex 39.9745 28.8884 14.332
      vertex 39.8561 28.7 14.1303
      vertex 39.9533 28.7 14.332
    endloop
  endfacet
  facet normal -0.322023 0.920503 0.221305
    outer loop
      vertex 40.5789 29.6688 13.912
      vertex 40.3688 29.5953 13.912
      vertex 40.59 29.6202 14.1303
    endloop
  endfacet
  facet normal -0.258731 0.739821 0.621066
    outer loop
      vertex 40.6116 29.5255 14.332
      vertex 40.4326 29.4629 14.332
      vertex 40.4932 29.3371 14.5071
    endloop
  endfacet
  facet normal 0.100853 0.89626 0.431911
    outer loop
      vertex 70.2 29.6439 14.1303
      vertex 70.2 29.5467 14.332
      vertex 70.3884 29.5255 14.332
    endloop
  endfacet
  facet normal 0.0876474 0.778904 0.620988
    outer loop
      vertex 70.2 29.5467 14.332
      vertex 70.2 29.4071 14.5071
      vertex 70.3884 29.5255 14.332
    endloop
  endfacet
  facet normal 0.333128 0.529922 0.779877
    outer loop
      vertex 70.6409 29.2528 14.5071
      vertex 70.5068 29.3371 14.5071
      vertex 70.5317 29.116 14.6467
    endloop
  endfacet
  facet normal -0.369102 -0.23231 0.899886
    outer loop
      vertex 40.5024 -28.8433 14.7439
      vertex 40.384 -29.0317 14.6467
      vertex 40.5418 -28.9059 14.7439
    endloop
  endfacet
  facet normal -0.189374 -0.119191 0.974644
    outer loop
      vertex 40.6991 -28.7486 14.7937
      vertex 40.5024 -28.8433 14.7439
      vertex 40.5418 -28.9059 14.7439
    endloop
  endfacet
  facet normal -0.920503 -0.322023 0.221305
    outer loop
      vertex 39.8798 -28.91 14.1303
      vertex 39.8312 -28.9211 13.912
      vertex 39.9047 -29.1312 13.912
    endloop
  endfacet
  facet normal -0.663527 -0.417133 0.621073
    outer loop
      vertex 40.1629 -29.0068 14.5071
      vertex 40.0371 -29.0674 14.332
      vertex 40.138 -29.2279 14.332
    endloop
  endfacet
  facet normal -0.417125 -0.66354 0.621065
    outer loop
      vertex 40.3591 -29.2528 14.5071
      vertex 40.2721 -29.362 14.332
      vertex 40.4932 -29.3371 14.5071
    endloop
  endfacet
  facet normal -0.763558 -0.480019 0.431927
    outer loop
      vertex 40.138 -29.2279 14.332
      vertex 40.0371 -29.0674 14.332
      vertex 40.062 -29.2885 14.1303
    endloop
  endfacet
  facet normal -0.297793 -0.851516 0.431555
    outer loop
      vertex 40.4326 -29.4629 14.332
      vertex 40.3905 -29.5504 14.1303
      vertex 40.6116 -29.5255 14.332
    endloop
  endfacet
  facet normal -0.518585 -0.825861 0.221413
    outer loop
      vertex 40.3905 -29.5504 14.1303
      vertex 40.2115 -29.438 14.1303
      vertex 40.3688 -29.5953 13.912
    endloop
  endfacet
  facet normal 0.0876454 -0.778905 0.620987
    outer loop
      vertex 70.3573 -29.3894 14.5071
      vertex 70.2 -29.4071 14.5071
      vertex 70.3884 -29.5255 14.332
    endloop
  endfacet
  facet normal 0.069974 -0.621859 0.779997
    outer loop
      vertex 70.2 -29.232 14.6467
      vertex 70.2 -29.4071 14.5071
      vertex 70.3573 -29.3894 14.5071
    endloop
  endfacet
  facet normal 0.111911 -0.993718 0
    outer loop
      vertex 70.2 -29.6937 3.68804
      vertex 70.4211 -29.6688 13.912
      vertex 70.2 -29.6937 13.912
    endloop
  endfacet
  facet normal 0.111911 -0.993718 0
    outer loop
      vertex 70.4211 -29.6688 13.912
      vertex 70.2 -29.6937 3.68804
      vertex 70.4211 -29.6688 3.68804
    endloop
  endfacet
  facet normal 0.109142 -0.969133 -0.221065
    outer loop
      vertex 70.4211 -29.6688 3.68804
      vertex 70.2 -29.6937 3.68804
      vertex 70.2 -29.6439 3.46972
    endloop
  endfacet
  facet normal 1 0 0
    outer loop
      vertex 71.1937 -4 13.912
      vertex 71.1937 -4.4 11.8
      vertex 71.1937 -4 11.8
    endloop
  endfacet
  facet normal 1 0 0
    outer loop
      vertex 71.1937 -19.1631 9.85522
      vertex 71.1937 -4.4 11.8
      vertex 71.1937 -19.1631 11.5448
    endloop
  endfacet
  facet normal 1 0 0
    outer loop
      vertex 71.1937 -19.1865 11.6321
      vertex 71.1937 -4.4 11.8
      vertex 71.1937 -4 13.912
    endloop
  endfacet
  facet normal 1 0 0
    outer loop
      vertex 71.1937 -4.4 11.8
      vertex 71.1937 -19.1747 11.588
      vertex 71.1937 -19.1631 11.5448
    endloop
  endfacet
  facet normal 1 0 0
    outer loop
      vertex 71.1937 -4.4 11.8
      vertex 71.1937 -19.1865 11.6321
      vertex 71.1937 -19.1747 11.588
    endloop
  endfacet
  facet normal 1 0 0
    outer loop
      vertex 71.1937 -4 13.912
      vertex 71.1937 -19.2274 11.7045
      vertex 71.1937 -19.1865 11.6321
    endloop
  endfacet
  facet normal 1 0 0
    outer loop
      vertex 71.1937 -4 13.912
      vertex 71.1937 -19.2321 11.7128
      vertex 71.1937 -19.2274 11.7045
    endloop
  endfacet
  facet normal 1 0 0
    outer loop
      vertex 71.1937 -4 13.912
      vertex 71.1937 -19.2358 11.7167
      vertex 71.1937 -19.2321 11.7128
    endloop
  endfacet
  facet normal 1 0 0
    outer loop
      vertex 71.1937 -4 13.912
      vertex 71.1937 -19.2413 11.7226
      vertex 71.1937 -19.2358 11.7167
    endloop
  endfacet
  facet normal 1 0 0
    outer loop
      vertex 71.1937 -4 13.912
      vertex 71.1937 -19.3088 11.7828
      vertex 71.1937 -19.2413 11.7226
    endloop
  endfacet
  facet normal 1 0 0
    outer loop
      vertex 71.1937 -4 13.912
      vertex 71.1937 -19.3355 11.798
      vertex 71.1937 -19.3088 11.7828
    endloop
  endfacet
  facet normal 1 0 0
    outer loop
      vertex 71.1937 -4 13.912
      vertex 71.1937 -19.3718 11.8135
      vertex 71.1937 -19.3355 11.798
    endloop
  endfacet
  facet normal 1 0 0
    outer loop
      vertex 71.1937 -4 13.912
      vertex 71.1937 -19.4007 11.8258
      vertex 71.1937 -19.3718 11.8135
    endloop
  endfacet
  facet normal 1 0 0
    outer loop
      vertex 71.1937 -4 13.912
      vertex 71.1937 -19.4492 11.8387
      vertex 71.1937 -19.4007 11.8258
    endloop
  endfacet
  facet normal 1 0 0
    outer loop
      vertex 71.1937 -4 13.912
      vertex 71.1937 -19.4525 11.8392
      vertex 71.1937 -19.4492 11.8387
    endloop
  endfacet
  facet normal 1 0 0
    outer loop
      vertex 71.1937 -4 13.912
      vertex 71.1937 -19.4529 11.8393
      vertex 71.1937 -19.4525 11.8392
    endloop
  endfacet
  facet normal 1 -0 0
    outer loop
      vertex 71.1937 -28.7 13.912
      vertex 71.1937 -19.4529 11.8393
      vertex 71.1937 -4 13.912
    endloop
  endfacet
  facet normal 1 0 0
    outer loop
      vertex 71.1937 -19.4529 11.8393
      vertex 71.1937 -28.7 13.912
      vertex 71.1937 -19.4534 11.8393
    endloop
  endfacet
  facet normal 1 0 0
    outer loop
      vertex 71.1937 -19.4534 11.8393
      vertex 71.1937 -28.7 13.912
      vertex 71.1937 -19.5 11.8418
    endloop
  endfacet
  facet normal 1 0 0
    outer loop
      vertex 71.1937 -19.5 11.8418
      vertex 71.1937 -28.7 13.912
      vertex 71.1937 -20.5 11.8418
    endloop
  endfacet
  facet normal 1 0 0
    outer loop
      vertex 71.1937 -20.5 11.8418
      vertex 71.1937 -28.7 13.912
      vertex 71.1937 -20.5466 11.8393
    endloop
  endfacet
  facet normal 1 0 0
    outer loop
      vertex 71.1937 -20.7587 11.7226
      vertex 71.1937 -20.7679 11.7128
      vertex 71.1937 -20.7642 11.7167
    endloop
  endfacet
  facet normal 1 0 0
    outer loop
      vertex 71.1937 -28.7 13.912
      vertex 71.1937 -20.8253 11.588
      vertex 71.1937 -20.8135 11.6321
    endloop
  endfacet
  facet normal 1 0 0
    outer loop
      vertex 71.1937 -20.8369 11.5448
      vertex 71.1937 -28.7 13.912
      vertex 71.1937 -20.8369 9.85522
    endloop
  endfacet
  facet normal 1 0 0
    outer loop
      vertex 71.1937 -20.8253 11.588
      vertex 71.1937 -28.7 13.912
      vertex 71.1937 -20.8369 11.5448
    endloop
  endfacet
  facet normal 1 0 0
    outer loop
      vertex 71.1937 -20.7726 11.7045
      vertex 71.1937 -28.7 13.912
      vertex 71.1937 -20.8135 11.6321
    endloop
  endfacet
  facet normal 1 0 0
    outer loop
      vertex 71.1937 -20.7679 11.7128
      vertex 71.1937 -28.7 13.912
      vertex 71.1937 -20.7726 11.7045
    endloop
  endfacet
  facet normal 1 0 0
    outer loop
      vertex 71.1937 -20.7587 11.7226
      vertex 71.1937 -28.7 13.912
      vertex 71.1937 -20.7679 11.7128
    endloop
  endfacet
  facet normal 1 0 0
    outer loop
      vertex 71.1937 -20.6912 11.7828
      vertex 71.1937 -28.7 13.912
      vertex 71.1937 -20.7587 11.7226
    endloop
  endfacet
  facet normal 1 0 0
    outer loop
      vertex 71.1937 -20.6645 11.798
      vertex 71.1937 -28.7 13.912
      vertex 71.1937 -20.6912 11.7828
    endloop
  endfacet
  facet normal 1 0 0
    outer loop
      vertex 71.1937 -20.6282 11.8135
      vertex 71.1937 -28.7 13.912
      vertex 71.1937 -20.6645 11.798
    endloop
  endfacet
  facet normal 1 0 0
    outer loop
      vertex 71.1937 -20.5993 11.8258
      vertex 71.1937 -28.7 13.912
      vertex 71.1937 -20.6282 11.8135
    endloop
  endfacet
  facet normal 1 0 0
    outer loop
      vertex 71.1937 -20.5508 11.8387
      vertex 71.1937 -28.7 13.912
      vertex 71.1937 -20.5993 11.8258
    endloop
  endfacet
  facet normal 1 0 0
    outer loop
      vertex 71.1937 -20.5475 11.8392
      vertex 71.1937 -28.7 13.912
      vertex 71.1937 -20.5508 11.8387
    endloop
  endfacet
  facet normal 1 0 0
    outer loop
      vertex 71.1937 -20.5471 11.8393
      vertex 71.1937 -28.7 13.912
      vertex 71.1937 -20.5475 11.8392
    endloop
  endfacet
  facet normal 1 0 0
    outer loop
      vertex 71.1937 -20.5466 11.8393
      vertex 71.1937 -28.7 13.912
      vertex 71.1937 -20.5471 11.8393
    endloop
  endfacet
  facet normal 1 -0 0
    outer loop
      vertex 71.1937 -4.4 9.2
      vertex 71.1937 -4 3.68804
      vertex 71.1937 -4 9.2
    endloop
  endfacet
  facet normal 1 0 0
    outer loop
      vertex 71.1937 -4.4 11.8
      vertex 71.1937 -19.1631 9.85522
      vertex 71.1937 -4.4 9.2
    endloop
  endfacet
  facet normal 1 -0 0
    outer loop
      vertex 71.1937 -19.1747 9.81204
      vertex 71.1937 -4.4 9.2
      vertex 71.1937 -19.1631 9.85522
    endloop
  endfacet
  facet normal 1 -0 0
    outer loop
      vertex 71.1937 -19.1865 9.76789
      vertex 71.1937 -4.4 9.2
      vertex 71.1937 -19.1747 9.81204
    endloop
  endfacet
  facet normal 1 0 0
    outer loop
      vertex 71.1937 -4.4 9.2
      vertex 71.1937 -19.1865 9.76789
      vertex 71.1937 -4 3.68804
    endloop
  endfacet
  facet normal 1 -0 0
    outer loop
      vertex 71.1937 -19.2274 9.69551
      vertex 71.1937 -4 3.68804
      vertex 71.1937 -19.1865 9.76789
    endloop
  endfacet
  facet normal 1 -0 0
    outer loop
      vertex 71.1937 -19.2321 9.68719
      vertex 71.1937 -4 3.68804
      vertex 71.1937 -19.2274 9.69551
    endloop
  endfacet
  facet normal 1 -0 0
    outer loop
      vertex 71.1937 -19.2358 9.68332
      vertex 71.1937 -4 3.68804
      vertex 71.1937 -19.2321 9.68719
    endloop
  endfacet
  facet normal 1 -0 0
    outer loop
      vertex 71.1937 -19.2413 9.67737
      vertex 71.1937 -4 3.68804
      vertex 71.1937 -19.2358 9.68332
    endloop
  endfacet
  facet normal 1 -0 0
    outer loop
      vertex 71.1937 -19.3088 9.61716
      vertex 71.1937 -4 3.68804
      vertex 71.1937 -19.2413 9.67737
    endloop
  endfacet
  facet normal 1 -0 0
    outer loop
      vertex 71.1937 -19.3355 9.60201
      vertex 71.1937 -4 3.68804
      vertex 71.1937 -19.3088 9.61716
    endloop
  endfacet
  facet normal 1 -0 0
    outer loop
      vertex 71.1937 -19.3718 9.58651
      vertex 71.1937 -4 3.68804
      vertex 71.1937 -19.3355 9.60201
    endloop
  endfacet
  facet normal 1 -0 0
    outer loop
      vertex 71.1937 -19.4007 9.57419
      vertex 71.1937 -4 3.68804
      vertex 71.1937 -19.3718 9.58651
    endloop
  endfacet
  facet normal 1 -0 0
    outer loop
      vertex 71.1937 -19.4492 9.56131
      vertex 71.1937 -4 3.68804
      vertex 71.1937 -19.4007 9.57419
    endloop
  endfacet
  facet normal 1 0 0
    outer loop
      vertex 71.1937 -28.7 3.68804
      vertex 71.1937 -19.4492 9.56131
      vertex 71.1937 -19.4525 9.56079
    endloop
  endfacet
  facet normal 1 0 0
    outer loop
      vertex 71.1937 -28.7 3.68804
      vertex 71.1937 -19.4525 9.56079
      vertex 71.1937 -19.4529 9.56073
    endloop
  endfacet
  facet normal 1 0 0
    outer loop
      vertex 71.1937 -28.7 3.68804
      vertex 71.1937 -19.4529 9.56073
      vertex 71.1937 -19.4534 9.5607
    endloop
  endfacet
  facet normal 1 0 0
    outer loop
      vertex 71.1937 -28.7 3.68804
      vertex 71.1937 -19.4534 9.5607
      vertex 71.1937 -19.5 9.55817
    endloop
  endfacet
  facet normal 1 0 0
    outer loop
      vertex 71.1937 -28.7 3.68804
      vertex 71.1937 -19.5 9.55817
      vertex 71.1937 -20.5 9.55817
    endloop
  endfacet
  facet normal 1 0 0
    outer loop
      vertex 71.1937 -28.7 3.68804
      vertex 71.1937 -20.5 9.55817
      vertex 71.1937 -20.5466 9.5607
    endloop
  endfacet
  facet normal 1 0 0
    outer loop
      vertex 71.1937 -28.7 3.68804
      vertex 71.1937 -20.5466 9.5607
      vertex 71.1937 -20.5471 9.56073
    endloop
  endfacet
  facet normal 1 0 0
    outer loop
      vertex 71.1937 -28.7 3.68804
      vertex 71.1937 -20.5471 9.56073
      vertex 71.1937 -20.5475 9.56079
    endloop
  endfacet
  facet normal 1 0 0
    outer loop
      vertex 71.1937 -28.7 3.68804
      vertex 71.1937 -20.5475 9.56079
      vertex 71.1937 -20.5508 9.56131
    endloop
  endfacet
  facet normal 1 0 0
    outer loop
      vertex 71.1937 -28.7 3.68804
      vertex 71.1937 -20.5508 9.56131
      vertex 71.1937 -20.5993 9.57419
    endloop
  endfacet
  facet normal 1 0 0
    outer loop
      vertex 71.1937 -20.7679 9.68719
      vertex 71.1937 -20.7587 9.67737
      vertex 71.1937 -20.7642 9.68332
    endloop
  endfacet
  facet normal 1 0 0
    outer loop
      vertex 71.1937 -20.8369 9.85522
      vertex 71.1937 -20.8135 9.76789
      vertex 71.1937 -20.8253 9.81204
    endloop
  endfacet
  facet normal 1 0 0
    outer loop
      vertex 71.1937 -28.7 3.68804
      vertex 71.1937 -20.8369 9.85522
      vertex 71.1937 -28.7 13.912
    endloop
  endfacet
  facet normal 1 0 0
    outer loop
      vertex 71.1937 -20.8369 9.85522
      vertex 71.1937 -28.7 3.68804
      vertex 71.1937 -20.8135 9.76789
    endloop
  endfacet
  facet normal 1 0 0
    outer loop
      vertex 71.1937 -20.8135 9.76789
      vertex 71.1937 -28.7 3.68804
      vertex 71.1937 -20.7726 9.69551
    endloop
  endfacet
  facet normal 1 0 0
    outer loop
      vertex 71.1937 -20.7726 9.69551
      vertex 71.1937 -28.7 3.68804
      vertex 71.1937 -20.7679 9.68719
    endloop
  endfacet
  facet normal 1 0 0
    outer loop
      vertex 71.1937 -20.7679 9.68719
      vertex 71.1937 -28.7 3.68804
      vertex 71.1937 -20.7587 9.67737
    endloop
  endfacet
  facet normal 1 0 0
    outer loop
      vertex 71.1937 -20.7587 9.67737
      vertex 71.1937 -28.7 3.68804
      vertex 71.1937 -20.6912 9.61716
    endloop
  endfacet
  facet normal 1 0 0
    outer loop
      vertex 71.1937 -19.4492 9.56131
      vertex 71.1937 -28.7 3.68804
      vertex 71.1937 -4 3.68804
    endloop
  endfacet
  facet normal 1 0 0
    outer loop
      vertex 71.1937 -20.6282 9.58651
      vertex 71.1937 -28.7 3.68804
      vertex 71.1937 -20.5993 9.57419
    endloop
  endfacet
  facet normal 1 0 0
    outer loop
      vertex 71.1937 -20.6645 9.60201
      vertex 71.1937 -28.7 3.68804
      vertex 71.1937 -20.6282 9.58651
    endloop
  endfacet
  facet normal 1 0 0
    outer loop
      vertex 71.1937 -20.6912 9.61716
      vertex 71.1937 -28.7 3.68804
      vertex 71.1937 -20.6645 9.60201
    endloop
  endfacet
  facet normal 1 -0 0
    outer loop
      vertex 71.1937 4.8 13.912
      vertex 71.1937 28.7 3.68804
      vertex 71.1937 28.7 13.912
    endloop
  endfacet
  facet normal 1 0 0
    outer loop
      vertex 71.1937 28.7 3.68804
      vertex 71.1937 4.8 13.912
      vertex 71.1937 4.8 3.68804
    endloop
  endfacet
  facet normal 0.969128 0.109142 0.221084
    outer loop
      vertex 71.1688 28.9211 13.912
      vertex 71.1439 28.7 14.1303
      vertex 71.1937 28.7 13.912
    endloop
  endfacet
  facet normal 0.85143 0.297894 0.431656
    outer loop
      vertex 71.0504 29.1095 14.1303
      vertex 71.0255 28.8884 14.332
      vertex 71.1202 28.91 14.1303
    endloop
  endfacet
  facet normal 0.62193 0.0698621 0.77995
    outer loop
      vertex 70.8894 28.8573 14.5071
      vertex 70.7187 28.8184 14.6467
      vertex 70.732 28.7 14.6467
    endloop
  endfacet
  facet normal 0.211196 0.0739632 0.974641
    outer loop
      vertex 70.522 28.7735 14.7439
      vertex 70.3009 28.7486 14.7937
      vertex 70.3092 28.7249 14.7937
    endloop
  endfacet
  facet normal 0.590439 0.206969 0.780093
    outer loop
      vertex 70.8371 29.0068 14.5071
      vertex 70.6793 28.9308 14.6467
      vertex 70.7187 28.8184 14.6467
    endloop
  endfacet
  facet normal -0 0.434124 0.900853
    outer loop
      vertex 40.8 29.232 14.6467
      vertex 70.2 29.0303 14.7439
      vertex 70.2 29.232 14.6467
    endloop
  endfacet
  facet normal 0 0.434124 0.900853
    outer loop
      vertex 70.2 29.0303 14.7439
      vertex 40.8 29.232 14.6467
      vertex 40.8 29.0303 14.7439
    endloop
  endfacet
  facet normal 0.778905 -0.0876454 0.620987
    outer loop
      vertex 70.9071 -28.7 14.5071
      vertex 70.8894 -28.8573 14.5071
      vertex 71.0255 -28.8884 14.332
    endloop
  endfacet
  facet normal 0.763963 -0.479717 0.431546
    outer loop
      vertex 70.9629 -29.0674 14.332
      vertex 70.938 -29.2885 14.1303
      vertex 71.0504 -29.1095 14.1303
    endloop
  endfacet
  facet normal 0.739831 -0.258817 0.621018
    outer loop
      vertex 70.8894 -28.8573 14.5071
      vertex 70.8371 -29.0068 14.5071
      vertex 71.0255 -28.8884 14.332
    endloop
  endfacet
  facet normal 0.211196 -0.0739632 0.974641
    outer loop
      vertex 70.3092 -28.7249 14.7937
      vertex 70.3009 -28.7486 14.7937
      vertex 70.522 -28.7735 14.7439
    endloop
  endfacet
  facet normal 0.369652 -0.231903 0.899766
    outer loop
      vertex 70.6793 -28.9308 14.6467
      vertex 70.4976 -28.8433 14.7439
      vertex 70.616 -29.0317 14.6467
    endloop
  endfacet
  facet normal 0.707107 -0.707107 0
    outer loop
      vertex 70.8196 -29.4769 3.68804
      vertex 70.9769 -29.3196 13.912
      vertex 70.8196 -29.4769 13.912
    endloop
  endfacet
  facet normal 0.707107 -0.707107 0
    outer loop
      vertex 70.9769 -29.3196 13.912
      vertex 70.8196 -29.4769 3.68804
      vertex 70.9769 -29.3196 3.68804
    endloop
  endfacet
  facet normal 0.851516 -0.297793 0.431555
    outer loop
      vertex 71.0255 -28.8884 14.332
      vertex 70.9629 -29.0674 14.332
      vertex 71.0504 -29.1095 14.1303
    endloop
  endfacet
  facet normal 0.529992 -0.332492 0.780101
    outer loop
      vertex 70.6793 -28.9308 14.6467
      vertex 70.616 -29.0317 14.6467
      vertex 70.8371 -29.0068 14.5071
    endloop
  endfacet
  facet normal 0.411967 -0.144011 0.899747
    outer loop
      vertex 70.522 -28.7735 14.7439
      vertex 70.4976 -28.8433 14.7439
      vertex 70.6793 -28.9308 14.6467
    endloop
  endfacet
  facet normal 0.637751 -0.637751 0.431912
    outer loop
      vertex 70.7885 -29.438 14.1303
      vertex 70.862 -29.2279 14.332
      vertex 70.7279 -29.362 14.332
    endloop
  endfacet
  facet normal 0.637751 -0.637751 0.431912
    outer loop
      vertex 70.862 -29.2279 14.332
      vertex 70.7885 -29.438 14.1303
      vertex 70.938 -29.2885 14.1303
    endloop
  endfacet
  facet normal 0.322024 -0.920507 -0.221286
    outer loop
      vertex 70.4211 -29.6688 3.68804
      vertex 70.41 -29.6202 3.46972
      vertex 70.6312 -29.5953 3.68804
    endloop
  endfacet
  facet normal 0.109365 -0.969058 -0.221282
    outer loop
      vertex 70.4211 -29.6688 3.68804
      vertex 70.2 -29.6439 3.46972
      vertex 70.41 -29.6202 3.46972
    endloop
  endfacet
  facet normal 0.554205 -0.554205 -0.621059
    outer loop
      vertex 70.7279 -29.362 3.26797
      vertex 70.7528 -29.1409 3.09289
      vertex 70.862 -29.2279 3.26797
    endloop
  endfacet
  facet normal 0.554205 -0.554205 -0.621059
    outer loop
      vertex 70.7528 -29.1409 3.09289
      vertex 70.7279 -29.362 3.26797
      vertex 70.6409 -29.2528 3.09289
    endloop
  endfacet
  facet normal 0.825738 -0.518935 -0.221052
    outer loop
      vertex 70.9769 -29.3196 3.68804
      vertex 70.938 -29.2885 3.46972
      vertex 71.0953 -29.1312 3.68804
    endloop
  endfacet
  facet normal 0.480041 -0.763594 -0.431839
    outer loop
      vertex 70.7885 -29.438 3.46972
      vertex 70.5674 -29.4629 3.26797
      vertex 70.7279 -29.362 3.26797
    endloop
  endfacet
  facet normal 0.322055 -0.920488 -0.22132
    outer loop
      vertex 70.6312 -29.5953 3.68804
      vertex 70.41 -29.6202 3.46972
      vertex 70.6095 -29.5504 3.46972
    endloop
  endfacet
  facet normal -0.101163 -0.896381 -0.431586
    outer loop
      vertex 40.8 -29.6439 3.46972
      vertex 40.59 -29.6202 3.46972
      vertex 40.6116 -29.5255 3.26797
    endloop
  endfacet
  facet normal 0 -0.781879 -0.623431
    outer loop
      vertex 40.8 -29.4071 3.09289
      vertex 70.2 -29.5467 3.26797
      vertex 40.8 -29.5467 3.26797
    endloop
  endfacet
  facet normal 0 -0.781879 -0.623431
    outer loop
      vertex 70.2 -29.5467 3.26797
      vertex 40.8 -29.4071 3.09289
      vertex 70.2 -29.4071 3.09289
    endloop
  endfacet
  facet normal -0.621886 0.069977 -0.779975
    outer loop
      vertex 40.268 28.7 2.95328
      vertex 40.0929 28.7 3.09289
      vertex 40.1106 28.8573 3.09289
    endloop
  endfacet
  facet normal -0.663498 0.417115 -0.621117
    outer loop
      vertex 40.1629 29.0068 3.09289
      vertex 40.0371 29.0674 3.26797
      vertex 40.138 29.2279 3.26797
    endloop
  endfacet
  facet normal -0.211333 0.0738757 -0.974618
    outer loop
      vertex 40.6991 28.7486 2.80629
      vertex 40.478 28.7735 2.85612
      vertex 40.5024 28.8433 2.85612
    endloop
  endfacet
  facet normal -0.920507 0.322024 -0.221286
    outer loop
      vertex 39.8798 28.91 3.46972
      vertex 39.8312 28.9211 3.68804
      vertex 39.9047 29.1312 3.68804
    endloop
  endfacet
  facet normal -0.993718 0.111911 0
    outer loop
      vertex 39.8063 28.7 3.68804
      vertex 39.8312 28.9211 13.912
      vertex 39.8312 28.9211 3.68804
    endloop
  endfacet
  facet normal -0.993718 0.111911 0
    outer loop
      vertex 39.8312 28.9211 13.912
      vertex 39.8063 28.7 3.68804
      vertex 39.8063 28.7 13.912
    endloop
  endfacet
  facet normal -0.689602 0.689602 0.221128
    outer loop
      vertex 40.0231 29.3196 13.912
      vertex 40.2115 29.438 14.1303
      vertex 40.1804 29.4769 13.912
    endloop
  endfacet
  facet normal -0.689602 0.689602 0.221128
    outer loop
      vertex 40.2115 29.438 14.1303
      vertex 40.0231 29.3196 13.912
      vertex 40.062 29.2885 14.1303
    endloop
  endfacet
  facet normal -0.689605 0.689605 -0.221108
    outer loop
      vertex 40.2115 29.438 3.46972
      vertex 40.0231 29.3196 3.68804
      vertex 40.1804 29.4769 3.68804
    endloop
  endfacet
  facet normal -0.689605 0.689605 -0.221108
    outer loop
      vertex 40.0231 29.3196 3.68804
      vertex 40.2115 29.438 3.46972
      vertex 40.062 29.2885 3.46972
    endloop
  endfacet
  facet normal -0.663511 0.417106 -0.621108
    outer loop
      vertex 40.1629 29.0068 3.09289
      vertex 40.138 29.2279 3.26797
      vertex 40.2472 29.1409 3.09289
    endloop
  endfacet
  facet normal -0.0250205 -0.222504 -0.974611
    outer loop
      vertex 40.8 -28.812 2.80629
      vertex 40.7265 -29.022 2.85612
      vertex 40.7751 -28.8092 2.80629
    endloop
  endfacet
  facet normal 0.332507 -0.530015 -0.780079
    outer loop
      vertex 70.5068 -29.3371 3.09289
      vertex 70.4308 -29.1793 2.95328
      vertex 70.5317 -29.116 2.95328
    endloop
  endfacet
  facet normal 0.069977 -0.621886 -0.779975
    outer loop
      vertex 70.3573 -29.3894 3.09289
      vertex 70.2 -29.4071 3.09289
      vertex 70.2 -29.232 2.95328
    endloop
  endfacet
  facet normal 0.22247 0.0251224 -0.974616
    outer loop
      vertex 70.5303 28.7 2.85612
      vertex 70.312 28.7 2.80629
      vertex 70.522 28.7735 2.85612
    endloop
  endfacet
  facet normal 0.222504 -0.0250205 -0.974611
    outer loop
      vertex 70.522 -28.7735 2.85612
      vertex 70.3092 -28.7249 2.80629
      vertex 70.312 -28.7 2.80629
    endloop
  endfacet
  facet normal 0.529945 -0.333142 -0.779855
    outer loop
      vertex 70.7528 -29.1409 3.09289
      vertex 70.616 -29.0317 2.95328
      vertex 70.8371 -29.0068 3.09289
    endloop
  endfacet
  facet normal 0.442598 -0.442598 -0.779881
    outer loop
      vertex 70.6409 -29.2528 3.09289
      vertex 70.616 -29.0317 2.95328
      vertex 70.7528 -29.1409 3.09289
    endloop
  endfacet
  facet normal 0.442598 -0.442598 -0.779881
    outer loop
      vertex 70.616 -29.0317 2.95328
      vertex 70.6409 -29.2528 3.09289
      vertex 70.5317 -29.116 2.95328
    endloop
  endfacet
  facet normal -0.0251224 -0.22247 -0.974616
    outer loop
      vertex 40.8 -29.0303 2.85612
      vertex 40.7265 -29.022 2.85612
      vertex 40.8 -28.812 2.80629
    endloop
  endfacet
  facet normal -0.231825 -0.369529 -0.899836
    outer loop
      vertex 40.5692 -29.1793 2.95328
      vertex 40.4683 -29.116 2.95328
      vertex 40.6567 -28.9976 2.85612
    endloop
  endfacet
  facet normal -0.0698651 -0.621957 -0.779928
    outer loop
      vertex 40.8 -29.232 2.95328
      vertex 40.6427 -29.3894 3.09289
      vertex 40.6816 -29.2187 2.95328
    endloop
  endfacet
  facet normal 0.158296 -0.158296 -0.97462
    outer loop
      vertex 70.4059 -28.9582 2.85612
      vertex 70.2875 -28.7698 2.80629
      vertex 70.4582 -28.9059 2.85612
    endloop
  endfacet
  facet normal 0.158296 -0.158296 -0.97462
    outer loop
      vertex 70.2875 -28.7698 2.80629
      vertex 70.4059 -28.9582 2.85612
      vertex 70.2698 -28.7875 2.80629
    endloop
  endfacet
  facet normal 0.308314 0.308314 -0.899936
    outer loop
      vertex 70.4582 28.9059 2.85612
      vertex 70.5317 29.116 2.95328
      vertex 70.616 29.0317 2.95328
    endloop
  endfacet
  facet normal 0.308314 0.308314 -0.899936
    outer loop
      vertex 70.5317 29.116 2.95328
      vertex 70.4582 28.9059 2.85612
      vertex 70.4059 28.9582 2.85612
    endloop
  endfacet
  facet normal -0.590465 -0.206978 -0.780071
    outer loop
      vertex 40.3207 -28.9308 2.95328
      vertex 40.1629 -29.0068 3.09289
      vertex 40.2813 -28.8184 2.95328
    endloop
  endfacet
  facet normal -0.623414 0 -0.781892
    outer loop
      vertex 40.0929 4.8 3.09289
      vertex 40.268 28.7 2.95328
      vertex 40.268 4.8 2.95328
    endloop
  endfacet
  facet normal -0.623414 0 -0.781892
    outer loop
      vertex 40.268 28.7 2.95328
      vertex 40.0929 4.8 3.09289
      vertex 40.0929 28.7 3.09289
    endloop
  endfacet
  facet normal -0.623414 0 -0.781892
    outer loop
      vertex 40.0929 -28.7 3.09289
      vertex 40.268 -4 2.95328
      vertex 40.268 -28.7 2.95328
    endloop
  endfacet
  facet normal -0.623414 0 -0.781892
    outer loop
      vertex 40.268 -4 2.95328
      vertex 40.0929 -28.7 3.09289
      vertex 40.0929 -4 3.09289
    endloop
  endfacet
  facet normal -0.77887 -0.0876435 -0.621032
    outer loop
      vertex 39.9745 -28.8884 3.26797
      vertex 39.9533 -28.7 3.26797
      vertex 40.0929 -28.7 3.09289
    endloop
  endfacet
  facet normal -0.368979 -0.232233 -0.899957
    outer loop
      vertex 40.5418 -28.9059 2.85612
      vertex 40.384 -29.0317 2.95328
      vertex 40.5024 -28.8433 2.85612
    endloop
  endfacet
  facet normal -0.974957 0 -0.222393
    outer loop
      vertex 39.8561 4.8 3.46972
      vertex 39.8063 28.7 3.68804
      vertex 39.8561 28.7 3.46972
    endloop
  endfacet
  facet normal -0.974957 -0 -0.222393
    outer loop
      vertex 39.8063 28.7 3.68804
      vertex 39.8561 4.8 3.46972
      vertex 39.8063 4.8 3.68804
    endloop
  endfacet
  facet normal -0.974957 0 -0.222393
    outer loop
      vertex 39.8561 -28.7 3.46972
      vertex 39.8063 -4 3.68804
      vertex 39.8561 -4 3.46972
    endloop
  endfacet
  facet normal -0.974957 -0 -0.222393
    outer loop
      vertex 39.8063 -4 3.68804
      vertex 39.8561 -28.7 3.46972
      vertex 39.8063 -28.7 3.68804
    endloop
  endfacet
  facet normal 0.0876416 0.778871 -0.62103
    outer loop
      vertex 70.3573 29.3894 3.09289
      vertex 70.2 29.4071 3.09289
      vertex 70.3884 29.5255 3.26797
    endloop
  endfacet
  facet normal -0.322024 0.920507 -0.221286
    outer loop
      vertex 40.59 29.6202 3.46972
      vertex 40.3688 29.5953 3.68804
      vertex 40.5789 29.6688 3.68804
    endloop
  endfacet
  facet normal 0.417125 0.66354 0.621065
    outer loop
      vertex 70.7279 29.362 14.332
      vertex 70.5068 29.3371 14.5071
      vertex 70.6409 29.2528 14.5071
    endloop
  endfacet
  facet normal 0.417133 0.663527 0.621073
    outer loop
      vertex 70.5674 29.4629 14.332
      vertex 70.5068 29.3371 14.5071
      vertex 70.7279 29.362 14.332
    endloop
  endfacet
  facet normal 0.825734 0.518933 0.221071
    outer loop
      vertex 70.9769 29.3196 13.912
      vertex 70.938 29.2885 14.1303
      vertex 71.0953 29.1312 13.912
    endloop
  endfacet
  facet normal 0.417115 0.663498 -0.621117
    outer loop
      vertex 70.7279 29.362 3.26797
      vertex 70.5068 29.3371 3.09289
      vertex 70.5674 29.4629 3.26797
    endloop
  endfacet
  facet normal 0.069977 0.621886 -0.779975
    outer loop
      vertex 70.3573 29.3894 3.09289
      vertex 70.2 29.232 2.95328
      vertex 70.2 29.4071 3.09289
    endloop
  endfacet
  facet normal -0.297908 0.851469 -0.431568
    outer loop
      vertex 40.6116 29.5255 3.26797
      vertex 40.3905 29.5504 3.46972
      vertex 40.59 29.6202 3.46972
    endloop
  endfacet
  facet normal 0 0.900895 -0.434037
    outer loop
      vertex 70.2 29.5467 3.26797
      vertex 40.8 29.6439 3.46972
      vertex 70.2 29.6439 3.46972
    endloop
  endfacet
  facet normal 0 0.900895 -0.434037
    outer loop
      vertex 40.8 29.6439 3.46972
      vertex 70.2 29.5467 3.26797
      vertex 40.8 29.5467 3.26797
    endloop
  endfacet
  facet normal 0.663511 0.417106 -0.621108
    outer loop
      vertex 70.8371 29.0068 3.09289
      vertex 70.7528 29.1409 3.09289
      vertex 70.862 29.2279 3.26797
    endloop
  endfacet
  facet normal 0.663498 0.417115 -0.621117
    outer loop
      vertex 70.9629 29.0674 3.26797
      vertex 70.8371 29.0068 3.09289
      vertex 70.862 29.2279 3.26797
    endloop
  endfacet
  facet normal 0.297806 0.851555 -0.431468
    outer loop
      vertex 70.5674 29.4629 3.26797
      vertex 70.3884 29.5255 3.26797
      vertex 70.6095 29.5504 3.46972
    endloop
  endfacet
  facet normal 0.258806 0.739799 -0.621062
    outer loop
      vertex 70.5068 29.3371 3.09289
      vertex 70.3573 29.3894 3.09289
      vertex 70.3884 29.5255 3.26797
    endloop
  endfacet
  facet normal 0.258719 0.739789 -0.621109
    outer loop
      vertex 70.5068 29.3371 3.09289
      vertex 70.3884 29.5255 3.26797
      vertex 70.5674 29.4629 3.26797
    endloop
  endfacet
  facet normal 0.47974 0.763998 -0.431459
    outer loop
      vertex 70.7885 29.438 3.46972
      vertex 70.5674 29.4629 3.26797
      vertex 70.6095 29.5504 3.46972
    endloop
  endfacet
  facet normal -0.297793 0.851516 0.431555
    outer loop
      vertex 40.6116 29.5255 14.332
      vertex 40.3905 29.5504 14.1303
      vertex 40.4326 29.4629 14.332
    endloop
  endfacet
  facet normal -0.0876474 0.778904 0.620988
    outer loop
      vertex 40.8 29.5467 14.332
      vertex 40.6116 29.5255 14.332
      vertex 40.8 29.4071 14.5071
    endloop
  endfacet
  facet normal -0.308417 0.308417 0.899866
    outer loop
      vertex 40.4683 29.116 14.6467
      vertex 40.5418 28.9059 14.7439
      vertex 40.5941 28.9582 14.7439
    endloop
  endfacet
  facet normal -0.308417 0.308417 0.899866
    outer loop
      vertex 40.5418 28.9059 14.7439
      vertex 40.4683 29.116 14.6467
      vertex 40.384 29.0317 14.6467
    endloop
  endfacet
  facet normal -0.778905 0.0876454 0.620987
    outer loop
      vertex 40.1106 28.8573 14.5071
      vertex 39.9745 28.8884 14.332
      vertex 40.0929 28.7 14.5071
    endloop
  endfacet
  facet normal -0.369102 0.23231 0.899886
    outer loop
      vertex 40.5418 28.9059 14.7439
      vertex 40.384 29.0317 14.6467
      vertex 40.5024 28.8433 14.7439
    endloop
  endfacet
  facet normal -0.369652 0.231903 0.899766
    outer loop
      vertex 40.384 29.0317 14.6467
      vertex 40.3207 28.9308 14.6467
      vertex 40.5024 28.8433 14.7439
    endloop
  endfacet
  facet normal 0.158206 0.158206 0.97465
    outer loop
      vertex 70.4059 28.9582 14.7439
      vertex 70.2875 28.7698 14.7937
      vertex 70.4582 28.9059 14.7439
    endloop
  endfacet
  facet normal 0.158206 0.158206 0.97465
    outer loop
      vertex 70.2875 28.7698 14.7937
      vertex 70.4059 28.9582 14.7439
      vertex 70.2698 28.7875 14.7937
    endloop
  endfacet
  facet normal -0.0250062 0.222377 0.97464
    outer loop
      vertex 40.8 28.812 14.7937
      vertex 40.7265 29.022 14.7439
      vertex 40.7751 28.8092 14.7937
    endloop
  endfacet
  facet normal -0.333128 0.529922 0.779877
    outer loop
      vertex 40.4932 29.3371 14.5071
      vertex 40.3591 29.2528 14.5071
      vertex 40.4683 29.116 14.6467
    endloop
  endfacet
  facet normal -0.781913 0 0.623387
    outer loop
      vertex 39.9533 -28.7 14.332
      vertex 40.0929 -4 14.5071
      vertex 39.9533 -4 14.332
    endloop
  endfacet
  facet normal -0.781913 0 0.623387
    outer loop
      vertex 40.0929 -4 14.5071
      vertex 39.9533 -28.7 14.332
      vertex 40.0929 -28.7 14.5071
    endloop
  endfacet
  facet normal -0.781913 0 0.623387
    outer loop
      vertex 39.9533 4.8 14.332
      vertex 40.0929 28.7 14.5071
      vertex 39.9533 28.7 14.332
    endloop
  endfacet
  facet normal -0.781913 0 0.623387
    outer loop
      vertex 40.0929 28.7 14.5071
      vertex 39.9533 4.8 14.332
      vertex 40.0929 4.8 14.5071
    endloop
  endfacet
  facet normal -0.621859 0.069974 0.779997
    outer loop
      vertex 40.1106 28.8573 14.5071
      vertex 40.0929 28.7 14.5071
      vertex 40.268 28.7 14.6467
    endloop
  endfacet
  facet normal -0.637751 0.637751 0.431912
    outer loop
      vertex 40.062 29.2885 14.1303
      vertex 40.2721 29.362 14.332
      vertex 40.2115 29.438 14.1303
    endloop
  endfacet
  facet normal -0.637751 0.637751 0.431912
    outer loop
      vertex 40.2721 29.362 14.332
      vertex 40.062 29.2885 14.1303
      vertex 40.138 29.2279 14.332
    endloop
  endfacet
  facet normal -0.206969 0.590439 0.780093
    outer loop
      vertex 40.6816 29.2187 14.6467
      vertex 40.4932 29.3371 14.5071
      vertex 40.5692 29.1793 14.6467
    endloop
  endfacet
  facet normal -0.0486993 0.433533 0.899821
    outer loop
      vertex 40.8 29.232 14.6467
      vertex 40.6816 29.2187 14.6467
      vertex 40.7265 29.022 14.7439
    endloop
  endfacet
  facet normal 0 0.900853 0.434124
    outer loop
      vertex 70.2 29.6439 14.1303
      vertex 40.8 29.5467 14.332
      vertex 70.2 29.5467 14.332
    endloop
  endfacet
  facet normal 0 0.900853 0.434124
    outer loop
      vertex 40.8 29.5467 14.332
      vertex 70.2 29.6439 14.1303
      vertex 40.8 29.6439 14.1303
    endloop
  endfacet
  facet normal 0.297793 0.851516 0.431555
    outer loop
      vertex 70.6095 29.5504 14.1303
      vertex 70.3884 29.5255 14.332
      vertex 70.5674 29.4629 14.332
    endloop
  endfacet
  facet normal 0.101158 0.89634 0.431673
    outer loop
      vertex 70.41 29.6202 14.1303
      vertex 70.2 29.6439 14.1303
      vertex 70.3884 29.5255 14.332
    endloop
  endfacet
  facet normal -0.851516 -0.297793 0.431555
    outer loop
      vertex 39.9745 -28.8884 14.332
      vertex 39.9496 -29.1095 14.1303
      vertex 40.0371 -29.0674 14.332
    endloop
  endfacet
  facet normal -0.920484 -0.322054 0.221339
    outer loop
      vertex 39.9496 -29.1095 14.1303
      vertex 39.8798 -28.91 14.1303
      vertex 39.9047 -29.1312 13.912
    endloop
  endfacet
  facet normal -0.109365 -0.969058 -0.221282
    outer loop
      vertex 40.8 -29.6439 3.46972
      vertex 40.5789 -29.6688 3.68804
      vertex 40.59 -29.6202 3.46972
    endloop
  endfacet
  facet normal -0.109142 -0.969133 -0.221065
    outer loop
      vertex 40.8 -29.6937 3.68804
      vertex 40.5789 -29.6688 3.68804
      vertex 40.8 -29.6439 3.46972
    endloop
  endfacet
  facet normal -0.518933 -0.825734 0.221071
    outer loop
      vertex 40.2115 -29.438 14.1303
      vertex 40.1804 -29.4769 13.912
      vertex 40.3688 -29.5953 13.912
    endloop
  endfacet
  facet normal -0.637751 -0.637751 0.431912
    outer loop
      vertex 40.062 -29.2885 14.1303
      vertex 40.2721 -29.362 14.332
      vertex 40.138 -29.2279 14.332
    endloop
  endfacet
  facet normal -0.637751 -0.637751 0.431912
    outer loop
      vertex 40.2721 -29.362 14.332
      vertex 40.062 -29.2885 14.1303
      vertex 40.2115 -29.438 14.1303
    endloop
  endfacet
  facet normal -0.763963 -0.479717 0.431546
    outer loop
      vertex 40.0371 -29.0674 14.332
      vertex 39.9496 -29.1095 14.1303
      vertex 40.062 -29.2885 14.1303
    endloop
  endfacet
  facet normal -0.480019 -0.763558 0.431927
    outer loop
      vertex 40.2721 -29.362 14.332
      vertex 40.2115 -29.438 14.1303
      vertex 40.4326 -29.4629 14.332
    endloop
  endfacet
  facet normal -0.0876474 -0.778904 0.620988
    outer loop
      vertex 40.8 -29.4071 14.5071
      vertex 40.6116 -29.5255 14.332
      vertex 40.8 -29.5467 14.332
    endloop
  endfacet
  facet normal -0.100853 -0.89626 0.431911
    outer loop
      vertex 40.8 -29.5467 14.332
      vertex 40.6116 -29.5255 14.332
      vertex 40.8 -29.6439 14.1303
    endloop
  endfacet
  facet normal -0.322054 -0.920484 0.221339
    outer loop
      vertex 40.3905 -29.5504 14.1303
      vertex 40.3688 -29.5953 13.912
      vertex 40.59 -29.6202 14.1303
    endloop
  endfacet
  facet normal -0.297894 -0.85143 0.431656
    outer loop
      vertex 40.6116 -29.5255 14.332
      vertex 40.3905 -29.5504 14.1303
      vertex 40.59 -29.6202 14.1303
    endloop
  endfacet
  facet normal 0.258817 -0.739831 0.621018
    outer loop
      vertex 70.5068 -29.3371 14.5071
      vertex 70.3573 -29.3894 14.5071
      vertex 70.3884 -29.5255 14.332
    endloop
  endfacet
  facet normal 0.206663 -0.590747 0.779941
    outer loop
      vertex 70.5068 -29.3371 14.5071
      vertex 70.3184 -29.2187 14.6467
      vertex 70.3573 -29.3894 14.5071
    endloop
  endfacet
  facet normal -0.442579 -0.442579 0.779903
    outer loop
      vertex 40.384 -29.0317 14.6467
      vertex 40.3591 -29.2528 14.5071
      vertex 40.4683 -29.116 14.6467
    endloop
  endfacet
  facet normal -0.442579 -0.442579 0.779903
    outer loop
      vertex 40.3591 -29.2528 14.5071
      vertex 40.384 -29.0317 14.6467
      vertex 40.2472 -29.1409 14.5071
    endloop
  endfacet
  facet normal -0.529922 -0.333128 0.779877
    outer loop
      vertex 40.384 -29.0317 14.6467
      vertex 40.1629 -29.0068 14.5071
      vertex 40.2472 -29.1409 14.5071
    endloop
  endfacet
  facet normal -0.0698621 -0.62193 0.77995
    outer loop
      vertex 40.6816 -29.2187 14.6467
      vertex 40.6427 -29.3894 14.5071
      vertex 40.8 -29.232 14.6467
    endloop
  endfacet
  facet normal -0.025108 -0.222342 0.974645
    outer loop
      vertex 40.8 -28.812 14.7937
      vertex 40.7265 -29.022 14.7439
      vertex 40.8 -29.0303 14.7439
    endloop
  endfacet
  facet normal 0.974957 0 -0.222393
    outer loop
      vertex 71.1937 -28.7 3.68804
      vertex 71.1439 -4 3.46972
      vertex 71.1937 -4 3.68804
    endloop
  endfacet
  facet normal 0.974957 0 -0.222393
    outer loop
      vertex 71.1439 -4 3.46972
      vertex 71.1937 -28.7 3.68804
      vertex 71.1439 -28.7 3.46972
    endloop
  endfacet
  facet normal 0.974957 0 -0.222393
    outer loop
      vertex 71.1937 4.8 3.68804
      vertex 71.1439 28.7 3.46972
      vertex 71.1937 28.7 3.68804
    endloop
  endfacet
  facet normal 0.974957 0 -0.222393
    outer loop
      vertex 71.1439 28.7 3.46972
      vertex 71.1937 4.8 3.68804
      vertex 71.1439 4.8 3.46972
    endloop
  endfacet
  facet normal 0.623387 0 0.781913
    outer loop
      vertex 70.732 28.7 14.6467
      vertex 70.9071 4.8 14.5071
      vertex 70.9071 28.7 14.5071
    endloop
  endfacet
  facet normal 0.623387 0 0.781913
    outer loop
      vertex 70.9071 4.8 14.5071
      vertex 70.732 28.7 14.6467
      vertex 70.732 4.8 14.6467
    endloop
  endfacet
  facet normal 0.623387 0 0.781913
    outer loop
      vertex 70.732 -4 14.6467
      vertex 70.9071 -28.7 14.5071
      vertex 70.9071 -4 14.5071
    endloop
  endfacet
  facet normal 0.623387 0 0.781913
    outer loop
      vertex 70.9071 -28.7 14.5071
      vertex 70.732 -4 14.6467
      vertex 70.732 -28.7 14.6467
    endloop
  endfacet
  facet normal 0.554229 0.554229 0.621015
    outer loop
      vertex 70.7279 29.362 14.332
      vertex 70.7528 29.1409 14.5071
      vertex 70.862 29.2279 14.332
    endloop
  endfacet
  facet normal 0.554229 0.554229 0.621015
    outer loop
      vertex 70.7528 29.1409 14.5071
      vertex 70.7279 29.362 14.332
      vertex 70.6409 29.2528 14.5071
    endloop
  endfacet
  facet normal 0.206663 0.590747 0.779941
    outer loop
      vertex 70.3573 29.3894 14.5071
      vertex 70.3184 29.2187 14.6467
      vertex 70.5068 29.3371 14.5071
    endloop
  endfacet
  facet normal 0.0250062 0.222377 0.97464
    outer loop
      vertex 70.2735 29.022 14.7439
      vertex 70.2 28.812 14.7937
      vertex 70.2249 28.8092 14.7937
    endloop
  endfacet
  facet normal 0.851516 0.297793 0.431555
    outer loop
      vertex 71.0504 29.1095 14.1303
      vertex 70.9629 29.0674 14.332
      vertex 71.0255 28.8884 14.332
    endloop
  endfacet
  facet normal 0.637751 0.637751 0.431912
    outer loop
      vertex 70.7885 29.438 14.1303
      vertex 70.862 29.2279 14.332
      vertex 70.938 29.2885 14.1303
    endloop
  endfacet
  facet normal 0.637751 0.637751 0.431912
    outer loop
      vertex 70.862 29.2279 14.332
      vertex 70.7885 29.438 14.1303
      vertex 70.7279 29.362 14.332
    endloop
  endfacet
  facet normal 0.258731 0.739821 0.621066
    outer loop
      vertex 70.5674 29.4629 14.332
      vertex 70.3884 29.5255 14.332
      vertex 70.5068 29.3371 14.5071
    endloop
  endfacet
  facet normal 0.206969 0.590439 0.780093
    outer loop
      vertex 70.5068 29.3371 14.5071
      vertex 70.3184 29.2187 14.6467
      vertex 70.4308 29.1793 14.6467
    endloop
  endfacet
  facet normal -0.144317 0.411705 0.899817
    outer loop
      vertex 40.6816 29.2187 14.6467
      vertex 40.5692 29.1793 14.6467
      vertex 40.7265 29.022 14.7439
    endloop
  endfacet
  facet normal 0.763558 -0.480019 0.431927
    outer loop
      vertex 70.9629 -29.0674 14.332
      vertex 70.862 -29.2279 14.332
      vertex 70.938 -29.2885 14.1303
    endloop
  endfacet
  facet normal 0.621859 -0.069974 0.779997
    outer loop
      vertex 70.9071 -28.7 14.5071
      vertex 70.732 -28.7 14.6467
      vertex 70.8894 -28.8573 14.5071
    endloop
  endfacet
  facet normal 0.211212 -0.0738335 0.974648
    outer loop
      vertex 70.522 -28.7735 14.7439
      vertex 70.3009 -28.7486 14.7937
      vertex 70.4976 -28.8433 14.7439
    endloop
  endfacet
  facet normal 0.189374 -0.119191 0.974644
    outer loop
      vertex 70.4976 -28.8433 14.7439
      vertex 70.3009 -28.7486 14.7937
      vertex 70.4582 -28.9059 14.7439
    endloop
  endfacet
  facet normal 0.85143 -0.297894 0.431656
    outer loop
      vertex 71.1202 -28.91 14.1303
      vertex 71.0255 -28.8884 14.332
      vertex 71.0504 -29.1095 14.1303
    endloop
  endfacet
  facet normal 0.89634 -0.101158 0.431673
    outer loop
      vertex 71.1439 -28.7 14.1303
      vertex 71.0255 -28.8884 14.332
      vertex 71.1202 -28.91 14.1303
    endloop
  endfacet
  facet normal 0.825734 -0.518933 0.221071
    outer loop
      vertex 71.0953 -29.1312 13.912
      vertex 70.938 -29.2885 14.1303
      vertex 70.9769 -29.3196 13.912
    endloop
  endfacet
  facet normal -0.0739632 0.211196 0.974641
    outer loop
      vertex 40.7751 28.8092 14.7937
      vertex 40.7265 29.022 14.7439
      vertex 40.7514 28.8009 14.7937
    endloop
  endfacet
  facet normal 0 0 1
    outer loop
      vertex 70.2 28.812 14.7937
      vertex 70.312 28.7 14.7937
      vertex 70.3092 28.7249 14.7937
    endloop
  endfacet
  facet normal 0 0 1
    outer loop
      vertex 70.312 28.7 14.7937
      vertex 70 28.5 14.7937
      vertex 70.312 -28.7 14.7937
    endloop
  endfacet
  facet normal 0 0 1
    outer loop
      vertex 70.2 28.812 14.7937
      vertex 70.3092 28.7249 14.7937
      vertex 70.3009 28.7486 14.7937
    endloop
  endfacet
  facet normal -0 0 1
    outer loop
      vertex 70 -28.5 14.7937
      vertex 70.312 -28.7 14.7937
      vertex 70 28.5 14.7937
    endloop
  endfacet
  facet normal 0 0 1
    outer loop
      vertex 70.2 28.812 14.7937
      vertex 70.3009 28.7486 14.7937
      vertex 70.2875 28.7698 14.7937
    endloop
  endfacet
  facet normal 0 -0 1
    outer loop
      vertex 70.2 -28.812 14.7937
      vertex 70.312 -28.7 14.7937
      vertex 70 -28.5 14.7937
    endloop
  endfacet
  facet normal 0 0 1
    outer loop
      vertex 70.2 28.812 14.7937
      vertex 70.2875 28.7698 14.7937
      vertex 70.2698 28.7875 14.7937
    endloop
  endfacet
  facet normal 0 0 1
    outer loop
      vertex 70.312 -28.7 14.7937
      vertex 70.2 -28.812 14.7937
      vertex 70.3092 -28.7249 14.7937
    endloop
  endfacet
  facet normal 0 0 1
    outer loop
      vertex 70.2 28.812 14.7937
      vertex 70.2698 28.7875 14.7937
      vertex 70.2486 28.8009 14.7937
    endloop
  endfacet
  facet normal 0 0 1
    outer loop
      vertex 70.3092 -28.7249 14.7937
      vertex 70.2 -28.812 14.7937
      vertex 70.3009 -28.7486 14.7937
    endloop
  endfacet
  facet normal 0 0 1
    outer loop
      vertex 70.2 28.812 14.7937
      vertex 70.2486 28.8009 14.7937
      vertex 70.2249 28.8092 14.7937
    endloop
  endfacet
  facet normal 0 0 1
    outer loop
      vertex 70.3009 -28.7486 14.7937
      vertex 70.2 -28.812 14.7937
      vertex 70.2875 -28.7698 14.7937
    endloop
  endfacet
  facet normal 0 0 1
    outer loop
      vertex 70.312 28.7 14.7937
      vertex 70.2 28.812 14.7937
      vertex 70 28.5 14.7937
    endloop
  endfacet
  facet normal 0 0 1
    outer loop
      vertex 70.2875 -28.7698 14.7937
      vertex 70.2 -28.812 14.7937
      vertex 70.2698 -28.7875 14.7937
    endloop
  endfacet
  facet normal 0 0 1
    outer loop
      vertex 70.2698 -28.7875 14.7937
      vertex 70.2 -28.812 14.7937
      vertex 70.2486 -28.8009 14.7937
    endloop
  endfacet
  facet normal 0 0 1
    outer loop
      vertex 70.2 28.812 14.7937
      vertex 41 28.5 14.7937
      vertex 70 28.5 14.7937
    endloop
  endfacet
  facet normal -0 0 1
    outer loop
      vertex 40.688 28.7 14.7937
      vertex 41 28.5 14.7937
      vertex 40.8 28.812 14.7937
    endloop
  endfacet
  facet normal -0 0 1
    outer loop
      vertex 40.8 28.812 14.7937
      vertex 41 28.5 14.7937
      vertex 70.2 28.812 14.7937
    endloop
  endfacet
  facet normal 0 0 1
    outer loop
      vertex 70.2486 -28.8009 14.7937
      vertex 70.2 -28.812 14.7937
      vertex 70.2249 -28.8092 14.7937
    endloop
  endfacet
  facet normal -0 0 1
    outer loop
      vertex 41 -28.5 14.7937
      vertex 70.2 -28.812 14.7937
      vertex 70 -28.5 14.7937
    endloop
  endfacet
  facet normal 0 0 1
    outer loop
      vertex 41 -28.5 14.7937
      vertex 40.8 -28.812 14.7937
      vertex 70.2 -28.812 14.7937
    endloop
  endfacet
  facet normal 0 0 1
    outer loop
      vertex 41 28.5 14.7937
      vertex 40.688 28.7 14.7937
      vertex 41 -28.5 14.7937
    endloop
  endfacet
  facet normal 0 0 1
    outer loop
      vertex 40.688 28.7 14.7937
      vertex 40.8 28.812 14.7937
      vertex 40.7751 28.8092 14.7937
    endloop
  endfacet
  facet normal 0 0 1
    outer loop
      vertex 40.688 -28.7 14.7937
      vertex 41 -28.5 14.7937
      vertex 40.688 28.7 14.7937
    endloop
  endfacet
  facet normal 0 0 1
    outer loop
      vertex 40.688 28.7 14.7937
      vertex 40.7751 28.8092 14.7937
      vertex 40.7514 28.8009 14.7937
    endloop
  endfacet
  facet normal 0 0 1
    outer loop
      vertex 41 -28.5 14.7937
      vertex 40.688 -28.7 14.7937
      vertex 40.8 -28.812 14.7937
    endloop
  endfacet
  facet normal 0 0 1
    outer loop
      vertex 40.688 28.7 14.7937
      vertex 40.7514 28.8009 14.7937
      vertex 40.7302 28.7875 14.7937
    endloop
  endfacet
  facet normal 0 0 1
    outer loop
      vertex 40.8 -28.812 14.7937
      vertex 40.688 -28.7 14.7937
      vertex 40.7751 -28.8092 14.7937
    endloop
  endfacet
  facet normal 0 0 1
    outer loop
      vertex 40.688 28.7 14.7937
      vertex 40.7302 28.7875 14.7937
      vertex 40.7125 28.7698 14.7937
    endloop
  endfacet
  facet normal 0 0 1
    outer loop
      vertex 40.7751 -28.8092 14.7937
      vertex 40.688 -28.7 14.7937
      vertex 40.7514 -28.8009 14.7937
    endloop
  endfacet
  facet normal 0 0 1
    outer loop
      vertex 40.688 28.7 14.7937
      vertex 40.7125 28.7698 14.7937
      vertex 40.6991 28.7486 14.7937
    endloop
  endfacet
  facet normal 0 0 1
    outer loop
      vertex 40.7514 -28.8009 14.7937
      vertex 40.688 -28.7 14.7937
      vertex 40.7302 -28.7875 14.7937
    endloop
  endfacet
  facet normal 0 0 1
    outer loop
      vertex 40.688 28.7 14.7937
      vertex 40.6991 28.7486 14.7937
      vertex 40.6908 28.7249 14.7937
    endloop
  endfacet
  facet normal 0 0 1
    outer loop
      vertex 40.7302 -28.7875 14.7937
      vertex 40.688 -28.7 14.7937
      vertex 40.7125 -28.7698 14.7937
    endloop
  endfacet
  facet normal 0 0 1
    outer loop
      vertex 40.7125 -28.7698 14.7937
      vertex 40.688 -28.7 14.7937
      vertex 40.6991 -28.7486 14.7937
    endloop
  endfacet
  facet normal 0 0 1
    outer loop
      vertex 40.6991 -28.7486 14.7937
      vertex 40.688 -28.7 14.7937
      vertex 40.6908 -28.7249 14.7937
    endloop
  endfacet
  facet normal -0.119505 -0.189067 0.974665
    outer loop
      vertex 40.7302 -28.7875 14.7937
      vertex 40.5941 -28.9582 14.7439
      vertex 40.7514 -28.8009 14.7937
    endloop
  endfacet
  facet normal -0.332492 -0.529992 0.780101
    outer loop
      vertex 40.5692 -29.1793 14.6467
      vertex 40.4683 -29.116 14.6467
      vertex 40.4932 -29.3371 14.5071
    endloop
  endfacet
  facet normal 0.100858 -0.896301 -0.431824
    outer loop
      vertex 70.3884 -29.5255 3.26797
      vertex 70.2 -29.6439 3.46972
      vertex 70.2 -29.5467 3.26797
    endloop
  endfacet
  facet normal 0.0876435 -0.77887 -0.621032
    outer loop
      vertex 70.3884 -29.5255 3.26797
      vertex 70.2 -29.5467 3.26797
      vertex 70.2 -29.4071 3.09289
    endloop
  endfacet
  facet normal -0.206978 -0.590465 -0.780071
    outer loop
      vertex 40.6816 -29.2187 2.95328
      vertex 40.4932 -29.3371 3.09289
      vertex 40.5692 -29.1793 2.95328
    endloop
  endfacet
  facet normal -0.0876416 -0.778871 -0.62103
    outer loop
      vertex 40.8 -29.4071 3.09289
      vertex 40.6116 -29.5255 3.26797
      vertex 40.6427 -29.3894 3.09289
    endloop
  endfacet
  facet normal -0.22247 -0.0251224 -0.974616
    outer loop
      vertex 40.478 -28.7735 2.85612
      vertex 40.4697 -28.7 2.85612
      vertex 40.688 -28.7 2.80629
    endloop
  endfacet
  facet normal -0.369529 -0.231825 -0.899836
    outer loop
      vertex 40.384 -29.0317 2.95328
      vertex 40.3207 -28.9308 2.95328
      vertex 40.5024 -28.8433 2.85612
    endloop
  endfacet
  facet normal -0.433459 -0.0489485 -0.899843
    outer loop
      vertex 40.478 -28.7735 2.85612
      vertex 40.268 -28.7 2.95328
      vertex 40.4697 -28.7 2.85612
    endloop
  endfacet
  facet normal -0.332507 0.530015 -0.780079
    outer loop
      vertex 40.5692 29.1793 2.95328
      vertex 40.4683 29.116 2.95328
      vertex 40.4932 29.3371 3.09289
    endloop
  endfacet
  facet normal -0.763998 0.47974 -0.431459
    outer loop
      vertex 40.0371 29.0674 3.26797
      vertex 39.9496 29.1095 3.46972
      vertex 40.062 29.2885 3.46972
    endloop
  endfacet
  facet normal -0.846683 0.532098 0
    outer loop
      vertex 39.9047 29.1312 3.68804
      vertex 40.0231 29.3196 13.912
      vertex 40.0231 29.3196 3.68804
    endloop
  endfacet
  facet normal -0.846683 0.532098 0
    outer loop
      vertex 40.0231 29.3196 13.912
      vertex 39.9047 29.1312 3.68804
      vertex 39.9047 29.1312 13.912
    endloop
  endfacet
  facet normal -0.943907 0.33021 0
    outer loop
      vertex 39.8312 28.9211 3.68804
      vertex 39.9047 29.1312 13.912
      vertex 39.9047 29.1312 3.68804
    endloop
  endfacet
  facet normal -0.943907 0.33021 0
    outer loop
      vertex 39.9047 29.1312 13.912
      vertex 39.8312 28.9211 3.68804
      vertex 39.8312 28.9211 13.912
    endloop
  endfacet
  facet normal -0.825734 0.518933 0.221071
    outer loop
      vertex 40.0231 29.3196 13.912
      vertex 39.9047 29.1312 13.912
      vertex 40.062 29.2885 14.1303
    endloop
  endfacet
  facet normal -0.825861 0.518585 0.221413
    outer loop
      vertex 40.062 29.2885 14.1303
      vertex 39.9047 29.1312 13.912
      vertex 39.9496 29.1095 14.1303
    endloop
  endfacet
  facet normal -0.532098 0.846683 0
    outer loop
      vertex 40.3688 29.5953 3.68804
      vertex 40.1804 29.4769 13.912
      vertex 40.3688 29.5953 13.912
    endloop
  endfacet
  facet normal -0.532098 0.846683 0
    outer loop
      vertex 40.1804 29.4769 13.912
      vertex 40.3688 29.5953 3.68804
      vertex 40.1804 29.4769 3.68804
    endloop
  endfacet
  facet normal -0.63778 0.63778 -0.431825
    outer loop
      vertex 40.2721 29.362 3.26797
      vertex 40.062 29.2885 3.46972
      vertex 40.2115 29.438 3.46972
    endloop
  endfacet
  facet normal -0.63778 0.63778 -0.431825
    outer loop
      vertex 40.062 29.2885 3.46972
      vertex 40.2721 29.362 3.26797
      vertex 40.138 29.2279 3.26797
    endloop
  endfacet
  facet normal -0.707107 0.707107 0
    outer loop
      vertex 40.0231 29.3196 3.68804
      vertex 40.1804 29.4769 13.912
      vertex 40.1804 29.4769 3.68804
    endloop
  endfacet
  facet normal -0.707107 0.707107 0
    outer loop
      vertex 40.1804 29.4769 13.912
      vertex 40.0231 29.3196 3.68804
      vertex 40.0231 29.3196 13.912
    endloop
  endfacet
  facet normal 0 -0.433979 -0.900923
    outer loop
      vertex 40.8 -29.232 2.95328
      vertex 70.2 -29.0303 2.85612
      vertex 70.2 -29.232 2.95328
    endloop
  endfacet
  facet normal -0 -0.433979 -0.900923
    outer loop
      vertex 70.2 -29.0303 2.85612
      vertex 40.8 -29.232 2.95328
      vertex 40.8 -29.0303 2.85612
    endloop
  endfacet
  facet normal 0.206978 -0.590465 -0.780071
    outer loop
      vertex 70.5068 -29.3371 3.09289
      vertex 70.3184 -29.2187 2.95328
      vertex 70.4308 -29.1793 2.95328
    endloop
  endfacet
  facet normal 0.144269 -0.411568 -0.899888
    outer loop
      vertex 70.3184 -29.2187 2.95328
      vertex 70.2735 -29.022 2.85612
      vertex 70.4308 -29.1793 2.95328
    endloop
  endfacet
  facet normal 0.258806 -0.739799 -0.621062
    outer loop
      vertex 70.3884 -29.5255 3.26797
      vertex 70.3573 -29.3894 3.09289
      vertex 70.5068 -29.3371 3.09289
    endloop
  endfacet
  facet normal 0.0876416 -0.778871 -0.62103
    outer loop
      vertex 70.3884 -29.5255 3.26797
      vertex 70.2 -29.4071 3.09289
      vertex 70.3573 -29.3894 3.09289
    endloop
  endfacet
  facet normal 0.232233 -0.368979 -0.899957
    outer loop
      vertex 70.5317 -29.116 2.95328
      vertex 70.3433 -28.9976 2.85612
      vertex 70.4059 -28.9582 2.85612
    endloop
  endfacet
  facet normal 0.231825 -0.369529 -0.899836
    outer loop
      vertex 70.4308 -29.1793 2.95328
      vertex 70.3433 -28.9976 2.85612
      vertex 70.5317 -29.116 2.95328
    endloop
  endfacet
  facet normal 0.920507 -0.322024 -0.221286
    outer loop
      vertex 71.1688 -28.9211 3.68804
      vertex 71.0953 -29.1312 3.68804
      vertex 71.1202 -28.91 3.46972
    endloop
  endfacet
  facet normal 0.590773 -0.206672 -0.779919
    outer loop
      vertex 70.8371 -29.0068 3.09289
      vertex 70.7187 -28.8184 2.95328
      vertex 70.8894 -28.8573 3.09289
    endloop
  endfacet
  facet normal 0.739799 -0.258806 -0.621062
    outer loop
      vertex 71.0255 -28.8884 3.26797
      vertex 70.8371 -29.0068 3.09289
      vertex 70.8894 -28.8573 3.09289
    endloop
  endfacet
  facet normal 0.739789 -0.258719 -0.621109
    outer loop
      vertex 70.9629 -29.0674 3.26797
      vertex 70.8371 -29.0068 3.09289
      vertex 71.0255 -28.8884 3.26797
    endloop
  endfacet
  facet normal 0.851555 -0.297806 -0.431468
    outer loop
      vertex 71.0504 -29.1095 3.46972
      vertex 70.9629 -29.0674 3.26797
      vertex 71.0255 -28.8884 3.26797
    endloop
  endfacet
  facet normal -0.143963 -0.41183 -0.899817
    outer loop
      vertex 40.7265 -29.022 2.85612
      vertex 40.5692 -29.1793 2.95328
      vertex 40.6567 -28.9976 2.85612
    endloop
  endfacet
  facet normal -0.232233 -0.368979 -0.899957
    outer loop
      vertex 40.6567 -28.9976 2.85612
      vertex 40.4683 -29.116 2.95328
      vertex 40.5941 -28.9582 2.85612
    endloop
  endfacet
  facet normal -0.297806 -0.851555 -0.431468
    outer loop
      vertex 40.6116 -29.5255 3.26797
      vertex 40.3905 -29.5504 3.46972
      vertex 40.4326 -29.4629 3.26797
    endloop
  endfacet
  facet normal -0.258806 -0.739799 -0.621062
    outer loop
      vertex 40.6116 -29.5255 3.26797
      vertex 40.4932 -29.3371 3.09289
      vertex 40.6427 -29.3894 3.09289
    endloop
  endfacet
  facet normal 0.433459 -0.0489485 -0.899843
    outer loop
      vertex 70.732 -28.7 2.95328
      vertex 70.522 -28.7735 2.85612
      vertex 70.5303 -28.7 2.85612
    endloop
  endfacet
  facet normal 0.433389 -0.048683 -0.899891
    outer loop
      vertex 70.7187 -28.8184 2.95328
      vertex 70.522 -28.7735 2.85612
      vertex 70.732 -28.7 2.95328
    endloop
  endfacet
  facet normal 0.119573 0.189175 -0.974636
    outer loop
      vertex 70.2698 28.7875 2.80629
      vertex 70.2486 28.8009 2.80629
      vertex 70.4059 28.9582 2.85612
    endloop
  endfacet
  facet normal 0.119259 0.189483 -0.974615
    outer loop
      vertex 70.4059 28.9582 2.85612
      vertex 70.2486 28.8009 2.80629
      vertex 70.3433 28.9976 2.85612
    endloop
  endfacet
  facet normal 0.41183 0.143963 -0.899817
    outer loop
      vertex 70.522 28.7735 2.85612
      vertex 70.4976 28.8433 2.85612
      vertex 70.6793 28.9308 2.95328
    endloop
  endfacet
  facet normal -0.417115 -0.663498 -0.621117
    outer loop
      vertex 40.4326 -29.4629 3.26797
      vertex 40.2721 -29.362 3.26797
      vertex 40.4932 -29.3371 3.09289
    endloop
  endfacet
  facet normal -0.258719 -0.739789 -0.621109
    outer loop
      vertex 40.6116 -29.5255 3.26797
      vertex 40.4326 -29.4629 3.26797
      vertex 40.4932 -29.3371 3.09289
    endloop
  endfacet
  facet normal -0.333142 -0.529945 -0.779855
    outer loop
      vertex 40.4932 -29.3371 3.09289
      vertex 40.3591 -29.2528 3.09289
      vertex 40.4683 -29.116 2.95328
    endloop
  endfacet
  facet normal -0.417106 -0.663511 -0.621108
    outer loop
      vertex 40.4932 -29.3371 3.09289
      vertex 40.2721 -29.362 3.26797
      vertex 40.3591 -29.2528 3.09289
    endloop
  endfacet
  facet normal -0.518935 -0.825738 -0.221052
    outer loop
      vertex 40.3688 -29.5953 3.68804
      vertex 40.1804 -29.4769 3.68804
      vertex 40.2115 -29.438 3.46972
    endloop
  endfacet
  facet normal -0.763594 -0.480041 -0.431839
    outer loop
      vertex 40.062 -29.2885 3.46972
      vertex 40.0371 -29.0674 3.26797
      vertex 40.138 -29.2279 3.26797
    endloop
  endfacet
  facet normal -0.763594 0.480041 -0.431839
    outer loop
      vertex 40.138 29.2279 3.26797
      vertex 40.0371 29.0674 3.26797
      vertex 40.062 29.2885 3.46972
    endloop
  endfacet
  facet normal -0.739799 0.258806 -0.621062
    outer loop
      vertex 40.1106 28.8573 3.09289
      vertex 39.9745 28.8884 3.26797
      vertex 40.1629 29.0068 3.09289
    endloop
  endfacet
  facet normal -0.63778 -0.63778 -0.431825
    outer loop
      vertex 40.2721 -29.362 3.26797
      vertex 40.062 -29.2885 3.46972
      vertex 40.138 -29.2279 3.26797
    endloop
  endfacet
  facet normal -0.63778 -0.63778 -0.431825
    outer loop
      vertex 40.062 -29.2885 3.46972
      vertex 40.2721 -29.362 3.26797
      vertex 40.2115 -29.438 3.46972
    endloop
  endfacet
  facet normal -0.621957 -0.0698651 -0.779928
    outer loop
      vertex 40.2813 -28.8184 2.95328
      vertex 40.1106 -28.8573 3.09289
      vertex 40.268 -28.7 2.95328
    endloop
  endfacet
  facet normal -0.920507 -0.322024 -0.221286
    outer loop
      vertex 39.9047 -29.1312 3.68804
      vertex 39.8312 -28.9211 3.68804
      vertex 39.8798 -28.91 3.46972
    endloop
  endfacet
  facet normal -0.969058 -0.109365 -0.221282
    outer loop
      vertex 39.8798 -28.91 3.46972
      vertex 39.8312 -28.9211 3.68804
      vertex 39.8561 -28.7 3.46972
    endloop
  endfacet
  facet normal -0.206978 0.590465 -0.780071
    outer loop
      vertex 40.5692 29.1793 2.95328
      vertex 40.4932 29.3371 3.09289
      vertex 40.6816 29.2187 2.95328
    endloop
  endfacet
  facet normal -0.322055 0.920488 -0.22132
    outer loop
      vertex 40.3905 29.5504 3.46972
      vertex 40.3688 29.5953 3.68804
      vertex 40.59 29.6202 3.46972
    endloop
  endfacet
  facet normal 0.707107 0.707107 -0
    outer loop
      vertex 70.9769 29.3196 3.68804
      vertex 70.8196 29.4769 13.912
      vertex 70.9769 29.3196 13.912
    endloop
  endfacet
  facet normal 0.707107 0.707107 0
    outer loop
      vertex 70.8196 29.4769 13.912
      vertex 70.9769 29.3196 3.68804
      vertex 70.8196 29.4769 3.68804
    endloop
  endfacet
  facet normal 0.763963 0.479717 0.431546
    outer loop
      vertex 71.0504 29.1095 14.1303
      vertex 70.938 29.2885 14.1303
      vertex 70.9629 29.0674 14.332
    endloop
  endfacet
  facet normal 0.825861 0.518585 0.221413
    outer loop
      vertex 71.0953 29.1312 13.912
      vertex 70.938 29.2885 14.1303
      vertex 71.0504 29.1095 14.1303
    endloop
  endfacet
  facet normal -0.069977 0.621886 -0.779975
    outer loop
      vertex 40.8 29.232 2.95328
      vertex 40.6427 29.3894 3.09289
      vertex 40.8 29.4071 3.09289
    endloop
  endfacet
  facet normal -0.206672 0.590773 -0.779919
    outer loop
      vertex 40.6816 29.2187 2.95328
      vertex 40.4932 29.3371 3.09289
      vertex 40.6427 29.3894 3.09289
    endloop
  endfacet
  facet normal -0.0876416 0.778871 -0.62103
    outer loop
      vertex 40.6427 29.3894 3.09289
      vertex 40.6116 29.5255 3.26797
      vertex 40.8 29.4071 3.09289
    endloop
  endfacet
  facet normal -0.258806 0.739799 -0.621062
    outer loop
      vertex 40.6427 29.3894 3.09289
      vertex 40.4932 29.3371 3.09289
      vertex 40.6116 29.5255 3.26797
    endloop
  endfacet
  facet normal 0.529945 0.333142 -0.779855
    outer loop
      vertex 70.8371 29.0068 3.09289
      vertex 70.616 29.0317 2.95328
      vertex 70.7528 29.1409 3.09289
    endloop
  endfacet
  facet normal 0 0.781879 -0.623431
    outer loop
      vertex 70.2 29.4071 3.09289
      vertex 40.8 29.5467 3.26797
      vertex 70.2 29.5467 3.26797
    endloop
  endfacet
  facet normal 0 0.781879 -0.623431
    outer loop
      vertex 40.8 29.5467 3.26797
      vertex 70.2 29.4071 3.09289
      vertex 40.8 29.4071 3.09289
    endloop
  endfacet
  facet normal 0.297908 0.851469 -0.431568
    outer loop
      vertex 70.6095 29.5504 3.46972
      vertex 70.3884 29.5255 3.26797
      vertex 70.41 29.6202 3.46972
    endloop
  endfacet
  facet normal 0.101163 0.896381 -0.431586
    outer loop
      vertex 70.3884 29.5255 3.26797
      vertex 70.2 29.6439 3.46972
      vertex 70.41 29.6202 3.46972
    endloop
  endfacet
  facet normal 0.206672 0.590773 -0.779919
    outer loop
      vertex 70.5068 29.3371 3.09289
      vertex 70.3184 29.2187 2.95328
      vertex 70.3573 29.3894 3.09289
    endloop
  endfacet
  facet normal 0.0698651 0.621957 -0.779928
    outer loop
      vertex 70.3184 29.2187 2.95328
      vertex 70.2 29.232 2.95328
      vertex 70.3573 29.3894 3.09289
    endloop
  endfacet
  facet normal -0.297894 0.85143 0.431656
    outer loop
      vertex 40.59 29.6202 14.1303
      vertex 40.3905 29.5504 14.1303
      vertex 40.6116 29.5255 14.332
    endloop
  endfacet
  facet normal -0.479717 0.763963 0.431546
    outer loop
      vertex 40.3905 29.5504 14.1303
      vertex 40.2115 29.438 14.1303
      vertex 40.4326 29.4629 14.332
    endloop
  endfacet
  facet normal -0.322054 0.920484 0.221339
    outer loop
      vertex 40.59 29.6202 14.1303
      vertex 40.3688 29.5953 13.912
      vertex 40.3905 29.5504 14.1303
    endloop
  endfacet
  facet normal -0.518585 0.825861 0.221413
    outer loop
      vertex 40.3688 29.5953 13.912
      vertex 40.2115 29.438 14.1303
      vertex 40.3905 29.5504 14.1303
    endloop
  endfacet
  facet normal -0.119191 -0.189374 0.974644
    outer loop
      vertex 40.7514 -28.8009 14.7937
      vertex 40.5941 -28.9582 14.7439
      vertex 40.6567 -28.9976 14.7439
    endloop
  endfacet
  facet normal -0.23231 -0.369102 0.899886
    outer loop
      vertex 40.5941 -28.9582 14.7439
      vertex 40.4683 -29.116 14.6467
      vertex 40.6567 -28.9976 14.7439
    endloop
  endfacet
  facet normal -0.62193 0.0698621 0.77995
    outer loop
      vertex 40.2813 28.8184 14.6467
      vertex 40.1106 28.8573 14.5071
      vertex 40.268 28.7 14.6467
    endloop
  endfacet
  facet normal -0.529922 0.333128 0.779877
    outer loop
      vertex 40.2472 29.1409 14.5071
      vertex 40.1629 29.0068 14.5071
      vertex 40.384 29.0317 14.6467
    endloop
  endfacet
  facet normal 0.322023 0.920503 0.221305
    outer loop
      vertex 70.4211 29.6688 13.912
      vertex 70.41 29.6202 14.1303
      vertex 70.6312 29.5953 13.912
    endloop
  endfacet
  facet normal 0.109365 0.969054 0.221301
    outer loop
      vertex 70.4211 29.6688 13.912
      vertex 70.2 29.6439 14.1303
      vertex 70.41 29.6202 14.1303
    endloop
  endfacet
  facet normal -0.85143 -0.297894 0.431656
    outer loop
      vertex 39.9745 -28.8884 14.332
      vertex 39.8798 -28.91 14.1303
      vertex 39.9496 -29.1095 14.1303
    endloop
  endfacet
  facet normal -0.89634 -0.101158 0.431673
    outer loop
      vertex 39.9745 -28.8884 14.332
      vertex 39.8561 -28.7 14.1303
      vertex 39.8798 -28.91 14.1303
    endloop
  endfacet
  facet normal -0.825861 -0.518585 0.221413
    outer loop
      vertex 39.9496 -29.1095 14.1303
      vertex 39.9047 -29.1312 13.912
      vertex 40.062 -29.2885 14.1303
    endloop
  endfacet
  facet normal -0.825734 -0.518933 0.221071
    outer loop
      vertex 40.062 -29.2885 14.1303
      vertex 39.9047 -29.1312 13.912
      vertex 40.0231 -29.3196 13.912
    endloop
  endfacet
  facet normal 0 -0.781913 0.623387
    outer loop
      vertex 40.8 -29.5467 14.332
      vertex 70.2 -29.4071 14.5071
      vertex 40.8 -29.4071 14.5071
    endloop
  endfacet
  facet normal 0 -0.781913 0.623387
    outer loop
      vertex 70.2 -29.4071 14.5071
      vertex 40.8 -29.5467 14.332
      vertex 70.2 -29.5467 14.332
    endloop
  endfacet
  facet normal 0 -0.900853 0.434124
    outer loop
      vertex 40.8 -29.6439 14.1303
      vertex 70.2 -29.5467 14.332
      vertex 40.8 -29.5467 14.332
    endloop
  endfacet
  facet normal 0 -0.900853 0.434124
    outer loop
      vertex 70.2 -29.5467 14.332
      vertex 40.8 -29.6439 14.1303
      vertex 70.2 -29.6439 14.1303
    endloop
  endfacet
  facet normal -0.322023 -0.920503 0.221305
    outer loop
      vertex 40.59 -29.6202 14.1303
      vertex 40.3688 -29.5953 13.912
      vertex 40.5789 -29.6688 13.912
    endloop
  endfacet
  facet normal -0.109365 -0.969054 0.221301
    outer loop
      vertex 40.59 -29.6202 14.1303
      vertex 40.5789 -29.6688 13.912
      vertex 40.8 -29.6439 14.1303
    endloop
  endfacet
  facet normal -0.206663 -0.590747 0.779941
    outer loop
      vertex 40.6816 -29.2187 14.6467
      vertex 40.4932 -29.3371 14.5071
      vertex 40.6427 -29.3894 14.5071
    endloop
  endfacet
  facet normal -0.258817 -0.739831 0.621018
    outer loop
      vertex 40.6427 -29.3894 14.5071
      vertex 40.4932 -29.3371 14.5071
      vertex 40.6116 -29.5255 14.332
    endloop
  endfacet
  facet normal -0.0876454 -0.778905 0.620987
    outer loop
      vertex 40.6427 -29.3894 14.5071
      vertex 40.6116 -29.5255 14.332
      vertex 40.8 -29.4071 14.5071
    endloop
  endfacet
  facet normal -0.069974 -0.621859 0.779997
    outer loop
      vertex 40.8 -29.232 14.6467
      vertex 40.6427 -29.3894 14.5071
      vertex 40.8 -29.4071 14.5071
    endloop
  endfacet
  facet normal 0.781913 -0 0.623387
    outer loop
      vertex 70.9071 4.8 14.5071
      vertex 71.0467 28.7 14.332
      vertex 70.9071 28.7 14.5071
    endloop
  endfacet
  facet normal 0.781913 0 0.623387
    outer loop
      vertex 71.0467 28.7 14.332
      vertex 70.9071 4.8 14.5071
      vertex 71.0467 4.8 14.332
    endloop
  endfacet
  facet normal 0.781913 -0 0.623387
    outer loop
      vertex 70.9071 -28.7 14.5071
      vertex 71.0467 -4 14.332
      vertex 70.9071 -4 14.5071
    endloop
  endfacet
  facet normal 0.781913 0 0.623387
    outer loop
      vertex 71.0467 -4 14.332
      vertex 70.9071 -28.7 14.5071
      vertex 71.0467 -28.7 14.332
    endloop
  endfacet
  facet normal 0.0486993 0.433533 0.899821
    outer loop
      vertex 70.3184 29.2187 14.6467
      vertex 70.2 29.232 14.6467
      vertex 70.2735 29.022 14.7439
    endloop
  endfacet
  facet normal 0.0489648 0.433604 0.899772
    outer loop
      vertex 70.2 29.232 14.6467
      vertex 70.2 29.0303 14.7439
      vertex 70.2735 29.022 14.7439
    endloop
  endfacet
  facet normal 0.529992 0.332492 0.780101
    outer loop
      vertex 70.8371 29.0068 14.5071
      vertex 70.616 29.0317 14.6467
      vertex 70.6793 28.9308 14.6467
    endloop
  endfacet
  facet normal 0.778905 0.0876454 0.620987
    outer loop
      vertex 71.0255 28.8884 14.332
      vertex 70.8894 28.8573 14.5071
      vertex 70.9071 28.7 14.5071
    endloop
  endfacet
  facet normal 0.258817 0.739831 0.621018
    outer loop
      vertex 70.3884 29.5255 14.332
      vertex 70.3573 29.3894 14.5071
      vertex 70.5068 29.3371 14.5071
    endloop
  endfacet
  facet normal 0.0876454 0.778905 0.620987
    outer loop
      vertex 70.3884 29.5255 14.332
      vertex 70.2 29.4071 14.5071
      vertex 70.3573 29.3894 14.5071
    endloop
  endfacet
  facet normal -0.0698621 0.62193 0.77995
    outer loop
      vertex 40.8 29.232 14.6467
      vertex 40.6427 29.3894 14.5071
      vertex 40.6816 29.2187 14.6467
    endloop
  endfacet
  facet normal -0.206663 0.590747 0.779941
    outer loop
      vertex 40.6427 29.3894 14.5071
      vertex 40.4932 29.3371 14.5071
      vertex 40.6816 29.2187 14.6467
    endloop
  endfacet
  facet normal -0 0.222412 0.974953
    outer loop
      vertex 40.8 29.0303 14.7439
      vertex 70.2 28.812 14.7937
      vertex 70.2 29.0303 14.7439
    endloop
  endfacet
  facet normal 0 0.222412 0.974953
    outer loop
      vertex 70.2 28.812 14.7937
      vertex 40.8 29.0303 14.7439
      vertex 40.8 28.812 14.7937
    endloop
  endfacet
  facet normal 0.590747 -0.206663 0.779941
    outer loop
      vertex 70.8894 -28.8573 14.5071
      vertex 70.7187 -28.8184 14.6467
      vertex 70.8371 -29.0068 14.5071
    endloop
  endfacet
  facet normal 0.62193 -0.0698621 0.77995
    outer loop
      vertex 70.732 -28.7 14.6467
      vertex 70.7187 -28.8184 14.6467
      vertex 70.8894 -28.8573 14.5071
    endloop
  endfacet
  facet normal 0.739821 -0.258731 0.621066
    outer loop
      vertex 71.0255 -28.8884 14.332
      vertex 70.8371 -29.0068 14.5071
      vertex 70.9629 -29.0674 14.332
    endloop
  endfacet
  facet normal 0.663527 -0.417133 0.621073
    outer loop
      vertex 70.9629 -29.0674 14.332
      vertex 70.8371 -29.0068 14.5071
      vertex 70.862 -29.2279 14.332
    endloop
  endfacet
  facet normal -0.158206 0.158206 0.97465
    outer loop
      vertex 40.5941 28.9582 14.7439
      vertex 40.7125 28.7698 14.7937
      vertex 40.7302 28.7875 14.7937
    endloop
  endfacet
  facet normal -0.158206 0.158206 0.97465
    outer loop
      vertex 40.7125 28.7698 14.7937
      vertex 40.5941 28.9582 14.7439
      vertex 40.5418 28.9059 14.7439
    endloop
  endfacet
  facet normal 0.258719 -0.739789 -0.621109
    outer loop
      vertex 70.5674 -29.4629 3.26797
      vertex 70.3884 -29.5255 3.26797
      vertex 70.5068 -29.3371 3.09289
    endloop
  endfacet
  facet normal 0.417115 -0.663498 -0.621117
    outer loop
      vertex 70.5674 -29.4629 3.26797
      vertex 70.5068 -29.3371 3.09289
      vertex 70.7279 -29.362 3.26797
    endloop
  endfacet
  facet normal -0.119573 0.189175 -0.974636
    outer loop
      vertex 40.7302 28.7875 2.80629
      vertex 40.5941 28.9582 2.85612
      vertex 40.7514 28.8009 2.80629
    endloop
  endfacet
  facet normal -0.119259 0.189483 -0.974615
    outer loop
      vertex 40.7514 28.8009 2.80629
      vertex 40.5941 28.9582 2.85612
      vertex 40.6567 28.9976 2.85612
    endloop
  endfacet
  facet normal 0.211333 -0.0738757 -0.974618
    outer loop
      vertex 70.4976 -28.8433 2.85612
      vertex 70.3009 -28.7486 2.80629
      vertex 70.522 -28.7735 2.85612
    endloop
  endfacet
  facet normal 0.411568 -0.144269 -0.899888
    outer loop
      vertex 70.6793 -28.9308 2.95328
      vertex 70.522 -28.7735 2.85612
      vertex 70.7187 -28.8184 2.95328
    endloop
  endfacet
  facet normal 0.143963 -0.41183 -0.899817
    outer loop
      vertex 70.4308 -29.1793 2.95328
      vertex 70.2735 -29.022 2.85612
      vertex 70.3433 -28.9976 2.85612
    endloop
  endfacet
  facet normal 0.0738757 -0.211333 -0.974618
    outer loop
      vertex 70.2735 -29.022 2.85612
      vertex 70.2486 -28.8009 2.80629
      vertex 70.3433 -28.9976 2.85612
    endloop
  endfacet
  facet normal 0.77887 -0.0876435 -0.621032
    outer loop
      vertex 71.0255 -28.8884 3.26797
      vertex 70.9071 -28.7 3.09289
      vertex 71.0467 -28.7 3.26797
    endloop
  endfacet
  facet normal 0.896301 -0.100858 -0.431824
    outer loop
      vertex 71.1439 -28.7 3.46972
      vertex 71.0255 -28.8884 3.26797
      vertex 71.0467 -28.7 3.26797
    endloop
  endfacet
  facet normal 0.851469 -0.297908 -0.431568
    outer loop
      vertex 71.0504 -29.1095 3.46972
      vertex 71.0255 -28.8884 3.26797
      vertex 71.1202 -28.91 3.46972
    endloop
  endfacet
  facet normal 0.896381 -0.101163 -0.431586
    outer loop
      vertex 71.1202 -28.91 3.46972
      vertex 71.0255 -28.8884 3.26797
      vertex 71.1439 -28.7 3.46972
    endloop
  endfacet
  facet normal 0.763998 -0.47974 -0.431459
    outer loop
      vertex 71.0504 -29.1095 3.46972
      vertex 70.938 -29.2885 3.46972
      vertex 70.9629 -29.0674 3.26797
    endloop
  endfacet
  facet normal 0.663511 -0.417106 -0.621108
    outer loop
      vertex 70.862 -29.2279 3.26797
      vertex 70.7528 -29.1409 3.09289
      vertex 70.8371 -29.0068 3.09289
    endloop
  endfacet
  facet normal 0.663498 -0.417115 -0.621117
    outer loop
      vertex 70.862 -29.2279 3.26797
      vertex 70.8371 -29.0068 3.09289
      vertex 70.9629 -29.0674 3.26797
    endloop
  endfacet
  facet normal 0.211317 -0.0740055 -0.974612
    outer loop
      vertex 70.522 -28.7735 2.85612
      vertex 70.3009 -28.7486 2.80629
      vertex 70.3092 -28.7249 2.80629
    endloop
  endfacet
  facet normal 0.411568 0.144269 -0.899888
    outer loop
      vertex 70.7187 28.8184 2.95328
      vertex 70.522 28.7735 2.85612
      vertex 70.6793 28.9308 2.95328
    endloop
  endfacet
  facet normal 0.433389 0.048683 -0.899891
    outer loop
      vertex 70.732 28.7 2.95328
      vertex 70.522 28.7735 2.85612
      vertex 70.7187 28.8184 2.95328
    endloop
  endfacet
  facet normal -0.896381 -0.101163 -0.431586
    outer loop
      vertex 39.8798 -28.91 3.46972
      vertex 39.8561 -28.7 3.46972
      vertex 39.9745 -28.8884 3.26797
    endloop
  endfacet
  facet normal -0.896301 -0.100858 -0.431824
    outer loop
      vertex 39.9745 -28.8884 3.26797
      vertex 39.8561 -28.7 3.46972
      vertex 39.9533 -28.7 3.26797
    endloop
  endfacet
  facet normal -0.663498 -0.417115 -0.621117
    outer loop
      vertex 40.138 -29.2279 3.26797
      vertex 40.0371 -29.0674 3.26797
      vertex 40.1629 -29.0068 3.09289
    endloop
  endfacet
  facet normal -0.590773 -0.206672 -0.779919
    outer loop
      vertex 40.1629 -29.0068 3.09289
      vertex 40.1106 -28.8573 3.09289
      vertex 40.2813 -28.8184 2.95328
    endloop
  endfacet
  facet normal -0.846683 -0.532098 0
    outer loop
      vertex 40.0231 -29.3196 3.68804
      vertex 39.9047 -29.1312 13.912
      vertex 39.9047 -29.1312 3.68804
    endloop
  endfacet
  facet normal -0.846683 -0.532098 0
    outer loop
      vertex 39.9047 -29.1312 13.912
      vertex 40.0231 -29.3196 3.68804
      vertex 40.0231 -29.3196 13.912
    endloop
  endfacet
  facet normal -0.297908 -0.851469 -0.431568
    outer loop
      vertex 40.59 -29.6202 3.46972
      vertex 40.3905 -29.5504 3.46972
      vertex 40.6116 -29.5255 3.26797
    endloop
  endfacet
  facet normal -0.322055 -0.920488 -0.22132
    outer loop
      vertex 40.59 -29.6202 3.46972
      vertex 40.3688 -29.5953 3.68804
      vertex 40.3905 -29.5504 3.46972
    endloop
  endfacet
  facet normal -0.77887 0.0876435 -0.621032
    outer loop
      vertex 40.0929 28.7 3.09289
      vertex 39.9533 28.7 3.26797
      vertex 39.9745 28.8884 3.26797
    endloop
  endfacet
  facet normal -0.896301 0.100858 -0.431824
    outer loop
      vertex 39.9533 28.7 3.26797
      vertex 39.8561 28.7 3.46972
      vertex 39.9745 28.8884 3.26797
    endloop
  endfacet
  facet normal -0.433389 -0.048683 -0.899891
    outer loop
      vertex 40.2813 -28.8184 2.95328
      vertex 40.268 -28.7 2.95328
      vertex 40.478 -28.7735 2.85612
    endloop
  endfacet
  facet normal -0.763998 -0.47974 -0.431459
    outer loop
      vertex 40.062 -29.2885 3.46972
      vertex 39.9496 -29.1095 3.46972
      vertex 40.0371 -29.0674 3.26797
    endloop
  endfacet
  facet normal -0.851469 -0.297908 -0.431568
    outer loop
      vertex 39.9496 -29.1095 3.46972
      vertex 39.8798 -28.91 3.46972
      vertex 39.9745 -28.8884 3.26797
    endloop
  endfacet
  facet normal -0.920488 -0.322055 -0.22132
    outer loop
      vertex 39.9047 -29.1312 3.68804
      vertex 39.8798 -28.91 3.46972
      vertex 39.9496 -29.1095 3.46972
    endloop
  endfacet
  facet normal -0.0876435 0.77887 -0.621032
    outer loop
      vertex 40.8 29.4071 3.09289
      vertex 40.6116 29.5255 3.26797
      vertex 40.8 29.5467 3.26797
    endloop
  endfacet
  facet normal -0.47974 0.763998 -0.431459
    outer loop
      vertex 40.4326 29.4629 3.26797
      vertex 40.2115 29.438 3.46972
      vertex 40.3905 29.5504 3.46972
    endloop
  endfacet
  facet normal -0.433389 0.048683 -0.899891
    outer loop
      vertex 40.478 28.7735 2.85612
      vertex 40.268 28.7 2.95328
      vertex 40.2813 28.8184 2.95328
    endloop
  endfacet
  facet normal -0.0698651 0.621957 -0.779928
    outer loop
      vertex 40.6816 29.2187 2.95328
      vertex 40.6427 29.3894 3.09289
      vertex 40.8 29.232 2.95328
    endloop
  endfacet
  facet normal -0.0489485 0.433459 -0.899843
    outer loop
      vertex 40.8 29.0303 2.85612
      vertex 40.7265 29.022 2.85612
      vertex 40.8 29.232 2.95328
    endloop
  endfacet
  facet normal 0.442598 0.442598 -0.779881
    outer loop
      vertex 70.616 29.0317 2.95328
      vertex 70.6409 29.2528 3.09289
      vertex 70.7528 29.1409 3.09289
    endloop
  endfacet
  facet normal 0.442598 0.442598 -0.779881
    outer loop
      vertex 70.6409 29.2528 3.09289
      vertex 70.616 29.0317 2.95328
      vertex 70.5317 29.116 2.95328
    endloop
  endfacet
  facet normal 0.0876435 0.77887 -0.621032
    outer loop
      vertex 70.3884 29.5255 3.26797
      vertex 70.2 29.4071 3.09289
      vertex 70.2 29.5467 3.26797
    endloop
  endfacet
  facet normal 0.100858 0.896301 -0.431824
    outer loop
      vertex 70.3884 29.5255 3.26797
      vertex 70.2 29.5467 3.26797
      vertex 70.2 29.6439 3.46972
    endloop
  endfacet
  facet normal -0.480019 0.763558 0.431927
    outer loop
      vertex 40.4326 29.4629 14.332
      vertex 40.2115 29.438 14.1303
      vertex 40.2721 29.362 14.332
    endloop
  endfacet
  facet normal -0.417133 0.663527 0.621073
    outer loop
      vertex 40.4326 29.4629 14.332
      vertex 40.2721 29.362 14.332
      vertex 40.4932 29.3371 14.5071
    endloop
  endfacet
  facet normal -0.144011 0.411967 0.899747
    outer loop
      vertex 40.7265 29.022 14.7439
      vertex 40.5692 29.1793 14.6467
      vertex 40.6567 28.9976 14.7439
    endloop
  endfacet
  facet normal -0.231903 0.369652 0.899766
    outer loop
      vertex 40.5692 29.1793 14.6467
      vertex 40.4683 29.116 14.6467
      vertex 40.6567 28.9976 14.7439
    endloop
  endfacet
  facet normal -0.590747 0.206663 0.779941
    outer loop
      vertex 40.1629 29.0068 14.5071
      vertex 40.1106 28.8573 14.5071
      vertex 40.2813 28.8184 14.6467
    endloop
  endfacet
  facet normal -0.590439 0.206969 0.780093
    outer loop
      vertex 40.3207 28.9308 14.6467
      vertex 40.1629 29.0068 14.5071
      vertex 40.2813 28.8184 14.6467
    endloop
  endfacet
  facet normal -0.144317 -0.411705 0.899817
    outer loop
      vertex 40.7265 -29.022 14.7439
      vertex 40.5692 -29.1793 14.6467
      vertex 40.6816 -29.2187 14.6467
    endloop
  endfacet
  facet normal -0.0486993 -0.433533 0.899821
    outer loop
      vertex 40.7265 -29.022 14.7439
      vertex 40.6816 -29.2187 14.6467
      vertex 40.8 -29.232 14.6467
    endloop
  endfacet
  facet normal -0.144011 -0.411967 0.899747
    outer loop
      vertex 40.6567 -28.9976 14.7439
      vertex 40.5692 -29.1793 14.6467
      vertex 40.7265 -29.022 14.7439
    endloop
  endfacet
  facet normal -0.231903 -0.369652 0.899766
    outer loop
      vertex 40.6567 -28.9976 14.7439
      vertex 40.4683 -29.116 14.6467
      vertex 40.5692 -29.1793 14.6467
    endloop
  endfacet
  facet normal 0.433604 0.0489648 0.899772
    outer loop
      vertex 70.732 28.7 14.6467
      vertex 70.522 28.7735 14.7439
      vertex 70.5303 28.7 14.7439
    endloop
  endfacet
  facet normal 0.434124 0 0.900853
    outer loop
      vertex 70.5303 28.7 14.7439
      vertex 70.732 4.8 14.6467
      vertex 70.732 28.7 14.6467
    endloop
  endfacet
  facet normal 0.434124 0 0.900853
    outer loop
      vertex 70.732 4.8 14.6467
      vertex 70.5303 28.7 14.7439
      vertex 70.5303 4.8 14.7439
    endloop
  endfacet
  facet normal 0.434124 0 0.900853
    outer loop
      vertex 70.5303 -4 14.7439
      vertex 70.732 -28.7 14.6467
      vertex 70.732 -4 14.6467
    endloop
  endfacet
  facet normal 0.434124 0 0.900853
    outer loop
      vertex 70.732 -28.7 14.6467
      vertex 70.5303 -4 14.7439
      vertex 70.5303 -28.7 14.7439
    endloop
  endfacet
  facet normal 0.0698621 0.62193 0.77995
    outer loop
      vertex 70.3573 29.3894 14.5071
      vertex 70.2 29.232 14.6467
      vertex 70.3184 29.2187 14.6467
    endloop
  endfacet
  facet normal 0.0738335 0.211212 0.974648
    outer loop
      vertex 70.2735 29.022 14.7439
      vertex 70.2486 28.8009 14.7937
      vertex 70.3433 28.9976 14.7439
    endloop
  endfacet
  facet normal 0.369102 0.23231 0.899886
    outer loop
      vertex 70.616 29.0317 14.6467
      vertex 70.4582 28.9059 14.7439
      vertex 70.4976 28.8433 14.7439
    endloop
  endfacet
  facet normal 0.189374 0.119191 0.974644
    outer loop
      vertex 70.4582 28.9059 14.7439
      vertex 70.3009 28.7486 14.7937
      vertex 70.4976 28.8433 14.7439
    endloop
  endfacet
  facet normal 0.23231 0.369102 0.899886
    outer loop
      vertex 70.5317 29.116 14.6467
      vertex 70.3433 28.9976 14.7439
      vertex 70.4059 28.9582 14.7439
    endloop
  endfacet
  facet normal 0.739821 0.258731 0.621066
    outer loop
      vertex 70.9629 29.0674 14.332
      vertex 70.8371 29.0068 14.5071
      vertex 71.0255 28.8884 14.332
    endloop
  endfacet
  facet normal 0.663527 0.417133 0.621073
    outer loop
      vertex 70.862 29.2279 14.332
      vertex 70.8371 29.0068 14.5071
      vertex 70.9629 29.0674 14.332
    endloop
  endfacet
  facet normal 0.144011 0.411967 0.899747
    outer loop
      vertex 70.4308 29.1793 14.6467
      vertex 70.2735 29.022 14.7439
      vertex 70.3433 28.9976 14.7439
    endloop
  endfacet
  facet normal 0.442579 0.442579 0.779903
    outer loop
      vertex 70.6409 29.2528 14.5071
      vertex 70.616 29.0317 14.6467
      vertex 70.7528 29.1409 14.5071
    endloop
  endfacet
  facet normal 0.442579 0.442579 0.779903
    outer loop
      vertex 70.616 29.0317 14.6467
      vertex 70.6409 29.2528 14.5071
      vertex 70.5317 29.116 14.6467
    endloop
  endfacet
  facet normal -0.158206 -0.158206 0.97465
    outer loop
      vertex 40.7125 -28.7698 14.7937
      vertex 40.5941 -28.9582 14.7439
      vertex 40.7302 -28.7875 14.7937
    endloop
  endfacet
  facet normal -0.158206 -0.158206 0.97465
    outer loop
      vertex 40.5941 -28.9582 14.7439
      vertex 40.7125 -28.7698 14.7937
      vertex 40.5418 -28.9059 14.7439
    endloop
  endfacet
  facet normal 0.47974 -0.763998 -0.431459
    outer loop
      vertex 70.6095 -29.5504 3.46972
      vertex 70.5674 -29.4629 3.26797
      vertex 70.7885 -29.438 3.46972
    endloop
  endfacet
  facet normal 0.518587 -0.825864 -0.221394
    outer loop
      vertex 70.6312 -29.5953 3.68804
      vertex 70.6095 -29.5504 3.46972
      vertex 70.7885 -29.438 3.46972
    endloop
  endfacet
  facet normal 0.369529 -0.231825 -0.899836
    outer loop
      vertex 70.616 -29.0317 2.95328
      vertex 70.4976 -28.8433 2.85612
      vertex 70.6793 -28.9308 2.95328
    endloop
  endfacet
  facet normal 0.368979 -0.232233 -0.899957
    outer loop
      vertex 70.616 -29.0317 2.95328
      vertex 70.4582 -28.9059 2.85612
      vertex 70.4976 -28.8433 2.85612
    endloop
  endfacet
  facet normal 0.63778 -0.63778 -0.431825
    outer loop
      vertex 70.862 -29.2279 3.26797
      vertex 70.7885 -29.438 3.46972
      vertex 70.7279 -29.362 3.26797
    endloop
  endfacet
  facet normal 0.63778 -0.63778 -0.431825
    outer loop
      vertex 70.7885 -29.438 3.46972
      vertex 70.862 -29.2279 3.26797
      vertex 70.938 -29.2885 3.46972
    endloop
  endfacet
  facet normal 0 0 -1
    outer loop
      vertex 70.2 -28.812 2.80629
      vertex 70.312 -28.7 2.80629
      vertex 70.3092 -28.7249 2.80629
    endloop
  endfacet
  facet normal 0 0 -1
    outer loop
      vertex 70.312 -28.7 2.80629
      vertex 40.688 -28.7 2.80629
      vertex 70.312 28.7 2.80629
    endloop
  endfacet
  facet normal 0 0 -1
    outer loop
      vertex 70.2 -28.812 2.80629
      vertex 70.3092 -28.7249 2.80629
      vertex 70.3009 -28.7486 2.80629
    endloop
  endfacet
  facet normal 0 0 -1
    outer loop
      vertex 40.688 28.7 2.80629
      vertex 70.312 28.7 2.80629
      vertex 40.688 -28.7 2.80629
    endloop
  endfacet
  facet normal 0 0 -1
    outer loop
      vertex 70.2 -28.812 2.80629
      vertex 70.3009 -28.7486 2.80629
      vertex 70.2875 -28.7698 2.80629
    endloop
  endfacet
  facet normal -0 0 -1
    outer loop
      vertex 70.312 -28.7 2.80629
      vertex 70.2 -28.812 2.80629
      vertex 40.688 -28.7 2.80629
    endloop
  endfacet
  facet normal 0 0 -1
    outer loop
      vertex 70.2 -28.812 2.80629
      vertex 70.2875 -28.7698 2.80629
      vertex 70.2698 -28.7875 2.80629
    endloop
  endfacet
  facet normal 0 -0 -1
    outer loop
      vertex 70.2 28.812 2.80629
      vertex 70.312 28.7 2.80629
      vertex 40.688 28.7 2.80629
    endloop
  endfacet
  facet normal 0 0 -1
    outer loop
      vertex 70.2 -28.812 2.80629
      vertex 70.2698 -28.7875 2.80629
      vertex 70.2486 -28.8009 2.80629
    endloop
  endfacet
  facet normal 0 0 -1
    outer loop
      vertex 70.3009 28.7486 2.80629
      vertex 70.2 28.812 2.80629
      vertex 70.2875 28.7698 2.80629
    endloop
  endfacet
  facet normal 0 0 -1
    outer loop
      vertex 70.2 -28.812 2.80629
      vertex 70.2486 -28.8009 2.80629
      vertex 70.2249 -28.8092 2.80629
    endloop
  endfacet
  facet normal 0 0 -1
    outer loop
      vertex 70.2875 28.7698 2.80629
      vertex 70.2 28.812 2.80629
      vertex 70.2698 28.7875 2.80629
    endloop
  endfacet
  facet normal 0 0 -1
    outer loop
      vertex 70.2698 28.7875 2.80629
      vertex 70.2 28.812 2.80629
      vertex 70.2486 28.8009 2.80629
    endloop
  endfacet
  facet normal 0 0 -1
    outer loop
      vertex 70.2486 28.8009 2.80629
      vertex 70.2 28.812 2.80629
      vertex 70.2249 28.8092 2.80629
    endloop
  endfacet
  facet normal 0 0 -1
    outer loop
      vertex 40.688 -28.7 2.80629
      vertex 70.2 -28.812 2.80629
      vertex 40.8 -28.812 2.80629
    endloop
  endfacet
  facet normal 0 0 -1
    outer loop
      vertex 70.312 28.7 2.80629
      vertex 70.2 28.812 2.80629
      vertex 70.3092 28.7249 2.80629
    endloop
  endfacet
  facet normal 0 0 -1
    outer loop
      vertex 40.688 -28.7 2.80629
      vertex 40.8 -28.812 2.80629
      vertex 40.7751 -28.8092 2.80629
    endloop
  endfacet
  facet normal 0 0 -1
    outer loop
      vertex 70.3092 28.7249 2.80629
      vertex 70.2 28.812 2.80629
      vertex 70.3009 28.7486 2.80629
    endloop
  endfacet
  facet normal 0 0 -1
    outer loop
      vertex 40.688 -28.7 2.80629
      vertex 40.7751 -28.8092 2.80629
      vertex 40.7514 -28.8009 2.80629
    endloop
  endfacet
  facet normal -0 0 -1
    outer loop
      vertex 70.2 28.812 2.80629
      vertex 40.688 28.7 2.80629
      vertex 40.8 28.812 2.80629
    endloop
  endfacet
  facet normal 0 0 -1
    outer loop
      vertex 40.688 -28.7 2.80629
      vertex 40.7514 -28.8009 2.80629
      vertex 40.7302 -28.7875 2.80629
    endloop
  endfacet
  facet normal 0 0 -1
    outer loop
      vertex 40.8 28.812 2.80629
      vertex 40.688 28.7 2.80629
      vertex 40.7751 28.8092 2.80629
    endloop
  endfacet
  facet normal 0 0 -1
    outer loop
      vertex 40.688 -28.7 2.80629
      vertex 40.7302 -28.7875 2.80629
      vertex 40.7125 -28.7698 2.80629
    endloop
  endfacet
  facet normal 0 0 -1
    outer loop
      vertex 40.7751 28.8092 2.80629
      vertex 40.688 28.7 2.80629
      vertex 40.7514 28.8009 2.80629
    endloop
  endfacet
  facet normal 0 0 -1
    outer loop
      vertex 40.688 -28.7 2.80629
      vertex 40.7125 -28.7698 2.80629
      vertex 40.6991 -28.7486 2.80629
    endloop
  endfacet
  facet normal 0 0 -1
    outer loop
      vertex 40.7514 28.8009 2.80629
      vertex 40.688 28.7 2.80629
      vertex 40.7302 28.7875 2.80629
    endloop
  endfacet
  facet normal 0 0 -1
    outer loop
      vertex 40.688 -28.7 2.80629
      vertex 40.6991 -28.7486 2.80629
      vertex 40.6908 -28.7249 2.80629
    endloop
  endfacet
  facet normal 0 0 -1
    outer loop
      vertex 40.7302 28.7875 2.80629
      vertex 40.688 28.7 2.80629
      vertex 40.7125 28.7698 2.80629
    endloop
  endfacet
  facet normal 0 0 -1
    outer loop
      vertex 40.7125 28.7698 2.80629
      vertex 40.688 28.7 2.80629
      vertex 40.6991 28.7486 2.80629
    endloop
  endfacet
  facet normal 0 0 -1
    outer loop
      vertex 40.6991 28.7486 2.80629
      vertex 40.688 28.7 2.80629
      vertex 40.6908 28.7249 2.80629
    endloop
  endfacet
  facet normal -0.781879 0 -0.623431
    outer loop
      vertex 40.0929 4.8 3.09289
      vertex 39.9533 28.7 3.26797
      vertex 40.0929 28.7 3.09289
    endloop
  endfacet
  facet normal -0.781879 -0 -0.623431
    outer loop
      vertex 39.9533 28.7 3.26797
      vertex 40.0929 4.8 3.09289
      vertex 39.9533 4.8 3.26797
    endloop
  endfacet
  facet normal -0.781879 0 -0.623431
    outer loop
      vertex 40.0929 -28.7 3.09289
      vertex 39.9533 -4 3.26797
      vertex 40.0929 -4 3.09289
    endloop
  endfacet
  facet normal -0.781879 -0 -0.623431
    outer loop
      vertex 39.9533 -4 3.26797
      vertex 40.0929 -28.7 3.09289
      vertex 39.9533 -28.7 3.26797
    endloop
  endfacet
  facet normal -0.442598 -0.442598 -0.779881
    outer loop
      vertex 40.3591 -29.2528 3.09289
      vertex 40.384 -29.0317 2.95328
      vertex 40.4683 -29.116 2.95328
    endloop
  endfacet
  facet normal -0.442598 -0.442598 -0.779881
    outer loop
      vertex 40.384 -29.0317 2.95328
      vertex 40.3591 -29.2528 3.09289
      vertex 40.2472 -29.1409 3.09289
    endloop
  endfacet
  facet normal -0.554205 -0.554205 -0.621059
    outer loop
      vertex 40.2721 -29.362 3.26797
      vertex 40.2472 -29.1409 3.09289
      vertex 40.3591 -29.2528 3.09289
    endloop
  endfacet
  facet normal -0.554205 -0.554205 -0.621059
    outer loop
      vertex 40.2472 -29.1409 3.09289
      vertex 40.2721 -29.362 3.26797
      vertex 40.138 -29.2279 3.26797
    endloop
  endfacet
  facet normal -0.689605 -0.689605 -0.221108
    outer loop
      vertex 40.2115 -29.438 3.46972
      vertex 40.0231 -29.3196 3.68804
      vertex 40.062 -29.2885 3.46972
    endloop
  endfacet
  facet normal -0.689605 -0.689605 -0.221108
    outer loop
      vertex 40.0231 -29.3196 3.68804
      vertex 40.2115 -29.438 3.46972
      vertex 40.1804 -29.4769 3.68804
    endloop
  endfacet
  facet normal -0.825738 -0.518935 -0.221052
    outer loop
      vertex 40.0231 -29.3196 3.68804
      vertex 39.9047 -29.1312 3.68804
      vertex 40.062 -29.2885 3.46972
    endloop
  endfacet
  facet normal -0.47974 -0.763998 -0.431459
    outer loop
      vertex 40.3905 -29.5504 3.46972
      vertex 40.2115 -29.438 3.46972
      vertex 40.4326 -29.4629 3.26797
    endloop
  endfacet
  facet normal -0.480041 -0.763594 -0.431839
    outer loop
      vertex 40.4326 -29.4629 3.26797
      vertex 40.2115 -29.438 3.46972
      vertex 40.2721 -29.362 3.26797
    endloop
  endfacet
  facet normal -0.739789 0.258719 -0.621109
    outer loop
      vertex 40.1629 29.0068 3.09289
      vertex 39.9745 28.8884 3.26797
      vertex 40.0371 29.0674 3.26797
    endloop
  endfacet
  facet normal -0.851555 0.297806 -0.431468
    outer loop
      vertex 39.9745 28.8884 3.26797
      vertex 39.9496 29.1095 3.46972
      vertex 40.0371 29.0674 3.26797
    endloop
  endfacet
  facet normal -0.411568 -0.144269 -0.899888
    outer loop
      vertex 40.3207 -28.9308 2.95328
      vertex 40.2813 -28.8184 2.95328
      vertex 40.478 -28.7735 2.85612
    endloop
  endfacet
  facet normal -0.41183 -0.143963 -0.899817
    outer loop
      vertex 40.5024 -28.8433 2.85612
      vertex 40.3207 -28.9308 2.95328
      vertex 40.478 -28.7735 2.85612
    endloop
  endfacet
  facet normal -0.297806 0.851555 -0.431468
    outer loop
      vertex 40.4326 29.4629 3.26797
      vertex 40.3905 29.5504 3.46972
      vertex 40.6116 29.5255 3.26797
    endloop
  endfacet
  facet normal -0.417115 0.663498 -0.621117
    outer loop
      vertex 40.4932 29.3371 3.09289
      vertex 40.2721 29.362 3.26797
      vertex 40.4326 29.4629 3.26797
    endloop
  endfacet
  facet normal -0.308314 0.308314 -0.899936
    outer loop
      vertex 40.5418 28.9059 2.85612
      vertex 40.4683 29.116 2.95328
      vertex 40.5941 28.9582 2.85612
    endloop
  endfacet
  facet normal -0.308314 0.308314 -0.899936
    outer loop
      vertex 40.4683 29.116 2.95328
      vertex 40.5418 28.9059 2.85612
      vertex 40.384 29.0317 2.95328
    endloop
  endfacet
  facet normal -0.0250205 0.222504 -0.974611
    outer loop
      vertex 40.7751 28.8092 2.80629
      vertex 40.7265 29.022 2.85612
      vertex 40.8 28.812 2.80629
    endloop
  endfacet
  facet normal -0.0740055 0.211317 -0.974612
    outer loop
      vertex 40.7514 28.8009 2.80629
      vertex 40.7265 29.022 2.85612
      vertex 40.7751 28.8092 2.80629
    endloop
  endfacet
  facet normal 0.109365 0.969058 -0.221282
    outer loop
      vertex 70.41 29.6202 3.46972
      vertex 70.2 29.6439 3.46972
      vertex 70.4211 29.6688 3.68804
    endloop
  endfacet
  facet normal 0.322024 0.920507 -0.221286
    outer loop
      vertex 70.6312 29.5953 3.68804
      vertex 70.41 29.6202 3.46972
      vertex 70.4211 29.6688 3.68804
    endloop
  endfacet
  facet normal -0.554229 0.554229 0.621015
    outer loop
      vertex 40.2721 29.362 14.332
      vertex 40.2472 29.1409 14.5071
      vertex 40.3591 29.2528 14.5071
    endloop
  endfacet
  facet normal -0.554229 0.554229 0.621015
    outer loop
      vertex 40.2472 29.1409 14.5071
      vertex 40.2721 29.362 14.332
      vertex 40.138 29.2279 14.332
    endloop
  endfacet
  facet normal 0.308417 0.308417 0.899866
    outer loop
      vertex 70.5317 29.116 14.6467
      vertex 70.4582 28.9059 14.7439
      vertex 70.616 29.0317 14.6467
    endloop
  endfacet
  facet normal 0.308417 0.308417 0.899866
    outer loop
      vertex 70.4582 28.9059 14.7439
      vertex 70.5317 29.116 14.6467
      vertex 70.4059 28.9582 14.7439
    endloop
  endfacet
  facet normal 0.621859 0.069974 0.779997
    outer loop
      vertex 70.8894 28.8573 14.5071
      vertex 70.732 28.7 14.6467
      vertex 70.9071 28.7 14.5071
    endloop
  endfacet
  facet normal 0.369652 0.231903 0.899766
    outer loop
      vertex 70.616 29.0317 14.6467
      vertex 70.4976 28.8433 14.7439
      vertex 70.6793 28.9308 14.6467
    endloop
  endfacet
  facet normal -0.778871 -0.0876416 -0.62103
    outer loop
      vertex 40.1106 -28.8573 3.09289
      vertex 39.9745 -28.8884 3.26797
      vertex 40.0929 -28.7 3.09289
    endloop
  endfacet
  facet normal -0.621886 -0.069977 -0.779975
    outer loop
      vertex 40.1106 -28.8573 3.09289
      vertex 40.0929 -28.7 3.09289
      vertex 40.268 -28.7 2.95328
    endloop
  endfacet
  facet normal -0.851555 -0.297806 -0.431468
    outer loop
      vertex 40.0371 -29.0674 3.26797
      vertex 39.9496 -29.1095 3.46972
      vertex 39.9745 -28.8884 3.26797
    endloop
  endfacet
  facet normal -0.530015 -0.332507 -0.780079
    outer loop
      vertex 40.384 -29.0317 2.95328
      vertex 40.1629 -29.0068 3.09289
      vertex 40.3207 -28.9308 2.95328
    endloop
  endfacet
  facet normal -0.101163 0.896381 -0.431586
    outer loop
      vertex 40.6116 29.5255 3.26797
      vertex 40.59 29.6202 3.46972
      vertex 40.8 29.6439 3.46972
    endloop
  endfacet
  facet normal -0.100858 0.896301 -0.431824
    outer loop
      vertex 40.8 29.5467 3.26797
      vertex 40.6116 29.5255 3.26797
      vertex 40.8 29.6439 3.46972
    endloop
  endfacet
  facet normal -0.211317 0.0740055 -0.974612
    outer loop
      vertex 40.6908 28.7249 2.80629
      vertex 40.478 28.7735 2.85612
      vertex 40.6991 28.7486 2.80629
    endloop
  endfacet
  facet normal -0.222504 0.0250205 -0.974611
    outer loop
      vertex 40.688 28.7 2.80629
      vertex 40.478 28.7735 2.85612
      vertex 40.6908 28.7249 2.80629
    endloop
  endfacet
  facet normal -0.411568 0.144269 -0.899888
    outer loop
      vertex 40.478 28.7735 2.85612
      vertex 40.2813 28.8184 2.95328
      vertex 40.3207 28.9308 2.95328
    endloop
  endfacet
  facet normal -0.590465 0.206978 -0.780071
    outer loop
      vertex 40.2813 28.8184 2.95328
      vertex 40.1629 29.0068 3.09289
      vertex 40.3207 28.9308 2.95328
    endloop
  endfacet
  facet normal -0.143963 0.41183 -0.899817
    outer loop
      vertex 40.6567 28.9976 2.85612
      vertex 40.5692 29.1793 2.95328
      vertex 40.7265 29.022 2.85612
    endloop
  endfacet
  facet normal -0.0738757 0.211333 -0.974618
    outer loop
      vertex 40.7514 28.8009 2.80629
      vertex 40.6567 28.9976 2.85612
      vertex 40.7265 29.022 2.85612
    endloop
  endfacet
  facet normal 0.231903 0.369652 0.899766
    outer loop
      vertex 70.4308 29.1793 14.6467
      vertex 70.3433 28.9976 14.7439
      vertex 70.5317 29.116 14.6467
    endloop
  endfacet
  facet normal 0.332492 0.529992 0.780101
    outer loop
      vertex 70.5068 29.3371 14.5071
      vertex 70.4308 29.1793 14.6467
      vertex 70.5317 29.116 14.6467
    endloop
  endfacet
  facet normal 0.411967 0.144011 0.899747
    outer loop
      vertex 70.6793 28.9308 14.6467
      vertex 70.4976 28.8433 14.7439
      vertex 70.522 28.7735 14.7439
    endloop
  endfacet
  facet normal 0.411705 0.144317 0.899817
    outer loop
      vertex 70.6793 28.9308 14.6467
      vertex 70.522 28.7735 14.7439
      vertex 70.7187 28.8184 14.6467
    endloop
  endfacet
  facet normal 0.739831 0.258817 0.621018
    outer loop
      vertex 71.0255 28.8884 14.332
      vertex 70.8371 29.0068 14.5071
      vertex 70.8894 28.8573 14.5071
    endloop
  endfacet
  facet normal 0.590747 0.206663 0.779941
    outer loop
      vertex 70.8371 29.0068 14.5071
      vertex 70.7187 28.8184 14.6467
      vertex 70.8894 28.8573 14.5071
    endloop
  endfacet
  facet normal -0.739789 -0.258719 -0.621109
    outer loop
      vertex 40.0371 -29.0674 3.26797
      vertex 39.9745 -28.8884 3.26797
      vertex 40.1629 -29.0068 3.09289
    endloop
  endfacet
  facet normal -0.739799 -0.258806 -0.621062
    outer loop
      vertex 40.1629 -29.0068 3.09289
      vertex 39.9745 -28.8884 3.26797
      vertex 40.1106 -28.8573 3.09289
    endloop
  endfacet
  facet normal -0.333142 0.529945 -0.779855
    outer loop
      vertex 40.4683 29.116 2.95328
      vertex 40.3591 29.2528 3.09289
      vertex 40.4932 29.3371 3.09289
    endloop
  endfacet
  facet normal -0.158296 0.158296 -0.97462
    outer loop
      vertex 40.7125 28.7698 2.80629
      vertex 40.5941 28.9582 2.85612
      vertex 40.7302 28.7875 2.80629
    endloop
  endfacet
  facet normal -0.158296 0.158296 -0.97462
    outer loop
      vertex 40.5941 28.9582 2.85612
      vertex 40.7125 28.7698 2.80629
      vertex 40.5418 28.9059 2.85612
    endloop
  endfacet
  facet normal -0.189175 0.119573 -0.974636
    outer loop
      vertex 40.6991 28.7486 2.80629
      vertex 40.5418 28.9059 2.85612
      vertex 40.7125 28.7698 2.80629
    endloop
  endfacet
  facet normal -0.369529 0.231825 -0.899836
    outer loop
      vertex 40.5024 28.8433 2.85612
      vertex 40.3207 28.9308 2.95328
      vertex 40.384 29.0317 2.95328
    endloop
  endfacet
  facet normal -0.41183 0.143963 -0.899817
    outer loop
      vertex 40.478 28.7735 2.85612
      vertex 40.3207 28.9308 2.95328
      vertex 40.5024 28.8433 2.85612
    endloop
  endfacet
  facet normal -1 0 0
    outer loop
      vertex 70 -28.5 3.6
      vertex 70 28.5 14.7937
      vertex 70 28.5 3.6
    endloop
  endfacet
  facet normal -1 -0 0
    outer loop
      vertex 70 28.5 14.7937
      vertex 70 -28.5 3.6
      vertex 70 -28.5 14.7937
    endloop
  endfacet
  facet normal -0 0 1
    outer loop
      vertex 41 28.5 3.6
      vertex 70 -28.5 3.6
      vertex 70 28.5 3.6
    endloop
  endfacet
  facet normal 0 0 1
    outer loop
      vertex 70 -28.5 3.6
      vertex 41 28.5 3.6
      vertex 41 -28.5 3.6
    endloop
  endfacet
  facet normal 1 -0 0
    outer loop
      vertex 41 -28.5 14.7937
      vertex 41 28.5 3.6
      vertex 41 28.5 14.7937
    endloop
  endfacet
  facet normal 1 0 0
    outer loop
      vertex 41 28.5 3.6
      vertex 41 -28.5 14.7937
      vertex 41 -28.5 3.6
    endloop
  endfacet
  facet normal 0 -1 0
    outer loop
      vertex 41 28.5 3.6
      vertex 70 28.5 14.7937
      vertex 41 28.5 14.7937
    endloop
  endfacet
  facet normal 0 -1 -0
    outer loop
      vertex 70 28.5 14.7937
      vertex 41 28.5 3.6
      vertex 70 28.5 3.6
    endloop
  endfacet
  facet normal 0 1 -0
    outer loop
      vertex 70 -28.5 3.6
      vertex 41 -28.5 14.7937
      vertex 70 -28.5 14.7937
    endloop
  endfacet
  facet normal 0 1 0
    outer loop
      vertex 41 -28.5 14.7937
      vertex 70 -28.5 3.6
      vertex 41 -28.5 3.6
    endloop
  endfacet
  facet normal 0 0 1
    outer loop
      vertex 40.65 3.6 11.8
      vertex 39.8063 -4 11.8
      vertex 40.65 -4 11.8
    endloop
  endfacet
  facet normal -0 0 1
    outer loop
      vertex 39.8 3.6 11.8
      vertex 39.8063 -4 11.8
      vertex 40.65 3.6 11.8
    endloop
  endfacet
  facet normal 0 0 1
    outer loop
      vertex 39.8 -4.4 11.8
      vertex 39.8063 -4 11.8
      vertex 39.8 3.6 11.8
    endloop
  endfacet
  facet normal 0 0 1
    outer loop
      vertex 39.8063 -4 11.8
      vertex 39.8 -4.4 11.8
      vertex 39.8063 -4.4 11.8
    endloop
  endfacet
  facet normal 0 0 -1
    outer loop
      vertex 39.8063 -4.4 9.2
      vertex 39.8 -4.4 9.2
      vertex 39.8063 -4 9.2
    endloop
  endfacet
  facet normal 0 0 -1
    outer loop
      vertex 39.8063 -4 9.2
      vertex 40.65 3.6 9.2
      vertex 40.65 -4 9.2
    endloop
  endfacet
  facet normal 0 0 -1
    outer loop
      vertex 39.8063 -4 9.2
      vertex 39.8 3.6 9.2
      vertex 40.65 3.6 9.2
    endloop
  endfacet
  facet normal 0 0 -1
    outer loop
      vertex 39.8 3.6 9.2
      vertex 39.8063 -4 9.2
      vertex 39.8 -4.4 9.2
    endloop
  endfacet
  facet normal -1 0 0
    outer loop
      vertex 39.8 3.6 9.2
      vertex 39.8 0.641405 10.6272
      vertex 39.8 3.6 11.8
    endloop
  endfacet
  facet normal -1 0 0
    outer loop
      vertex 39.8 3.6 9.2
      vertex 39.8 0.631916 10.5856
      vertex 39.8 0.641405 10.6272
    endloop
  endfacet
  facet normal -1 0 0
    outer loop
      vertex 39.8 3.6 9.2
      vertex 39.8 0.609017 10.4853
      vertex 39.8 0.631916 10.5856
    endloop
  endfacet
  facet normal -1 0 0
    outer loop
      vertex 39.8 3.6 9.2
      vertex 39.8 0.564367 10.3926
      vertex 39.8 0.609017 10.4853
    endloop
  endfacet
  facet normal -1 0 0
    outer loop
      vertex 39.8 3.6 9.2
      vertex 39.8 0.545863 10.3542
      vertex 39.8 0.564367 10.3926
    endloop
  endfacet
  facet normal -1 0 0
    outer loop
      vertex 39.8 3.6 9.2
      vertex 39.8 0.51037 10.3097
      vertex 39.8 0.545863 10.3542
    endloop
  endfacet
  facet normal -1 0 0
    outer loop
      vertex 39.8 3.6 9.2
      vertex 39.8 0.455112 10.2404
      vertex 39.8 0.51037 10.3097
    endloop
  endfacet
  facet normal -1 0 0
    outer loop
      vertex 39.8 3.6 9.2
      vertex 39.8 0.38582 10.1851
      vertex 39.8 0.455112 10.2404
    endloop
  endfacet
  facet normal -1 0 0
    outer loop
      vertex 39.8 3.6 9.2
      vertex 39.8 0.341313 10.1496
      vertex 39.8 0.38582 10.1851
    endloop
  endfacet
  facet normal -1 0 0
    outer loop
      vertex 39.8 3.6 9.2
      vertex 39.8 0.231505 10.0967
      vertex 39.8 0.341313 10.1496
    endloop
  endfacet
  facet normal -1 0 0
    outer loop
      vertex 39.8 3.6 9.2
      vertex 39.8 0.210174 10.0865
      vertex 39.8 0.231505 10.0967
    endloop
  endfacet
  facet normal -1 0 0
    outer loop
      vertex 39.8 3.6 9.2
      vertex 39.8 0.187091 10.0812
      vertex 39.8 0.210174 10.0865
    endloop
  endfacet
  facet normal -1 0 0
    outer loop
      vertex 39.8 3.6 9.2
      vertex 39.8 0.175253 10.0785
      vertex 39.8 0.187091 10.0812
    endloop
  endfacet
  facet normal -1 0 0
    outer loop
      vertex 39.8 3.6 9.2
      vertex 39.8 0.108838 10.0641
      vertex 39.8 0.175253 10.0785
    endloop
  endfacet
  facet normal -1 0 0
    outer loop
      vertex 39.8 3.6 9.2
      vertex 39.8 0.0830611 10.0585
      vertex 39.8 0.108838 10.0641
    endloop
  endfacet
  facet normal -1 0 0
    outer loop
      vertex 39.8 3.6 9.2
      vertex 39.8 0.0602762 10.0541
      vertex 39.8 0.0830611 10.0585
    endloop
  endfacet
  facet normal -1 0 0
    outer loop
      vertex 39.8 3.6 9.2
      vertex 39.8 -0.0602762 10.0541
      vertex 39.8 0.0602762 10.0541
    endloop
  endfacet
  facet normal -1 0 0
    outer loop
      vertex 39.8 -4.4 9.2
      vertex 39.8 -0.0602762 10.0541
      vertex 39.8 3.6 9.2
    endloop
  endfacet
  facet normal -1 -0 0
    outer loop
      vertex 39.8 -0.0602762 10.0541
      vertex 39.8 -4.4 9.2
      vertex 39.8 -0.0830611 10.0585
    endloop
  endfacet
  facet normal -1 -0 0
    outer loop
      vertex 39.8 -0.0830611 10.0585
      vertex 39.8 -4.4 9.2
      vertex 39.8 -0.108838 10.0641
    endloop
  endfacet
  facet normal -1 -0 0
    outer loop
      vertex 39.8 -0.108838 10.0641
      vertex 39.8 -4.4 9.2
      vertex 39.8 -0.175253 10.0785
    endloop
  endfacet
  facet normal -1 -0 0
    outer loop
      vertex 39.8 -0.175253 10.0785
      vertex 39.8 -4.4 9.2
      vertex 39.8 -0.187091 10.0812
    endloop
  endfacet
  facet normal -1 0 0
    outer loop
      vertex 39.8 -4.4 9.2
      vertex 39.8 -0.231505 10.0967
      vertex 39.8 -0.210174 10.0865
    endloop
  endfacet
  facet normal -1 0 0
    outer loop
      vertex 39.8 -4.4 9.2
      vertex 39.8 -0.564367 10.3926
      vertex 39.8 -0.545863 10.3542
    endloop
  endfacet
  facet normal -1 0 0
    outer loop
      vertex 39.8 -4.4 11.8
      vertex 39.8 -0.641405 10.6272
      vertex 39.8 -4.4 9.2
    endloop
  endfacet
  facet normal -1 -0 0
    outer loop
      vertex 39.8 -0.631916 10.5856
      vertex 39.8 -4.4 9.2
      vertex 39.8 -0.641405 10.6272
    endloop
  endfacet
  facet normal -1 -0 0
    outer loop
      vertex 39.8 -0.609017 10.4853
      vertex 39.8 -4.4 9.2
      vertex 39.8 -0.631916 10.5856
    endloop
  endfacet
  facet normal -1 -0 0
    outer loop
      vertex 39.8 -0.564367 10.3926
      vertex 39.8 -4.4 9.2
      vertex 39.8 -0.609017 10.4853
    endloop
  endfacet
  facet normal -1 -0 0
    outer loop
      vertex 39.8 -0.51037 10.3097
      vertex 39.8 -4.4 9.2
      vertex 39.8 -0.545863 10.3542
    endloop
  endfacet
  facet normal -1 -0 0
    outer loop
      vertex 39.8 -0.455112 10.2404
      vertex 39.8 -4.4 9.2
      vertex 39.8 -0.51037 10.3097
    endloop
  endfacet
  facet normal -1 -0 0
    outer loop
      vertex 39.8 -0.38582 10.1851
      vertex 39.8 -4.4 9.2
      vertex 39.8 -0.455112 10.2404
    endloop
  endfacet
  facet normal -1 -0 0
    outer loop
      vertex 39.8 -0.341313 10.1496
      vertex 39.8 -4.4 9.2
      vertex 39.8 -0.38582 10.1851
    endloop
  endfacet
  facet normal -1 -0 0
    outer loop
      vertex 39.8 -0.231505 10.0967
      vertex 39.8 -4.4 9.2
      vertex 39.8 -0.341313 10.1496
    endloop
  endfacet
  facet normal -1 -0 0
    outer loop
      vertex 39.8 -0.187091 10.0812
      vertex 39.8 -4.4 9.2
      vertex 39.8 -0.210174 10.0865
    endloop
  endfacet
  facet normal -1 0 0
    outer loop
      vertex 39.8 0.641405 10.7728
      vertex 39.8 3.6 11.8
      vertex 39.8 0.641405 10.6272
    endloop
  endfacet
  facet normal -1 0 0
    outer loop
      vertex 39.8 0.631916 10.8144
      vertex 39.8 3.6 11.8
      vertex 39.8 0.641405 10.7728
    endloop
  endfacet
  facet normal -1 0 0
    outer loop
      vertex 39.8 0.609017 10.9147
      vertex 39.8 3.6 11.8
      vertex 39.8 0.631916 10.8144
    endloop
  endfacet
  facet normal -1 0 0
    outer loop
      vertex 39.8 0.564367 11.0074
      vertex 39.8 3.6 11.8
      vertex 39.8 0.609017 10.9147
    endloop
  endfacet
  facet normal -1 0 0
    outer loop
      vertex 39.8 0.545863 11.0458
      vertex 39.8 3.6 11.8
      vertex 39.8 0.564367 11.0074
    endloop
  endfacet
  facet normal -1 0 0
    outer loop
      vertex 39.8 0.51037 11.0903
      vertex 39.8 3.6 11.8
      vertex 39.8 0.545863 11.0458
    endloop
  endfacet
  facet normal -1 0 0
    outer loop
      vertex 39.8 0.455112 11.1596
      vertex 39.8 3.6 11.8
      vertex 39.8 0.51037 11.0903
    endloop
  endfacet
  facet normal -1 0 0
    outer loop
      vertex 39.8 0.38582 11.2149
      vertex 39.8 3.6 11.8
      vertex 39.8 0.455112 11.1596
    endloop
  endfacet
  facet normal -1 0 0
    outer loop
      vertex 39.8 0.341313 11.2504
      vertex 39.8 3.6 11.8
      vertex 39.8 0.38582 11.2149
    endloop
  endfacet
  facet normal -1 0 0
    outer loop
      vertex 39.8 0.231505 11.3033
      vertex 39.8 3.6 11.8
      vertex 39.8 0.341313 11.2504
    endloop
  endfacet
  facet normal -1 0 0
    outer loop
      vertex 39.8 0.210174 11.3135
      vertex 39.8 3.6 11.8
      vertex 39.8 0.231505 11.3033
    endloop
  endfacet
  facet normal -1 0 0
    outer loop
      vertex 39.8 0.187091 11.3188
      vertex 39.8 3.6 11.8
      vertex 39.8 0.210174 11.3135
    endloop
  endfacet
  facet normal -1 0 0
    outer loop
      vertex 39.8 0.175253 11.3215
      vertex 39.8 3.6 11.8
      vertex 39.8 0.187091 11.3188
    endloop
  endfacet
  facet normal -1 0 0
    outer loop
      vertex 39.8 0.108838 11.3359
      vertex 39.8 3.6 11.8
      vertex 39.8 0.175253 11.3215
    endloop
  endfacet
  facet normal -1 0 0
    outer loop
      vertex 39.8 0.0830611 11.3415
      vertex 39.8 3.6 11.8
      vertex 39.8 0.108838 11.3359
    endloop
  endfacet
  facet normal -1 0 0
    outer loop
      vertex 39.8 0.0602762 11.3459
      vertex 39.8 3.6 11.8
      vertex 39.8 0.0830611 11.3415
    endloop
  endfacet
  facet normal -1 0 0
    outer loop
      vertex 39.8 -0.0602762 11.3459
      vertex 39.8 3.6 11.8
      vertex 39.8 0.0602762 11.3459
    endloop
  endfacet
  facet normal -1 0 0
    outer loop
      vertex 39.8 -0.175253 11.3215
      vertex 39.8 -0.0830611 11.3415
      vertex 39.8 -0.108838 11.3359
    endloop
  endfacet
  facet normal -1 0 0
    outer loop
      vertex 39.8 -4.4 11.8
      vertex 39.8 -0.231505 11.3033
      vertex 39.8 -0.341313 11.2504
    endloop
  endfacet
  facet normal -1 0 0
    outer loop
      vertex 39.8 -4.4 11.8
      vertex 39.8 -0.51037 11.0903
      vertex 39.8 -0.545863 11.0458
    endloop
  endfacet
  facet normal -1 0 0
    outer loop
      vertex 39.8 -4.4 11.8
      vertex 39.8 -0.564367 11.0074
      vertex 39.8 -0.609017 10.9147
    endloop
  endfacet
  facet normal -1 0 0
    outer loop
      vertex 39.8 -0.641405 10.6272
      vertex 39.8 -4.4 11.8
      vertex 39.8 -0.641405 10.7728
    endloop
  endfacet
  facet normal -1 0 0
    outer loop
      vertex 39.8 -0.641405 10.7728
      vertex 39.8 -4.4 11.8
      vertex 39.8 -0.631916 10.8144
    endloop
  endfacet
  facet normal -1 0 0
    outer loop
      vertex 39.8 -0.631916 10.8144
      vertex 39.8 -4.4 11.8
      vertex 39.8 -0.609017 10.9147
    endloop
  endfacet
  facet normal -1 0 0
    outer loop
      vertex 39.8 -0.564367 11.0074
      vertex 39.8 -4.4 11.8
      vertex 39.8 -0.545863 11.0458
    endloop
  endfacet
  facet normal -1 0 0
    outer loop
      vertex 39.8 -0.51037 11.0903
      vertex 39.8 -4.4 11.8
      vertex 39.8 -0.455112 11.1596
    endloop
  endfacet
  facet normal -1 0 0
    outer loop
      vertex 39.8 -0.455112 11.1596
      vertex 39.8 -4.4 11.8
      vertex 39.8 -0.38582 11.2149
    endloop
  endfacet
  facet normal -1 0 0
    outer loop
      vertex 39.8 -0.0602762 11.3459
      vertex 39.8 -4.4 11.8
      vertex 39.8 3.6 11.8
    endloop
  endfacet
  facet normal -1 0 0
    outer loop
      vertex 39.8 -0.0830611 11.3415
      vertex 39.8 -4.4 11.8
      vertex 39.8 -0.0602762 11.3459
    endloop
  endfacet
  facet normal -1 0 0
    outer loop
      vertex 39.8 -0.175253 11.3215
      vertex 39.8 -4.4 11.8
      vertex 39.8 -0.0830611 11.3415
    endloop
  endfacet
  facet normal -1 0 0
    outer loop
      vertex 39.8 -0.187091 11.3188
      vertex 39.8 -4.4 11.8
      vertex 39.8 -0.175253 11.3215
    endloop
  endfacet
  facet normal -1 0 0
    outer loop
      vertex 39.8 -0.210174 11.3135
      vertex 39.8 -4.4 11.8
      vertex 39.8 -0.187091 11.3188
    endloop
  endfacet
  facet normal -1 0 0
    outer loop
      vertex 39.8 -0.231505 11.3033
      vertex 39.8 -4.4 11.8
      vertex 39.8 -0.210174 11.3135
    endloop
  endfacet
  facet normal -1 0 0
    outer loop
      vertex 39.8 -0.38582 11.2149
      vertex 39.8 -4.4 11.8
      vertex 39.8 -0.341313 11.2504
    endloop
  endfacet
  facet normal 0 1 -0
    outer loop
      vertex 40.65 3.6 9.2
      vertex 39.8 3.6 11.8
      vertex 40.65 3.6 11.8
    endloop
  endfacet
  facet normal 0 1 0
    outer loop
      vertex 39.8 3.6 11.8
      vertex 40.65 3.6 9.2
      vertex 39.8 3.6 9.2
    endloop
  endfacet
  facet normal 0 -1 0
    outer loop
      vertex 39.8 -4.4 9.2
      vertex 39.8063 -4.4 11.8
      vertex 39.8 -4.4 11.8
    endloop
  endfacet
  facet normal 0 -1 -0
    outer loop
      vertex 39.8063 -4.4 11.8
      vertex 39.8 -4.4 9.2
      vertex 39.8063 -4.4 9.2
    endloop
  endfacet
  facet normal -0.411187 0.144014 0.900103
    outer loop
      vertex 39.5284 0.150045 11.2504
      vertex 39.5028 0.076952 11.2504
      vertex 39.6466 0.0931463 11.3135
    endloop
  endfacet
  facet normal -0.518925 0.825662 0.221357
    outer loop
      vertex 39.5597 0.581947 10.7728
      vertex 39.4575 0.479672 10.9147
      vertex 39.5738 0.552766 10.9147
    endloop
  endfacet
  facet normal -0.211376 0.0742062 0.974584
    outer loop
      vertex 39.7744 0.0315762 11.3459
      vertex 39.6307 0.0477705 11.3135
      vertex 39.769 0.0161943 11.3459
    endloop
  endfacet
  facet normal -0.969067 -0.109314 0.221267
    outer loop
      vertex 39.2265 0 10.9147
      vertex 39.1941 0 10.7728
      vertex 39.2419 -0.136521 10.9147
    endloop
  endfacet
  facet normal -0.0293672 -0.222273 0.974542
    outer loop
      vertex 39.8 -0.175253 11.3215
      vertex 39.7922 -0.209298 11.3135
      vertex 39.8 -0.187091 11.3188
    endloop
  endfacet
  facet normal -0.109221 0.969125 -0.221058
    outer loop
      vertex 39.8 0.631916 10.5856
      vertex 39.6963 0.629718 10.6272
      vertex 39.8 0.641405 10.6272
    endloop
  endfacet
  facet normal -0.109272 0.96909 -0.221189
    outer loop
      vertex 39.6963 0.629718 10.6272
      vertex 39.8 0.631916 10.5856
      vertex 39.7035 0.598142 10.4853
    endloop
  endfacet
  facet normal -0.825933 -0.518619 0.221065
    outer loop
      vertex 39.3603 -0.382525 10.9147
      vertex 39.2581 -0.280251 10.7728
      vertex 39.335 -0.402719 10.7728
    endloop
  endfacet
  facet normal -0.920413 -0.322259 0.221336
    outer loop
      vertex 39.2419 -0.136521 10.9147
      vertex 39.2103 -0.143728 10.7728
      vertex 39.2581 -0.280251 10.7728
    endloop
  endfacet
  facet normal -0.969059 -0.109225 0.221349
    outer loop
      vertex 39.2419 -0.136521 10.9147
      vertex 39.1941 0 10.7728
      vertex 39.2103 -0.143728 10.7728
    endloop
  endfacet
  facet normal -0.416789 -0.663708 -0.62111
    outer loop
      vertex 39.6406 -0.414103 10.2404
      vertex 39.4968 -0.430297 10.3542
      vertex 39.5534 -0.359344 10.2404
    endloop
  endfacet
  facet normal -0.689421 -0.689797 0.221086
    outer loop
      vertex 39.335 -0.402719 10.7728
      vertex 39.4575 -0.479672 10.9147
      vertex 39.3603 -0.382525 10.9147
    endloop
  endfacet
  facet normal -0.689502 -0.689671 0.221225
    outer loop
      vertex 39.4575 -0.479672 10.9147
      vertex 39.335 -0.402719 10.7728
      vertex 39.4373 -0.504994 10.7728
    endloop
  endfacet
  facet normal -0.92078 -0.321656 0.220683
    outer loop
      vertex 39.2872 -0.266198 10.9147
      vertex 39.2419 -0.136521 10.9147
      vertex 39.2581 -0.280251 10.7728
    endloop
  endfacet
  facet normal -0.100935 0.896262 0.431886
    outer loop
      vertex 39.8 0.564367 11.0074
      vertex 39.7175 0.536572 11.0458
      vertex 39.8 0.545863 11.0458
    endloop
  endfacet
  facet normal -0.101025 0.896323 0.431739
    outer loop
      vertex 39.7175 0.536572 11.0458
      vertex 39.8 0.564367 11.0074
      vertex 39.7035 0.598142 10.9147
    endloop
  endfacet
  facet normal -0.0699873 -0.622034 -0.779856
    outer loop
      vertex 39.8 -0.38582 10.1851
      vertex 39.763 -0.33715 10.1496
      vertex 39.8 -0.341313 10.1496
    endloop
  endfacet
  facet normal -0.0702385 -0.622145 -0.779745
    outer loop
      vertex 39.763 -0.33715 10.1496
      vertex 39.8 -0.38582 10.1851
      vertex 39.7377 -0.448095 10.2404
    endloop
  endfacet
  facet normal -0.117753 0.188288 0.975029
    outer loop
      vertex 39.8 0.0830611 11.3415
      vertex 39.7946 0.0568991 11.3459
      vertex 39.8 0.0602762 11.3459
    endloop
  endfacet
  facet normal -0.121228 0.188913 0.974482
    outer loop
      vertex 39.7946 0.0568991 11.3459
      vertex 39.8 0.0830611 11.3415
      vertex 39.7469 0.19342 11.3135
    endloop
  endfacet
  facet normal -0.969059 0.109225 -0.221349
    outer loop
      vertex 39.2419 0.136521 10.4853
      vertex 39.1941 0 10.6272
      vertex 39.2103 0.143728 10.6272
    endloop
  endfacet
  facet normal -0.663452 -0.417066 -0.621198
    outer loop
      vertex 39.4097 -0.34315 10.3542
      vertex 39.3441 -0.238796 10.3542
      vertex 39.4259 -0.199421 10.2404
    endloop
  endfacet
  facet normal -0.20688 -0.590964 -0.77972
    outer loop
      vertex 39.7377 -0.448095 10.2404
      vertex 39.6406 -0.414103 10.2404
      vertex 39.763 -0.33715 10.1496
    endloop
  endfacet
  facet normal -0.896496 -0.101019 0.431381
    outer loop
      vertex 39.2896 0 11.0458
      vertex 39.2419 -0.136521 10.9147
      vertex 39.3034 -0.122469 11.0458
    endloop
  endfacet
  facet normal -0.519063 -0.825612 -0.221221
    outer loop
      vertex 39.5597 -0.581947 10.6272
      vertex 39.4373 -0.504994 10.6272
      vertex 39.4575 -0.479672 10.4853
    endloop
  endfacet
  facet normal -0.0483921 0.430889 0.901107
    outer loop
      vertex 39.8 0.231505 11.3033
      vertex 39.7922 0.209298 11.3135
      vertex 39.8 0.210174 11.3135
    endloop
  endfacet
  facet normal -0.518925 -0.825662 -0.221357
    outer loop
      vertex 39.5597 -0.581947 10.6272
      vertex 39.4575 -0.479672 10.4853
      vertex 39.5738 -0.552766 10.4853
    endloop
  endfacet
  facet normal -0.33011 0.943942 0
    outer loop
      vertex 39.6963 0.629718 10.6272
      vertex 39.5597 0.581947 10.7728
      vertex 39.6963 0.629718 10.7728
    endloop
  endfacet
  facet normal -0.33011 0.943942 0
    outer loop
      vertex 39.5597 0.581947 10.7728
      vertex 39.6963 0.629718 10.6272
      vertex 39.5597 0.581947 10.6272
    endloop
  endfacet
  facet normal -0.074293 0.211958 0.974451
    outer loop
      vertex 39.7469 0.19342 11.3135
      vertex 39.8 0.175253 11.3215
      vertex 39.7922 0.209298 11.3135
    endloop
  endfacet
  facet normal -0.0745349 0.211306 0.974574
    outer loop
      vertex 39.8 0.175253 11.3215
      vertex 39.7469 0.19342 11.3135
      vertex 39.8 0.108838 11.3359
    endloop
  endfacet
  facet normal -0.825815 -0.518943 -0.220746
    outer loop
      vertex 39.3603 -0.382525 10.4853
      vertex 39.2581 -0.280251 10.6272
      vertex 39.2872 -0.266198 10.4853
    endloop
  endfacet
  facet normal -0.297875 -0.851427 -0.431675
    outer loop
      vertex 39.7035 -0.598142 10.4853
      vertex 39.5738 -0.552766 10.4853
      vertex 39.7175 -0.536572 10.3542
    endloop
  endfacet
  facet normal -0.969067 0.109314 -0.221267
    outer loop
      vertex 39.2265 0 10.4853
      vertex 39.1941 0 10.6272
      vertex 39.2419 0.136521 10.4853
    endloop
  endfacet
  facet normal -0.92078 0.321656 0.220683
    outer loop
      vertex 39.2581 0.280251 10.7728
      vertex 39.2419 0.136521 10.9147
      vertex 39.2872 0.266198 10.9147
    endloop
  endfacet
  facet normal -0.519063 0.825612 -0.221221
    outer loop
      vertex 39.4575 0.479672 10.4853
      vertex 39.4373 0.504994 10.6272
      vertex 39.5597 0.581947 10.6272
    endloop
  endfacet
  facet normal -0.258957 0.739725 -0.621086
    outer loop
      vertex 39.7377 0.448095 10.2404
      vertex 39.6406 0.414103 10.2404
      vertex 39.7175 0.536572 10.3542
    endloop
  endfacet
  facet normal -0.158527 0.158194 0.974599
    outer loop
      vertex 39.7946 0.0568991 11.3459
      vertex 39.6722 0.133851 11.3135
      vertex 39.7831 0.0453749 11.3459
    endloop
  endfacet
  facet normal -0.144099 -0.411278 0.900048
    outer loop
      vertex 39.7469 -0.19342 11.3135
      vertex 39.69 -0.311573 11.2504
      vertex 39.763 -0.33715 11.2504
    endloop
  endfacet
  facet normal -0.332923 0.530158 -0.779804
    outer loop
      vertex 39.6244 0.270373 10.1496
      vertex 39.5534 0.359344 10.2404
      vertex 39.6406 0.414103 10.2404
    endloop
  endfacet
  facet normal -0.0700846 -0.622242 -0.779681
    outer loop
      vertex 39.8 -0.455112 10.2404
      vertex 39.7377 -0.448095 10.2404
      vertex 39.8 -0.38582 10.1851
    endloop
  endfacet
  facet normal -0.896496 0.101019 -0.431381
    outer loop
      vertex 39.2896 0 10.3542
      vertex 39.2419 0.136521 10.4853
      vertex 39.3034 0.122469 10.3542
    endloop
  endfacet
  facet normal -0.480025 -0.763768 -0.431549
    outer loop
      vertex 39.5738 -0.552766 10.4853
      vertex 39.4575 -0.479672 10.4853
      vertex 39.4968 -0.430297 10.3542
    endloop
  endfacet
  facet normal -0.554465 -0.553885 0.621112
    outer loop
      vertex 39.4807 -0.286568 11.1596
      vertex 39.4968 -0.430297 11.0458
      vertex 39.5534 -0.359344 11.1596
    endloop
  endfacet
  facet normal -0.554257 -0.553958 0.621233
    outer loop
      vertex 39.4968 -0.430297 11.0458
      vertex 39.4807 -0.286568 11.1596
      vertex 39.4097 -0.34315 11.0458
    endloop
  endfacet
  facet normal -0.778768 -0.0875661 0.621171
    outer loop
      vertex 39.3804 0 11.1596
      vertex 39.3034 -0.122469 11.0458
      vertex 39.3919 -0.102275 11.1596
    endloop
  endfacet
  facet normal -0.33011 -0.943942 0
    outer loop
      vertex 39.5597 -0.581947 10.6272
      vertex 39.6963 -0.629718 10.7728
      vertex 39.5597 -0.581947 10.7728
    endloop
  endfacet
  facet normal -0.33011 -0.943942 -0
    outer loop
      vertex 39.6963 -0.629718 10.7728
      vertex 39.5597 -0.581947 10.6272
      vertex 39.6963 -0.629718 10.6272
    endloop
  endfacet
  facet normal -0.101011 0.89633 0.431728
    outer loop
      vertex 39.8 0.609017 10.9147
      vertex 39.7035 0.598142 10.9147
      vertex 39.8 0.564367 11.0074
    endloop
  endfacet
  facet normal -0.321934 0.920563 -0.221181
    outer loop
      vertex 39.7035 0.598142 10.4853
      vertex 39.5597 0.581947 10.6272
      vertex 39.6963 0.629718 10.6272
    endloop
  endfacet
  facet normal -0.689502 0.689671 -0.221225
    outer loop
      vertex 39.4575 0.479672 10.4853
      vertex 39.335 0.402719 10.6272
      vertex 39.4373 0.504994 10.6272
    endloop
  endfacet
  facet normal -0.689421 0.689797 -0.221086
    outer loop
      vertex 39.335 0.402719 10.6272
      vertex 39.4575 0.479672 10.4853
      vertex 39.3603 0.382525 10.4853
    endloop
  endfacet
  facet normal -0.258902 0.739719 -0.621117
    outer loop
      vertex 39.6406 0.414103 10.2404
      vertex 39.6012 0.495867 10.3542
      vertex 39.7175 0.536572 10.3542
    endloop
  endfacet
  facet normal -0.778658 0.0877404 0.621284
    outer loop
      vertex 39.3034 0.122469 11.0458
      vertex 39.2896 0 11.0458
      vertex 39.3804 0 11.1596
    endloop
  endfacet
  facet normal -0.66335 0.41713 0.621264
    outer loop
      vertex 39.4807 0.286568 11.1596
      vertex 39.4097 0.34315 11.0458
      vertex 39.4259 0.199421 11.1596
    endloop
  endfacet
  facet normal -0.763663 0.479887 0.431888
    outer loop
      vertex 39.3603 0.382525 10.9147
      vertex 39.2872 0.266198 10.9147
      vertex 39.4097 0.34315 11.0458
    endloop
  endfacet
  facet normal -0.622336 -0.0699767 0.779616
    outer loop
      vertex 39.5028 -0.076952 11.2504
      vertex 39.3804 0 11.1596
      vertex 39.3919 -0.102275 11.1596
    endloop
  endfacet
  facet normal -0.479732 0.763825 -0.431774
    outer loop
      vertex 39.6012 0.495867 10.3542
      vertex 39.4968 0.430297 10.3542
      vertex 39.5738 0.552766 10.4853
    endloop
  endfacet
  facet normal -0.231782 0.36905 -0.900044
    outer loop
      vertex 39.7469 0.19342 10.0865
      vertex 39.6244 0.270373 10.1496
      vertex 39.69 0.311573 10.1496
    endloop
  endfacet
  facet normal -0.416821 0.663658 -0.621143
    outer loop
      vertex 39.6406 0.414103 10.2404
      vertex 39.4968 0.430297 10.3542
      vertex 39.6012 0.495867 10.3542
    endloop
  endfacet
  facet normal -0.32204 0.920499 0.221296
    outer loop
      vertex 39.7035 0.598142 10.9147
      vertex 39.5597 0.581947 10.7728
      vertex 39.5738 0.552766 10.9147
    endloop
  endfacet
  facet normal -0.22253 -0.025155 0.974601
    outer loop
      vertex 39.7672 0 11.3459
      vertex 39.6253 0 11.3135
      vertex 39.6307 -0.0477705 11.3135
    endloop
  endfacet
  facet normal -0.36892 0.231806 0.900091
    outer loop
      vertex 39.5696 0.215615 11.2504
      vertex 39.5284 0.150045 11.2504
      vertex 39.6466 0.0931463 11.3135
    endloop
  endfacet
  facet normal -0.30796 0.308197 0.900097
    outer loop
      vertex 39.6244 0.270373 11.2504
      vertex 39.5696 0.215615 11.2504
      vertex 39.6722 0.133851 11.3135
    endloop
  endfacet
  facet normal -0.158527 -0.158194 0.974599
    outer loop
      vertex 39.7831 -0.0453749 11.3459
      vertex 39.6722 -0.133851 11.3135
      vertex 39.7946 -0.0568991 11.3459
    endloop
  endfacet
  facet normal -0.433171 0.0489659 -0.89998
    outer loop
      vertex 39.6253 0 10.0865
      vertex 39.4942 0 10.1496
      vertex 39.6307 0.0477705 10.0865
    endloop
  endfacet
  facet normal -0.0251246 -0.223713 -0.974331
    outer loop
      vertex 39.8 -0.210174 10.0865
      vertex 39.7922 -0.209298 10.0865
      vertex 39.8 -0.187091 10.0812
    endloop
  endfacet
  facet normal -0.825933 -0.518619 -0.221065
    outer loop
      vertex 39.335 -0.402719 10.6272
      vertex 39.2581 -0.280251 10.6272
      vertex 39.3603 -0.382525 10.4853
    endloop
  endfacet
  facet normal -0.416821 -0.663658 -0.621143
    outer loop
      vertex 39.6012 -0.495867 10.3542
      vertex 39.4968 -0.430297 10.3542
      vertex 39.6406 -0.414103 10.2404
    endloop
  endfacet
  facet normal -0.158566 -0.158133 0.974603
    outer loop
      vertex 39.7946 -0.0568991 11.3459
      vertex 39.6722 -0.133851 11.3135
      vertex 39.7061 -0.167844 11.3135
    endloop
  endfacet
  facet normal -0.416789 -0.663708 0.62111
    outer loop
      vertex 39.5534 -0.359344 11.1596
      vertex 39.4968 -0.430297 11.0458
      vertex 39.6406 -0.414103 11.1596
    endloop
  endfacet
  facet normal -0.846885 -0.531776 0
    outer loop
      vertex 39.335 -0.402719 10.6272
      vertex 39.2581 -0.280251 10.7728
      vertex 39.2581 -0.280251 10.6272
    endloop
  endfacet
  facet normal -0.846885 -0.531776 0
    outer loop
      vertex 39.2581 -0.280251 10.7728
      vertex 39.335 -0.402719 10.6272
      vertex 39.335 -0.402719 10.7728
    endloop
  endfacet
  facet normal -0.920413 -0.322259 -0.221336
    outer loop
      vertex 39.2581 -0.280251 10.6272
      vertex 39.2103 -0.143728 10.6272
      vertex 39.2419 -0.136521 10.4853
    endloop
  endfacet
  facet normal -0.53225 -0.846587 0
    outer loop
      vertex 39.4373 -0.504994 10.6272
      vertex 39.5597 -0.581947 10.7728
      vertex 39.4373 -0.504994 10.7728
    endloop
  endfacet
  facet normal -0.53225 -0.846587 -0
    outer loop
      vertex 39.5597 -0.581947 10.7728
      vertex 39.4373 -0.504994 10.6272
      vertex 39.5597 -0.581947 10.6272
    endloop
  endfacet
  facet normal -0.101025 -0.896323 -0.431739
    outer loop
      vertex 39.7175 -0.536572 10.3542
      vertex 39.8 -0.564367 10.3926
      vertex 39.7035 -0.598142 10.4853
    endloop
  endfacet
  facet normal -0.100935 -0.896262 -0.431886
    outer loop
      vertex 39.8 -0.564367 10.3926
      vertex 39.7175 -0.536572 10.3542
      vertex 39.8 -0.545863 10.3542
    endloop
  endfacet
  facet normal -0.416821 -0.663658 0.621143
    outer loop
      vertex 39.6406 -0.414103 11.1596
      vertex 39.4968 -0.430297 11.0458
      vertex 39.6012 -0.495867 11.0458
    endloop
  endfacet
  facet normal -0.258902 -0.739719 0.621117
    outer loop
      vertex 39.6406 -0.414103 11.1596
      vertex 39.6012 -0.495867 11.0458
      vertex 39.7175 -0.536572 11.0458
    endloop
  endfacet
  facet normal -0.109272 -0.96909 0.221189
    outer loop
      vertex 39.6963 -0.629718 10.7728
      vertex 39.8 -0.631916 10.8144
      vertex 39.7035 -0.598142 10.9147
    endloop
  endfacet
  facet normal -0.109221 -0.969125 0.221058
    outer loop
      vertex 39.8 -0.631916 10.8144
      vertex 39.6963 -0.629718 10.7728
      vertex 39.8 -0.641405 10.7728
    endloop
  endfacet
  facet normal -0.0700846 0.622242 -0.779681
    outer loop
      vertex 39.8 0.38582 10.1851
      vertex 39.7377 0.448095 10.2404
      vertex 39.8 0.455112 10.2404
    endloop
  endfacet
  facet normal -0.590977 -0.206983 -0.779682
    outer loop
      vertex 39.5284 -0.150045 10.1496
      vertex 39.4259 -0.199421 10.2404
      vertex 39.5028 -0.076952 10.1496
    endloop
  endfacet
  facet normal -0.53225 0.846587 0
    outer loop
      vertex 39.5597 0.581947 10.6272
      vertex 39.4373 0.504994 10.7728
      vertex 39.5597 0.581947 10.7728
    endloop
  endfacet
  facet normal -0.53225 0.846587 0
    outer loop
      vertex 39.4373 0.504994 10.7728
      vertex 39.5597 0.581947 10.6272
      vertex 39.4373 0.504994 10.6272
    endloop
  endfacet
  facet normal -0.851681 -0.297517 0.43142
    outer loop
      vertex 39.3034 -0.122469 11.0458
      vertex 39.2419 -0.136521 10.9147
      vertex 39.2872 -0.266198 10.9147
    endloop
  endfacet
  facet normal -0.969067 0.109314 0.221267
    outer loop
      vertex 39.2419 0.136521 10.9147
      vertex 39.1941 0 10.7728
      vertex 39.2265 0 10.9147
    endloop
  endfacet
  facet normal -0.846885 0.531776 0
    outer loop
      vertex 39.2581 0.280251 10.6272
      vertex 39.335 0.402719 10.7728
      vertex 39.335 0.402719 10.6272
    endloop
  endfacet
  facet normal -0.846885 0.531776 0
    outer loop
      vertex 39.335 0.402719 10.7728
      vertex 39.2581 0.280251 10.6272
      vertex 39.2581 0.280251 10.7728
    endloop
  endfacet
  facet normal -0.943822 0.330455 0
    outer loop
      vertex 39.2103 0.143728 10.6272
      vertex 39.2581 0.280251 10.7728
      vertex 39.2581 0.280251 10.6272
    endloop
  endfacet
  facet normal -0.943822 0.330455 0
    outer loop
      vertex 39.2581 0.280251 10.7728
      vertex 39.2103 0.143728 10.6272
      vertex 39.2103 0.143728 10.7728
    endloop
  endfacet
  facet normal -0.211393 0.0740735 0.97459
    outer loop
      vertex 39.6466 0.0931463 11.3135
      vertex 39.6307 0.0477705 11.3135
      vertex 39.7744 0.0315762 11.3459
    endloop
  endfacet
  facet normal -0.41119 0.144084 0.900091
    outer loop
      vertex 39.6466 0.0931463 11.3135
      vertex 39.5028 0.076952 11.2504
      vertex 39.6307 0.0477705 11.3135
    endloop
  endfacet
  facet normal -0.321934 0.920563 0.221181
    outer loop
      vertex 39.6963 0.629718 10.7728
      vertex 39.5597 0.581947 10.7728
      vertex 39.7035 0.598142 10.9147
    endloop
  endfacet
  facet normal -0.62218 0.0695336 0.77978
    outer loop
      vertex 39.5028 0.076952 11.2504
      vertex 39.3804 0 11.1596
      vertex 39.4942 0 11.2504
    endloop
  endfacet
  facet normal -0.778658 -0.0877404 0.621284
    outer loop
      vertex 39.3804 0 11.1596
      vertex 39.2896 0 11.0458
      vertex 39.3034 -0.122469 11.0458
    endloop
  endfacet
  facet normal -0.896443 -0.101122 0.431469
    outer loop
      vertex 39.2896 0 11.0458
      vertex 39.2265 0 10.9147
      vertex 39.2419 -0.136521 10.9147
    endloop
  endfacet
  facet normal -0.118942 0.189741 -0.974603
    outer loop
      vertex 39.7946 0.0568991 10.0541
      vertex 39.7061 0.167844 10.0865
      vertex 39.7469 0.19342 10.0865
    endloop
  endfacet
  facet normal -0.763633 -0.480042 -0.431768
    outer loop
      vertex 39.4097 -0.34315 10.3542
      vertex 39.2872 -0.266198 10.4853
      vertex 39.3441 -0.238796 10.3542
    endloop
  endfacet
  facet normal -0.368763 -0.231922 -0.900126
    outer loop
      vertex 39.6722 -0.133851 10.0865
      vertex 39.5696 -0.215615 10.1496
      vertex 39.6466 -0.0931463 10.0865
    endloop
  endfacet
  facet normal -0.189443 -0.119443 -0.9746
    outer loop
      vertex 39.7831 -0.0453749 10.0541
      vertex 39.6722 -0.133851 10.0865
      vertex 39.7744 -0.0315762 10.0541
    endloop
  endfacet
  facet normal -0.0293672 0.222273 -0.974542
    outer loop
      vertex 39.8 0.175253 10.0785
      vertex 39.7922 0.209298 10.0865
      vertex 39.8 0.187091 10.0812
    endloop
  endfacet
  facet normal -0.30796 -0.308197 -0.900097
    outer loop
      vertex 39.6244 -0.270373 10.1496
      vertex 39.5696 -0.215615 10.1496
      vertex 39.6722 -0.133851 10.0865
    endloop
  endfacet
  facet normal -0.111991 0.993709 0
    outer loop
      vertex 39.8 0.641405 10.6272
      vertex 39.6963 0.629718 10.7728
      vertex 39.8 0.641405 10.7728
    endloop
  endfacet
  facet normal -0.111991 0.993709 0
    outer loop
      vertex 39.6963 0.629718 10.7728
      vertex 39.8 0.641405 10.6272
      vertex 39.6963 0.629718 10.6272
    endloop
  endfacet
  facet normal -0.530175 0.333386 0.779595
    outer loop
      vertex 39.4807 0.286568 11.1596
      vertex 39.4259 0.199421 11.1596
      vertex 39.5696 0.215615 11.2504
    endloop
  endfacet
  facet normal -0.101011 0.89633 -0.431728
    outer loop
      vertex 39.8 0.564367 10.3926
      vertex 39.7035 0.598142 10.4853
      vertex 39.8 0.609017 10.4853
    endloop
  endfacet
  facet normal -0.416789 0.663708 0.62111
    outer loop
      vertex 39.6406 0.414103 11.1596
      vertex 39.4968 0.430297 11.0458
      vertex 39.5534 0.359344 11.1596
    endloop
  endfacet
  facet normal -0.825815 0.518943 0.220746
    outer loop
      vertex 39.3603 0.382525 10.9147
      vertex 39.2581 0.280251 10.7728
      vertex 39.2872 0.266198 10.9147
    endloop
  endfacet
  facet normal -0.332923 0.530158 0.779804
    outer loop
      vertex 39.6406 0.414103 11.1596
      vertex 39.5534 0.359344 11.1596
      vertex 39.6244 0.270373 11.2504
    endloop
  endfacet
  facet normal -0.480025 0.763768 0.431549
    outer loop
      vertex 39.5738 0.552766 10.9147
      vertex 39.4575 0.479672 10.9147
      vertex 39.4968 0.430297 11.0458
    endloop
  endfacet
  facet normal -0.73967 0.258792 0.621221
    outer loop
      vertex 39.3441 0.238796 11.0458
      vertex 39.3034 0.122469 11.0458
      vertex 39.4259 0.199421 11.1596
    endloop
  endfacet
  facet normal -0.590977 0.206983 0.779682
    outer loop
      vertex 39.5284 0.150045 11.2504
      vertex 39.4259 0.199421 11.1596
      vertex 39.5028 0.076952 11.2504
    endloop
  endfacet
  facet normal -0.590977 -0.206983 0.779682
    outer loop
      vertex 39.5028 -0.076952 11.2504
      vertex 39.4259 -0.199421 11.1596
      vertex 39.5284 -0.150045 11.2504
    endloop
  endfacet
  facet normal -0.222667 -0.0247495 0.97458
    outer loop
      vertex 39.7672 0 11.3459
      vertex 39.6307 -0.0477705 11.3135
      vertex 39.769 -0.0161943 11.3459
    endloop
  endfacet
  facet normal -0.0487741 -0.433495 -0.899835
    outer loop
      vertex 39.763 -0.33715 10.1496
      vertex 39.8 -0.231505 10.0967
      vertex 39.8 -0.341313 10.1496
    endloop
  endfacet
  facet normal -0.0531549 -0.432159 -0.90023
    outer loop
      vertex 39.8 -0.231505 10.0967
      vertex 39.763 -0.33715 10.1496
      vertex 39.7922 -0.209298 10.0865
    endloop
  endfacet
  facet normal -0.0877039 -0.778772 -0.621145
    outer loop
      vertex 39.7175 -0.536572 10.3542
      vertex 39.8 -0.51037 10.3097
      vertex 39.8 -0.545863 10.3542
    endloop
  endfacet
  facet normal -0.0876512 -0.778829 -0.621081
    outer loop
      vertex 39.8 -0.51037 10.3097
      vertex 39.7175 -0.536572 10.3542
      vertex 39.7377 -0.448095 10.2404
    endloop
  endfacet
  facet normal -0.92078 -0.321656 -0.220683
    outer loop
      vertex 39.2581 -0.280251 10.6272
      vertex 39.2419 -0.136521 10.4853
      vertex 39.2872 -0.266198 10.4853
    endloop
  endfacet
  facet normal -0.993708 -0.112004 0
    outer loop
      vertex 39.2103 -0.143728 10.6272
      vertex 39.1941 0 10.7728
      vertex 39.1941 0 10.6272
    endloop
  endfacet
  facet normal -0.993708 -0.112004 0
    outer loop
      vertex 39.1941 0 10.7728
      vertex 39.2103 -0.143728 10.6272
      vertex 39.2103 -0.143728 10.7728
    endloop
  endfacet
  facet normal -0.825815 0.518943 -0.220746
    outer loop
      vertex 39.2872 0.266198 10.4853
      vertex 39.2581 0.280251 10.6272
      vertex 39.3603 0.382525 10.4853
    endloop
  endfacet
  facet normal -0.763663 0.479887 -0.431888
    outer loop
      vertex 39.4097 0.34315 10.3542
      vertex 39.2872 0.266198 10.4853
      vertex 39.3603 0.382525 10.4853
    endloop
  endfacet
  facet normal -0.554465 -0.553885 -0.621112
    outer loop
      vertex 39.4968 -0.430297 10.3542
      vertex 39.4807 -0.286568 10.2404
      vertex 39.5534 -0.359344 10.2404
    endloop
  endfacet
  facet normal -0.554257 -0.553958 -0.621233
    outer loop
      vertex 39.4807 -0.286568 10.2404
      vertex 39.4968 -0.430297 10.3542
      vertex 39.4097 -0.34315 10.3542
    endloop
  endfacet
  facet normal -0.896443 0.101122 -0.431469
    outer loop
      vertex 39.2896 0 10.3542
      vertex 39.2265 0 10.4853
      vertex 39.2419 0.136521 10.4853
    endloop
  endfacet
  facet normal -0.763663 -0.479887 -0.431888
    outer loop
      vertex 39.3603 -0.382525 10.4853
      vertex 39.2872 -0.266198 10.4853
      vertex 39.4097 -0.34315 10.3542
    endloop
  endfacet
  facet normal -0.109221 -0.969125 -0.221058
    outer loop
      vertex 39.6963 -0.629718 10.6272
      vertex 39.8 -0.631916 10.5856
      vertex 39.8 -0.641405 10.6272
    endloop
  endfacet
  facet normal -0.109272 -0.96909 -0.221189
    outer loop
      vertex 39.8 -0.631916 10.5856
      vertex 39.6963 -0.629718 10.6272
      vertex 39.7035 -0.598142 10.4853
    endloop
  endfacet
  facet normal -0.111991 -0.993709 0
    outer loop
      vertex 39.6963 -0.629718 10.6272
      vertex 39.8 -0.641405 10.7728
      vertex 39.6963 -0.629718 10.7728
    endloop
  endfacet
  facet normal -0.111991 -0.993709 -0
    outer loop
      vertex 39.8 -0.641405 10.7728
      vertex 39.6963 -0.629718 10.6272
      vertex 39.8 -0.641405 10.6272
    endloop
  endfacet
  facet normal -0.222667 0.0247495 0.97458
    outer loop
      vertex 39.769 0.0161943 11.3459
      vertex 39.6307 0.0477705 11.3135
      vertex 39.7672 0 11.3459
    endloop
  endfacet
  facet normal -0.36892 -0.231806 0.900091
    outer loop
      vertex 39.6466 -0.0931463 11.3135
      vertex 39.5284 -0.150045 11.2504
      vertex 39.5696 -0.215615 11.2504
    endloop
  endfacet
  facet normal -0.518925 -0.825662 0.221357
    outer loop
      vertex 39.5738 -0.552766 10.9147
      vertex 39.4575 -0.479672 10.9147
      vertex 39.5597 -0.581947 10.7728
    endloop
  endfacet
  facet normal -0.763633 -0.480042 0.431768
    outer loop
      vertex 39.3441 -0.238796 11.0458
      vertex 39.2872 -0.266198 10.9147
      vertex 39.4097 -0.34315 11.0458
    endloop
  endfacet
  facet normal -0.297971 -0.851345 0.43177
    outer loop
      vertex 39.6012 -0.495867 11.0458
      vertex 39.5738 -0.552766 10.9147
      vertex 39.7175 -0.536572 11.0458
    endloop
  endfacet
  facet normal -0.20688 -0.590964 0.77972
    outer loop
      vertex 39.763 -0.33715 11.2504
      vertex 39.6406 -0.414103 11.1596
      vertex 39.7377 -0.448095 11.1596
    endloop
  endfacet
  facet normal -0.258957 -0.739725 0.621086
    outer loop
      vertex 39.7377 -0.448095 11.1596
      vertex 39.6406 -0.414103 11.1596
      vertex 39.7175 -0.536572 11.0458
    endloop
  endfacet
  facet normal -0.689421 -0.689797 -0.221086
    outer loop
      vertex 39.4575 -0.479672 10.4853
      vertex 39.335 -0.402719 10.6272
      vertex 39.3603 -0.382525 10.4853
    endloop
  endfacet
  facet normal -0.689502 -0.689671 -0.221225
    outer loop
      vertex 39.335 -0.402719 10.6272
      vertex 39.4575 -0.479672 10.4853
      vertex 39.4373 -0.504994 10.6272
    endloop
  endfacet
  facet normal -0.258902 -0.739719 -0.621117
    outer loop
      vertex 39.7175 -0.536572 10.3542
      vertex 39.6012 -0.495867 10.3542
      vertex 39.6406 -0.414103 10.2404
    endloop
  endfacet
  facet normal -0.258957 -0.739725 -0.621086
    outer loop
      vertex 39.7175 -0.536572 10.3542
      vertex 39.6406 -0.414103 10.2404
      vertex 39.7377 -0.448095 10.2404
    endloop
  endfacet
  facet normal -0.211376 -0.0742062 0.974584
    outer loop
      vertex 39.769 -0.0161943 11.3459
      vertex 39.6307 -0.0477705 11.3135
      vertex 39.7744 -0.0315762 11.3459
    endloop
  endfacet
  facet normal -0.231782 -0.36905 0.900044
    outer loop
      vertex 39.7469 -0.19342 11.3135
      vertex 39.6244 -0.270373 11.2504
      vertex 39.69 -0.311573 11.2504
    endloop
  endfacet
  facet normal -0.189443 0.119443 0.9746
    outer loop
      vertex 39.7831 0.0453749 11.3459
      vertex 39.6722 0.133851 11.3135
      vertex 39.7744 0.0315762 11.3459
    endloop
  endfacet
  facet normal -0.480025 0.763768 -0.431549
    outer loop
      vertex 39.4968 0.430297 10.3542
      vertex 39.4575 0.479672 10.4853
      vertex 39.5738 0.552766 10.4853
    endloop
  endfacet
  facet normal -0.637722 0.63807 -0.431481
    outer loop
      vertex 39.4968 0.430297 10.3542
      vertex 39.3603 0.382525 10.4853
      vertex 39.4575 0.479672 10.4853
    endloop
  endfacet
  facet normal -0.637935 0.637591 -0.431877
    outer loop
      vertex 39.3603 0.382525 10.4853
      vertex 39.4968 0.430297 10.3542
      vertex 39.4097 0.34315 10.3542
    endloop
  endfacet
  facet normal -0.332962 0.530154 -0.779791
    outer loop
      vertex 39.69 0.311573 10.1496
      vertex 39.6244 0.270373 10.1496
      vertex 39.6406 0.414103 10.2404
    endloop
  endfacet
  facet normal -0.0877243 0.778855 -0.621039
    outer loop
      vertex 39.8 0.455112 10.2404
      vertex 39.7377 0.448095 10.2404
      vertex 39.8 0.51037 10.3097
    endloop
  endfacet
  facet normal -0.825933 0.518619 -0.221065
    outer loop
      vertex 39.3603 0.382525 10.4853
      vertex 39.2581 0.280251 10.6272
      vertex 39.335 0.402719 10.6272
    endloop
  endfacet
  facet normal -0.73968 -0.258879 0.621173
    outer loop
      vertex 39.3919 -0.102275 11.1596
      vertex 39.3034 -0.122469 11.0458
      vertex 39.4259 -0.199421 11.1596
    endloop
  endfacet
  facet normal -0.851376 -0.297876 0.431775
    outer loop
      vertex 39.3034 -0.122469 11.0458
      vertex 39.2872 -0.266198 10.9147
      vertex 39.3441 -0.238796 11.0458
    endloop
  endfacet
  facet normal -0.851681 0.297517 0.43142
    outer loop
      vertex 39.2872 0.266198 10.9147
      vertex 39.2419 0.136521 10.9147
      vertex 39.3034 0.122469 11.0458
    endloop
  endfacet
  facet normal -0.825933 0.518619 0.221065
    outer loop
      vertex 39.335 0.402719 10.7728
      vertex 39.2581 0.280251 10.7728
      vertex 39.3603 0.382525 10.9147
    endloop
  endfacet
  facet normal -0.62218 -0.0695336 0.77978
    outer loop
      vertex 39.4942 0 11.2504
      vertex 39.3804 0 11.1596
      vertex 39.5028 -0.076952 11.2504
    endloop
  endfacet
  facet normal -0.433019 -0.0483933 0.900085
    outer loop
      vertex 39.6307 -0.0477705 11.3135
      vertex 39.4942 0 11.2504
      vertex 39.5028 -0.076952 11.2504
    endloop
  endfacet
  facet normal -0.368763 0.231922 0.900126
    outer loop
      vertex 39.6722 0.133851 11.3135
      vertex 39.5696 0.215615 11.2504
      vertex 39.6466 0.0931463 11.3135
    endloop
  endfacet
  facet normal -0.189624 0.119258 0.974587
    outer loop
      vertex 39.6722 0.133851 11.3135
      vertex 39.6466 0.0931463 11.3135
      vertex 39.7744 0.0315762 11.3459
    endloop
  endfacet
  facet normal -0.189624 -0.119258 -0.974587
    outer loop
      vertex 39.6722 -0.133851 10.0865
      vertex 39.6466 -0.0931463 10.0865
      vertex 39.7744 -0.0315762 10.0541
    endloop
  endfacet
  facet normal -0.92078 0.321656 -0.220683
    outer loop
      vertex 39.2872 0.266198 10.4853
      vertex 39.2419 0.136521 10.4853
      vertex 39.2581 0.280251 10.6272
    endloop
  endfacet
  facet normal -0.591087 0.206874 -0.779628
    outer loop
      vertex 39.5028 0.076952 10.1496
      vertex 39.3919 0.102275 10.2404
      vertex 39.4259 0.199421 10.2404
    endloop
  endfacet
  facet normal -0.144099 -0.411278 -0.900048
    outer loop
      vertex 39.763 -0.33715 10.1496
      vertex 39.69 -0.311573 10.1496
      vertex 39.7469 -0.19342 10.0865
    endloop
  endfacet
  facet normal -0.368763 0.231922 -0.900126
    outer loop
      vertex 39.6466 0.0931463 10.0865
      vertex 39.5696 0.215615 10.1496
      vertex 39.6722 0.133851 10.0865
    endloop
  endfacet
  facet normal -0.66335 -0.41713 -0.621264
    outer loop
      vertex 39.4807 -0.286568 10.2404
      vertex 39.4097 -0.34315 10.3542
      vertex 39.4259 -0.199421 10.2404
    endloop
  endfacet
  facet normal -0.530175 -0.333386 -0.779595
    outer loop
      vertex 39.4807 -0.286568 10.2404
      vertex 39.4259 -0.199421 10.2404
      vertex 39.5696 -0.215615 10.1496
    endloop
  endfacet
  facet normal -0.969067 -0.109314 -0.221267
    outer loop
      vertex 39.2419 -0.136521 10.4853
      vertex 39.1941 0 10.6272
      vertex 39.2265 0 10.4853
    endloop
  endfacet
  facet normal -0.554465 0.553885 -0.621112
    outer loop
      vertex 39.4807 0.286568 10.2404
      vertex 39.4968 0.430297 10.3542
      vertex 39.5534 0.359344 10.2404
    endloop
  endfacet
  facet normal -0.554257 0.553958 -0.621233
    outer loop
      vertex 39.4968 0.430297 10.3542
      vertex 39.4807 0.286568 10.2404
      vertex 39.4097 0.34315 10.3542
    endloop
  endfacet
  facet normal -0.231544 0.36937 -0.899974
    outer loop
      vertex 39.7061 0.167844 10.0865
      vertex 39.6244 0.270373 10.1496
      vertex 39.7469 0.19342 10.0865
    endloop
  endfacet
  facet normal -0.442456 0.442795 -0.779849
    outer loop
      vertex 39.5696 0.215615 10.1496
      vertex 39.5534 0.359344 10.2404
      vertex 39.6244 0.270373 10.1496
    endloop
  endfacet
  facet normal -0.443051 0.442589 -0.779629
    outer loop
      vertex 39.5534 0.359344 10.2404
      vertex 39.5696 0.215615 10.1496
      vertex 39.4807 0.286568 10.2404
    endloop
  endfacet
  facet normal -0.0699873 0.622034 -0.779856
    outer loop
      vertex 39.763 0.33715 10.1496
      vertex 39.8 0.38582 10.1851
      vertex 39.8 0.341313 10.1496
    endloop
  endfacet
  facet normal -0.0702385 0.622145 -0.779745
    outer loop
      vertex 39.8 0.38582 10.1851
      vertex 39.763 0.33715 10.1496
      vertex 39.7377 0.448095 10.2404
    endloop
  endfacet
  facet normal -0.144157 0.41128 -0.900037
    outer loop
      vertex 39.7922 0.209298 10.0865
      vertex 39.7469 0.19342 10.0865
      vertex 39.763 0.33715 10.1496
    endloop
  endfacet
  facet normal -0.144157 -0.41128 -0.900037
    outer loop
      vertex 39.763 -0.33715 10.1496
      vertex 39.7469 -0.19342 10.0865
      vertex 39.7922 -0.209298 10.0865
    endloop
  endfacet
  facet normal -0.0251246 0.223713 -0.974331
    outer loop
      vertex 39.8 0.187091 10.0812
      vertex 39.7922 0.209298 10.0865
      vertex 39.8 0.210174 10.0865
    endloop
  endfacet
  facet normal -0.158566 -0.158133 -0.974603
    outer loop
      vertex 39.7061 -0.167844 10.0865
      vertex 39.6722 -0.133851 10.0865
      vertex 39.7946 -0.0568991 10.0541
    endloop
  endfacet
  facet normal -0.530201 0.333145 -0.77968
    outer loop
      vertex 39.5284 0.150045 10.1496
      vertex 39.4259 0.199421 10.2404
      vertex 39.5696 0.215615 10.1496
    endloop
  endfacet
  facet normal -0.70702 0.707193 0
    outer loop
      vertex 39.335 0.402719 10.6272
      vertex 39.4373 0.504994 10.7728
      vertex 39.4373 0.504994 10.6272
    endloop
  endfacet
  facet normal -0.70702 0.707193 0
    outer loop
      vertex 39.4373 0.504994 10.7728
      vertex 39.335 0.402719 10.6272
      vertex 39.335 0.402719 10.7728
    endloop
  endfacet
  facet normal -0.10921 0.969084 -0.221247
    outer loop
      vertex 39.8 0.609017 10.4853
      vertex 39.7035 0.598142 10.4853
      vertex 39.8 0.631916 10.5856
    endloop
  endfacet
  facet normal -0.530201 0.333145 0.77968
    outer loop
      vertex 39.5696 0.215615 11.2504
      vertex 39.4259 0.199421 11.1596
      vertex 39.5284 0.150045 11.2504
    endloop
  endfacet
  facet normal -0.416821 0.663658 0.621143
    outer loop
      vertex 39.6012 0.495867 11.0458
      vertex 39.4968 0.430297 11.0458
      vertex 39.6406 0.414103 11.1596
    endloop
  endfacet
  facet normal -0.0877039 0.778772 0.621145
    outer loop
      vertex 39.7175 0.536572 11.0458
      vertex 39.8 0.51037 11.0903
      vertex 39.8 0.545863 11.0458
    endloop
  endfacet
  facet normal -0.0876512 0.778829 0.621081
    outer loop
      vertex 39.8 0.51037 11.0903
      vertex 39.7175 0.536572 11.0458
      vertex 39.7377 0.448095 11.1596
    endloop
  endfacet
  facet normal -0.479732 0.763825 0.431774
    outer loop
      vertex 39.5738 0.552766 10.9147
      vertex 39.4968 0.430297 11.0458
      vertex 39.6012 0.495867 11.0458
    endloop
  endfacet
  facet normal -0.308712 0.307867 0.899953
    outer loop
      vertex 39.7061 0.167844 11.3135
      vertex 39.6244 0.270373 11.2504
      vertex 39.6722 0.133851 11.3135
    endloop
  endfacet
  facet normal -0.0487741 0.433495 0.899835
    outer loop
      vertex 39.763 0.33715 11.2504
      vertex 39.8 0.231505 11.3033
      vertex 39.8 0.341313 11.2504
    endloop
  endfacet
  facet normal -0.0531549 0.432159 0.90023
    outer loop
      vertex 39.8 0.231505 11.3033
      vertex 39.763 0.33715 11.2504
      vertex 39.7922 0.209298 11.3135
    endloop
  endfacet
  facet normal -0.851376 0.297876 0.431775
    outer loop
      vertex 39.3441 0.238796 11.0458
      vertex 39.2872 0.266198 10.9147
      vertex 39.3034 0.122469 11.0458
    endloop
  endfacet
  facet normal -0.763633 0.480042 0.431768
    outer loop
      vertex 39.4097 0.34315 11.0458
      vertex 39.2872 0.266198 10.9147
      vertex 39.3441 0.238796 11.0458
    endloop
  endfacet
  facet normal -0.433019 0.0483933 0.900085
    outer loop
      vertex 39.5028 0.076952 11.2504
      vertex 39.4942 0 11.2504
      vertex 39.6307 0.0477705 11.3135
    endloop
  endfacet
  facet normal -0.22253 0.025155 0.974601
    outer loop
      vertex 39.6307 0.0477705 11.3135
      vertex 39.6253 0 11.3135
      vertex 39.7672 0 11.3459
    endloop
  endfacet
  facet normal -0.969059 0.109225 0.221349
    outer loop
      vertex 39.2103 0.143728 10.7728
      vertex 39.1941 0 10.7728
      vertex 39.2419 0.136521 10.9147
    endloop
  endfacet
  facet normal -0.969059 -0.109225 -0.221349
    outer loop
      vertex 39.2103 -0.143728 10.6272
      vertex 39.1941 0 10.6272
      vertex 39.2419 -0.136521 10.4853
    endloop
  endfacet
  facet normal -0.663452 0.417066 -0.621198
    outer loop
      vertex 39.4259 0.199421 10.2404
      vertex 39.3441 0.238796 10.3542
      vertex 39.4097 0.34315 10.3542
    endloop
  endfacet
  facet normal -0.851376 0.297876 -0.431775
    outer loop
      vertex 39.3034 0.122469 10.3542
      vertex 39.2872 0.266198 10.4853
      vertex 39.3441 0.238796 10.3542
    endloop
  endfacet
  facet normal -0.637935 -0.637591 -0.431877
    outer loop
      vertex 39.4968 -0.430297 10.3542
      vertex 39.3603 -0.382525 10.4853
      vertex 39.4097 -0.34315 10.3542
    endloop
  endfacet
  facet normal -0.637722 -0.63807 -0.431481
    outer loop
      vertex 39.3603 -0.382525 10.4853
      vertex 39.4968 -0.430297 10.3542
      vertex 39.4575 -0.479672 10.4853
    endloop
  endfacet
  facet normal -0.321934 -0.920563 -0.221181
    outer loop
      vertex 39.6963 -0.629718 10.6272
      vertex 39.5597 -0.581947 10.6272
      vertex 39.7035 -0.598142 10.4853
    endloop
  endfacet
  facet normal -0.32204 -0.920499 -0.221296
    outer loop
      vertex 39.7035 -0.598142 10.4853
      vertex 39.5597 -0.581947 10.6272
      vertex 39.5738 -0.552766 10.4853
    endloop
  endfacet
  facet normal -0.297875 -0.851427 0.431675
    outer loop
      vertex 39.7175 -0.536572 11.0458
      vertex 39.5738 -0.552766 10.9147
      vertex 39.7035 -0.598142 10.9147
    endloop
  endfacet
  facet normal -0.100935 -0.896262 0.431886
    outer loop
      vertex 39.7175 -0.536572 11.0458
      vertex 39.8 -0.564367 11.0074
      vertex 39.8 -0.545863 11.0458
    endloop
  endfacet
  facet normal -0.101025 -0.896323 0.431739
    outer loop
      vertex 39.8 -0.564367 11.0074
      vertex 39.7175 -0.536572 11.0458
      vertex 39.7035 -0.598142 10.9147
    endloop
  endfacet
  facet normal -0.308712 -0.307867 0.899953
    outer loop
      vertex 39.6722 -0.133851 11.3135
      vertex 39.6244 -0.270373 11.2504
      vertex 39.7061 -0.167844 11.3135
    endloop
  endfacet
  facet normal -0.30796 -0.308197 0.900097
    outer loop
      vertex 39.6722 -0.133851 11.3135
      vertex 39.5696 -0.215615 11.2504
      vertex 39.6244 -0.270373 11.2504
    endloop
  endfacet
  facet normal -0.530175 -0.333386 0.779595
    outer loop
      vertex 39.5696 -0.215615 11.2504
      vertex 39.4259 -0.199421 11.1596
      vertex 39.4807 -0.286568 11.1596
    endloop
  endfacet
  facet normal -0.763663 -0.479887 0.431888
    outer loop
      vertex 39.4097 -0.34315 11.0458
      vertex 39.2872 -0.266198 10.9147
      vertex 39.3603 -0.382525 10.9147
    endloop
  endfacet
  facet normal -0.825815 -0.518943 0.220746
    outer loop
      vertex 39.2872 -0.266198 10.9147
      vertex 39.2581 -0.280251 10.7728
      vertex 39.3603 -0.382525 10.9147
    endloop
  endfacet
  facet normal -0.442456 -0.442795 0.779849
    outer loop
      vertex 39.5696 -0.215615 11.2504
      vertex 39.5534 -0.359344 11.1596
      vertex 39.6244 -0.270373 11.2504
    endloop
  endfacet
  facet normal -0.443051 -0.442589 0.779629
    outer loop
      vertex 39.5534 -0.359344 11.1596
      vertex 39.5696 -0.215615 11.2504
      vertex 39.4807 -0.286568 11.1596
    endloop
  endfacet
  facet normal -0.66335 -0.41713 0.621264
    outer loop
      vertex 39.4259 -0.199421 11.1596
      vertex 39.4097 -0.34315 11.0458
      vertex 39.4807 -0.286568 11.1596
    endloop
  endfacet
  facet normal -0.637935 -0.637591 0.431877
    outer loop
      vertex 39.3603 -0.382525 10.9147
      vertex 39.4968 -0.430297 11.0458
      vertex 39.4097 -0.34315 11.0458
    endloop
  endfacet
  facet normal -0.637722 -0.63807 0.431481
    outer loop
      vertex 39.4968 -0.430297 11.0458
      vertex 39.3603 -0.382525 10.9147
      vertex 39.4575 -0.479672 10.9147
    endloop
  endfacet
  facet normal -0.10921 -0.969084 0.221247
    outer loop
      vertex 39.8 -0.609017 10.9147
      vertex 39.7035 -0.598142 10.9147
      vertex 39.8 -0.631916 10.8144
    endloop
  endfacet
  facet normal -0.0699873 -0.622034 0.779856
    outer loop
      vertex 39.763 -0.33715 11.2504
      vertex 39.8 -0.38582 11.2149
      vertex 39.8 -0.341313 11.2504
    endloop
  endfacet
  facet normal -0.0702385 -0.622145 0.779745
    outer loop
      vertex 39.8 -0.38582 11.2149
      vertex 39.763 -0.33715 11.2504
      vertex 39.7377 -0.448095 11.1596
    endloop
  endfacet
  facet normal -0.297971 -0.851345 -0.43177
    outer loop
      vertex 39.7175 -0.536572 10.3542
      vertex 39.5738 -0.552766 10.4853
      vertex 39.6012 -0.495867 10.3542
    endloop
  endfacet
  facet normal -0.479732 -0.763825 -0.431774
    outer loop
      vertex 39.5738 -0.552766 10.4853
      vertex 39.4968 -0.430297 10.3542
      vertex 39.6012 -0.495867 10.3542
    endloop
  endfacet
  facet normal -0.158566 0.158133 0.974603
    outer loop
      vertex 39.7061 0.167844 11.3135
      vertex 39.6722 0.133851 11.3135
      vertex 39.7946 0.0568991 11.3459
    endloop
  endfacet
  facet normal 0 0 1
    outer loop
      vertex 39.7831 0.0453749 11.3459
      vertex 39.8 0.0602762 11.3459
      vertex 39.7946 0.0568991 11.3459
    endloop
  endfacet
  facet normal 0 0 1
    outer loop
      vertex 39.7744 0.0315762 11.3459
      vertex 39.8 0.0602762 11.3459
      vertex 39.7831 0.0453749 11.3459
    endloop
  endfacet
  facet normal 0 0 1
    outer loop
      vertex 39.8 0.0602762 11.3459
      vertex 39.7744 0.0315762 11.3459
      vertex 39.8 -0.0602762 11.3459
    endloop
  endfacet
  facet normal 0 0 1
    outer loop
      vertex 39.8 -0.0602762 11.3459
      vertex 39.7831 -0.0453749 11.3459
      vertex 39.7946 -0.0568991 11.3459
    endloop
  endfacet
  facet normal -0 0 1
    outer loop
      vertex 39.7744 -0.0315762 11.3459
      vertex 39.8 -0.0602762 11.3459
      vertex 39.7744 0.0315762 11.3459
    endloop
  endfacet
  facet normal 0 0 1
    outer loop
      vertex 39.8 -0.0602762 11.3459
      vertex 39.7744 -0.0315762 11.3459
      vertex 39.7831 -0.0453749 11.3459
    endloop
  endfacet
  facet normal -0 0 1
    outer loop
      vertex 39.769 0.0161943 11.3459
      vertex 39.7744 -0.0315762 11.3459
      vertex 39.7744 0.0315762 11.3459
    endloop
  endfacet
  facet normal 0 0 1
    outer loop
      vertex 39.769 0.0161943 11.3459
      vertex 39.769 -0.0161943 11.3459
      vertex 39.7744 -0.0315762 11.3459
    endloop
  endfacet
  facet normal 0 -0 1
    outer loop
      vertex 39.769 -0.0161943 11.3459
      vertex 39.769 0.0161943 11.3459
      vertex 39.7672 0 11.3459
    endloop
  endfacet
  facet normal -0.0699873 0.622034 0.779856
    outer loop
      vertex 39.8 0.38582 11.2149
      vertex 39.763 0.33715 11.2504
      vertex 39.8 0.341313 11.2504
    endloop
  endfacet
  facet normal -0.0702385 0.622145 0.779745
    outer loop
      vertex 39.763 0.33715 11.2504
      vertex 39.8 0.38582 11.2149
      vertex 39.7377 0.448095 11.1596
    endloop
  endfacet
  facet normal -0.518925 0.825662 -0.221357
    outer loop
      vertex 39.5738 0.552766 10.4853
      vertex 39.4575 0.479672 10.4853
      vertex 39.5597 0.581947 10.6272
    endloop
  endfacet
  facet normal -0.32204 0.920499 -0.221296
    outer loop
      vertex 39.5738 0.552766 10.4853
      vertex 39.5597 0.581947 10.6272
      vertex 39.7035 0.598142 10.4853
    endloop
  endfacet
  facet normal -0.416789 0.663708 -0.62111
    outer loop
      vertex 39.5534 0.359344 10.2404
      vertex 39.4968 0.430297 10.3542
      vertex 39.6406 0.414103 10.2404
    endloop
  endfacet
  facet normal -0.530175 0.333386 -0.779595
    outer loop
      vertex 39.5696 0.215615 10.1496
      vertex 39.4259 0.199421 10.2404
      vertex 39.4807 0.286568 10.2404
    endloop
  endfacet
  facet normal -0.896496 0.101019 0.431381
    outer loop
      vertex 39.3034 0.122469 11.0458
      vertex 39.2419 0.136521 10.9147
      vertex 39.2896 0 11.0458
    endloop
  endfacet
  facet normal -0.896443 0.101122 0.431469
    outer loop
      vertex 39.2419 0.136521 10.9147
      vertex 39.2265 0 10.9147
      vertex 39.2896 0 11.0458
    endloop
  endfacet
  facet normal -0.663452 -0.417066 0.621198
    outer loop
      vertex 39.4259 -0.199421 11.1596
      vertex 39.3441 -0.238796 11.0458
      vertex 39.4097 -0.34315 11.0458
    endloop
  endfacet
  facet normal -0.73967 -0.258792 0.621221
    outer loop
      vertex 39.4259 -0.199421 11.1596
      vertex 39.3034 -0.122469 11.0458
      vertex 39.3441 -0.238796 11.0458
    endloop
  endfacet
  facet normal -0.20701 -0.590833 -0.779784
    outer loop
      vertex 39.763 -0.33715 10.1496
      vertex 39.6406 -0.414103 10.2404
      vertex 39.69 -0.311573 10.1496
    endloop
  endfacet
  facet normal -0.332923 -0.530158 -0.779804
    outer loop
      vertex 39.6406 -0.414103 10.2404
      vertex 39.5534 -0.359344 10.2404
      vertex 39.6244 -0.270373 10.1496
    endloop
  endfacet
  facet normal -0.62218 -0.0695336 -0.77978
    outer loop
      vertex 39.5028 -0.076952 10.1496
      vertex 39.3804 0 10.2404
      vertex 39.4942 0 10.1496
    endloop
  endfacet
  facet normal -0.308712 0.307867 -0.899953
    outer loop
      vertex 39.6722 0.133851 10.0865
      vertex 39.6244 0.270373 10.1496
      vertex 39.7061 0.167844 10.0865
    endloop
  endfacet
  facet normal -0.074293 -0.211958 -0.974451
    outer loop
      vertex 39.7469 -0.19342 10.0865
      vertex 39.8 -0.175253 10.0785
      vertex 39.7922 -0.209298 10.0865
    endloop
  endfacet
  facet normal -0.0745349 -0.211306 -0.974574
    outer loop
      vertex 39.8 -0.175253 10.0785
      vertex 39.7469 -0.19342 10.0865
      vertex 39.8 -0.108838 10.0641
    endloop
  endfacet
  facet normal -0.851681 -0.297517 -0.43142
    outer loop
      vertex 39.2872 -0.266198 10.4853
      vertex 39.2419 -0.136521 10.4853
      vertex 39.3034 -0.122469 10.3542
    endloop
  endfacet
  facet normal -0.622336 -0.0699767 -0.779616
    outer loop
      vertex 39.3919 -0.102275 10.2404
      vertex 39.3804 0 10.2404
      vertex 39.5028 -0.076952 10.1496
    endloop
  endfacet
  facet normal -0.943822 -0.330455 0
    outer loop
      vertex 39.2581 -0.280251 10.6272
      vertex 39.2103 -0.143728 10.7728
      vertex 39.2103 -0.143728 10.6272
    endloop
  endfacet
  facet normal -0.943822 -0.330455 0
    outer loop
      vertex 39.2103 -0.143728 10.7728
      vertex 39.2581 -0.280251 10.6272
      vertex 39.2581 -0.280251 10.7728
    endloop
  endfacet
  facet normal -0.20688 0.590964 -0.77972
    outer loop
      vertex 39.763 0.33715 10.1496
      vertex 39.6406 0.414103 10.2404
      vertex 39.7377 0.448095 10.2404
    endloop
  endfacet
  facet normal -0.20701 0.590833 -0.779784
    outer loop
      vertex 39.69 0.311573 10.1496
      vertex 39.6406 0.414103 10.2404
      vertex 39.763 0.33715 10.1496
    endloop
  endfacet
  facet normal -0.778658 0.0877404 -0.621284
    outer loop
      vertex 39.3804 0 10.2404
      vertex 39.2896 0 10.3542
      vertex 39.3034 0.122469 10.3542
    endloop
  endfacet
  facet normal -0.851681 0.297517 -0.43142
    outer loop
      vertex 39.3034 0.122469 10.3542
      vertex 39.2419 0.136521 10.4853
      vertex 39.2872 0.266198 10.4853
    endloop
  endfacet
  facet normal -0.144099 0.411278 -0.900048
    outer loop
      vertex 39.7469 0.19342 10.0865
      vertex 39.69 0.311573 10.1496
      vertex 39.763 0.33715 10.1496
    endloop
  endfacet
  facet normal -0.0745349 0.211306 -0.974574
    outer loop
      vertex 39.7469 0.19342 10.0865
      vertex 39.8 0.175253 10.0785
      vertex 39.8 0.108838 10.0641
    endloop
  endfacet
  facet normal -0.074293 0.211958 -0.974451
    outer loop
      vertex 39.8 0.175253 10.0785
      vertex 39.7469 0.19342 10.0865
      vertex 39.7922 0.209298 10.0865
    endloop
  endfacet
  facet normal -0.117753 0.188288 -0.975029
    outer loop
      vertex 39.7946 0.0568991 10.0541
      vertex 39.8 0.0830611 10.0585
      vertex 39.8 0.0602762 10.0541
    endloop
  endfacet
  facet normal -0.121228 0.188913 -0.974482
    outer loop
      vertex 39.8 0.0830611 10.0585
      vertex 39.7946 0.0568991 10.0541
      vertex 39.7469 0.19342 10.0865
    endloop
  endfacet
  facet normal -0.117753 -0.188288 -0.975029
    outer loop
      vertex 39.8 -0.0830611 10.0585
      vertex 39.7946 -0.0568991 10.0541
      vertex 39.8 -0.0602762 10.0541
    endloop
  endfacet
  facet normal -0.121228 -0.188913 -0.974482
    outer loop
      vertex 39.7946 -0.0568991 10.0541
      vertex 39.8 -0.0830611 10.0585
      vertex 39.7469 -0.19342 10.0865
    endloop
  endfacet
  facet normal -0.0483921 -0.430889 -0.901107
    outer loop
      vertex 39.8 -0.231505 10.0967
      vertex 39.7922 -0.209298 10.0865
      vertex 39.8 -0.210174 10.0865
    endloop
  endfacet
  facet normal -0.20688 0.590964 0.77972
    outer loop
      vertex 39.7377 0.448095 11.1596
      vertex 39.6406 0.414103 11.1596
      vertex 39.763 0.33715 11.2504
    endloop
  endfacet
  facet normal -0.100935 0.896262 -0.431886
    outer loop
      vertex 39.7175 0.536572 10.3542
      vertex 39.8 0.564367 10.3926
      vertex 39.8 0.545863 10.3542
    endloop
  endfacet
  facet normal -0.101025 0.896323 -0.431739
    outer loop
      vertex 39.8 0.564367 10.3926
      vertex 39.7175 0.536572 10.3542
      vertex 39.7035 0.598142 10.4853
    endloop
  endfacet
  facet normal -0.0877039 0.778772 -0.621145
    outer loop
      vertex 39.8 0.51037 10.3097
      vertex 39.7175 0.536572 10.3542
      vertex 39.8 0.545863 10.3542
    endloop
  endfacet
  facet normal -0.0876512 0.778829 -0.621081
    outer loop
      vertex 39.7175 0.536572 10.3542
      vertex 39.8 0.51037 10.3097
      vertex 39.7377 0.448095 10.2404
    endloop
  endfacet
  facet normal -0.591087 0.206874 0.779628
    outer loop
      vertex 39.4259 0.199421 11.1596
      vertex 39.3919 0.102275 11.1596
      vertex 39.5028 0.076952 11.2504
    endloop
  endfacet
  facet normal -0.73968 0.258879 0.621173
    outer loop
      vertex 39.4259 0.199421 11.1596
      vertex 39.3034 0.122469 11.0458
      vertex 39.3919 0.102275 11.1596
    endloop
  endfacet
  facet normal -0.10921 0.969084 0.221247
    outer loop
      vertex 39.8 0.631916 10.8144
      vertex 39.7035 0.598142 10.9147
      vertex 39.8 0.609017 10.9147
    endloop
  endfacet
  facet normal -0.109221 0.969125 0.221058
    outer loop
      vertex 39.6963 0.629718 10.7728
      vertex 39.8 0.631916 10.8144
      vertex 39.8 0.641405 10.7728
    endloop
  endfacet
  facet normal -0.109272 0.96909 0.221189
    outer loop
      vertex 39.8 0.631916 10.8144
      vertex 39.6963 0.629718 10.7728
      vertex 39.7035 0.598142 10.9147
    endloop
  endfacet
  facet normal -0.519063 0.825612 0.221221
    outer loop
      vertex 39.5597 0.581947 10.7728
      vertex 39.4373 0.504994 10.7728
      vertex 39.4575 0.479672 10.9147
    endloop
  endfacet
  facet normal -0.689502 0.689671 0.221225
    outer loop
      vertex 39.335 0.402719 10.7728
      vertex 39.4575 0.479672 10.9147
      vertex 39.4373 0.504994 10.7728
    endloop
  endfacet
  facet normal -0.689421 0.689797 0.221086
    outer loop
      vertex 39.4575 0.479672 10.9147
      vertex 39.335 0.402719 10.7728
      vertex 39.3603 0.382525 10.9147
    endloop
  endfacet
  facet normal -0.231544 -0.36937 0.899974
    outer loop
      vertex 39.7061 -0.167844 11.3135
      vertex 39.6244 -0.270373 11.2504
      vertex 39.7469 -0.19342 11.3135
    endloop
  endfacet
  facet normal -0.433171 0.0489659 0.89998
    outer loop
      vertex 39.6307 0.0477705 11.3135
      vertex 39.4942 0 11.2504
      vertex 39.6253 0 11.3135
    endloop
  endfacet
  facet normal -0.433171 -0.0489659 0.89998
    outer loop
      vertex 39.6253 0 11.3135
      vertex 39.4942 0 11.2504
      vertex 39.6307 -0.0477705 11.3135
    endloop
  endfacet
  facet normal -0.920413 0.322259 0.221336
    outer loop
      vertex 39.2581 0.280251 10.7728
      vertex 39.2103 0.143728 10.7728
      vertex 39.2419 0.136521 10.9147
    endloop
  endfacet
  facet normal -0.920413 0.322259 -0.221336
    outer loop
      vertex 39.2419 0.136521 10.4853
      vertex 39.2103 0.143728 10.6272
      vertex 39.2581 0.280251 10.6272
    endloop
  endfacet
  facet normal -0.101011 -0.89633 -0.431728
    outer loop
      vertex 39.8 -0.609017 10.4853
      vertex 39.7035 -0.598142 10.4853
      vertex 39.8 -0.564367 10.3926
    endloop
  endfacet
  facet normal -0.10921 -0.969084 -0.221247
    outer loop
      vertex 39.8 -0.631916 10.5856
      vertex 39.7035 -0.598142 10.4853
      vertex 39.8 -0.609017 10.4853
    endloop
  endfacet
  facet normal -0.519063 -0.825612 0.221221
    outer loop
      vertex 39.4575 -0.479672 10.9147
      vertex 39.4373 -0.504994 10.7728
      vertex 39.5597 -0.581947 10.7728
    endloop
  endfacet
  facet normal -0.479732 -0.763825 0.431774
    outer loop
      vertex 39.6012 -0.495867 11.0458
      vertex 39.4968 -0.430297 11.0458
      vertex 39.5738 -0.552766 10.9147
    endloop
  endfacet
  facet normal -0.480025 -0.763768 0.431549
    outer loop
      vertex 39.4968 -0.430297 11.0458
      vertex 39.4575 -0.479672 10.9147
      vertex 39.5738 -0.552766 10.9147
    endloop
  endfacet
  facet normal -0.211393 -0.0740735 0.97459
    outer loop
      vertex 39.7744 -0.0315762 11.3459
      vertex 39.6307 -0.0477705 11.3135
      vertex 39.6466 -0.0931463 11.3135
    endloop
  endfacet
  facet normal -0.117753 -0.188288 0.975029
    outer loop
      vertex 39.7946 -0.0568991 11.3459
      vertex 39.8 -0.0830611 11.3415
      vertex 39.8 -0.0602762 11.3459
    endloop
  endfacet
  facet normal -0.121228 -0.188913 0.974482
    outer loop
      vertex 39.8 -0.0830611 11.3415
      vertex 39.7946 -0.0568991 11.3459
      vertex 39.7469 -0.19342 11.3135
    endloop
  endfacet
  facet normal -0.0700846 -0.622242 0.779681
    outer loop
      vertex 39.8 -0.38582 11.2149
      vertex 39.7377 -0.448095 11.1596
      vertex 39.8 -0.455112 11.1596
    endloop
  endfacet
  facet normal -0.0876512 -0.778829 0.621081
    outer loop
      vertex 39.7175 -0.536572 11.0458
      vertex 39.8 -0.51037 11.0903
      vertex 39.7377 -0.448095 11.1596
    endloop
  endfacet
  facet normal -0.0877039 -0.778772 0.621145
    outer loop
      vertex 39.8 -0.51037 11.0903
      vertex 39.7175 -0.536572 11.0458
      vertex 39.8 -0.545863 11.0458
    endloop
  endfacet
  facet normal -0.0531549 -0.432159 0.90023
    outer loop
      vertex 39.763 -0.33715 11.2504
      vertex 39.8 -0.231505 11.3033
      vertex 39.7922 -0.209298 11.3135
    endloop
  endfacet
  facet normal -0.0487741 -0.433495 0.899835
    outer loop
      vertex 39.8 -0.231505 11.3033
      vertex 39.763 -0.33715 11.2504
      vertex 39.8 -0.341313 11.2504
    endloop
  endfacet
  facet normal -0.0251246 -0.223713 0.974331
    outer loop
      vertex 39.8 -0.187091 11.3188
      vertex 39.7922 -0.209298 11.3135
      vertex 39.8 -0.210174 11.3135
    endloop
  endfacet
  facet normal -0.332962 -0.530154 0.779791
    outer loop
      vertex 39.69 -0.311573 11.2504
      vertex 39.6244 -0.270373 11.2504
      vertex 39.6406 -0.414103 11.1596
    endloop
  endfacet
  facet normal -0.332923 -0.530158 0.779804
    outer loop
      vertex 39.6244 -0.270373 11.2504
      vertex 39.5534 -0.359344 11.1596
      vertex 39.6406 -0.414103 11.1596
    endloop
  endfacet
  facet normal -0.530201 -0.333145 0.77968
    outer loop
      vertex 39.5284 -0.150045 11.2504
      vertex 39.4259 -0.199421 11.1596
      vertex 39.5696 -0.215615 11.2504
    endloop
  endfacet
  facet normal -0.591087 -0.206874 0.779628
    outer loop
      vertex 39.5028 -0.076952 11.2504
      vertex 39.3919 -0.102275 11.1596
      vertex 39.4259 -0.199421 11.1596
    endloop
  endfacet
  facet normal -0.530201 -0.333145 -0.77968
    outer loop
      vertex 39.5696 -0.215615 10.1496
      vertex 39.4259 -0.199421 10.2404
      vertex 39.5284 -0.150045 10.1496
    endloop
  endfacet
  facet normal -0.332962 -0.530154 -0.779791
    outer loop
      vertex 39.6406 -0.414103 10.2404
      vertex 39.6244 -0.270373 10.1496
      vertex 39.69 -0.311573 10.1496
    endloop
  endfacet
  facet normal -0.231782 -0.36905 -0.900044
    outer loop
      vertex 39.69 -0.311573 10.1496
      vertex 39.6244 -0.270373 10.1496
      vertex 39.7469 -0.19342 10.0865
    endloop
  endfacet
  facet normal -0.622336 0.0699767 -0.779616
    outer loop
      vertex 39.5028 0.076952 10.1496
      vertex 39.3804 0 10.2404
      vertex 39.3919 0.102275 10.2404
    endloop
  endfacet
  facet normal -0.433171 -0.0489659 -0.89998
    outer loop
      vertex 39.6307 -0.0477705 10.0865
      vertex 39.4942 0 10.1496
      vertex 39.6253 0 10.0865
    endloop
  endfacet
  facet normal -0.211393 0.0740735 -0.97459
    outer loop
      vertex 39.7744 0.0315762 10.0541
      vertex 39.6307 0.0477705 10.0865
      vertex 39.6466 0.0931463 10.0865
    endloop
  endfacet
  facet normal -0.41119 0.144084 -0.900091
    outer loop
      vertex 39.6307 0.0477705 10.0865
      vertex 39.5028 0.076952 10.1496
      vertex 39.6466 0.0931463 10.0865
    endloop
  endfacet
  facet normal -0.118942 -0.189741 -0.974603
    outer loop
      vertex 39.7469 -0.19342 10.0865
      vertex 39.7061 -0.167844 10.0865
      vertex 39.7946 -0.0568991 10.0541
    endloop
  endfacet
  facet normal -0.41119 -0.144084 -0.900091
    outer loop
      vertex 39.6466 -0.0931463 10.0865
      vertex 39.5028 -0.076952 10.1496
      vertex 39.6307 -0.0477705 10.0865
    endloop
  endfacet
  facet normal -0.433019 -0.0483933 -0.900085
    outer loop
      vertex 39.5028 -0.076952 10.1496
      vertex 39.4942 0 10.1496
      vertex 39.6307 -0.0477705 10.0865
    endloop
  endfacet
  facet normal -0.851376 -0.297876 -0.431775
    outer loop
      vertex 39.3441 -0.238796 10.3542
      vertex 39.2872 -0.266198 10.4853
      vertex 39.3034 -0.122469 10.3542
    endloop
  endfacet
  facet normal -0.896443 -0.101122 -0.431469
    outer loop
      vertex 39.2419 -0.136521 10.4853
      vertex 39.2265 0 10.4853
      vertex 39.2896 0 10.3542
    endloop
  endfacet
  facet normal -0.36892 0.231806 -0.900091
    outer loop
      vertex 39.6466 0.0931463 10.0865
      vertex 39.5284 0.150045 10.1496
      vertex 39.5696 0.215615 10.1496
    endloop
  endfacet
  facet normal -0.66335 0.41713 -0.621264
    outer loop
      vertex 39.4259 0.199421 10.2404
      vertex 39.4097 0.34315 10.3542
      vertex 39.4807 0.286568 10.2404
    endloop
  endfacet
  facet normal -0.411187 0.144014 -0.900103
    outer loop
      vertex 39.6466 0.0931463 10.0865
      vertex 39.5028 0.076952 10.1496
      vertex 39.5284 0.150045 10.1496
    endloop
  endfacet
  facet normal -0.590977 0.206983 -0.779682
    outer loop
      vertex 39.5028 0.076952 10.1496
      vertex 39.4259 0.199421 10.2404
      vertex 39.5284 0.150045 10.1496
    endloop
  endfacet
  facet normal -0.73967 0.258792 -0.621221
    outer loop
      vertex 39.4259 0.199421 10.2404
      vertex 39.3034 0.122469 10.3542
      vertex 39.3441 0.238796 10.3542
    endloop
  endfacet
  facet normal -0.763633 0.480042 -0.431768
    outer loop
      vertex 39.3441 0.238796 10.3542
      vertex 39.2872 0.266198 10.4853
      vertex 39.4097 0.34315 10.3542
    endloop
  endfacet
  facet normal -0.222667 -0.0247495 -0.97458
    outer loop
      vertex 39.769 -0.0161943 10.0541
      vertex 39.6307 -0.0477705 10.0865
      vertex 39.7672 0 10.0541
    endloop
  endfacet
  facet normal -0.211393 -0.0740735 -0.97459
    outer loop
      vertex 39.6466 -0.0931463 10.0865
      vertex 39.6307 -0.0477705 10.0865
      vertex 39.7744 -0.0315762 10.0541
    endloop
  endfacet
  facet normal -0.0293672 -0.222273 -0.974542
    outer loop
      vertex 39.8 -0.187091 10.0812
      vertex 39.7922 -0.209298 10.0865
      vertex 39.8 -0.175253 10.0785
    endloop
  endfacet
  facet normal -0.0293672 0.222273 0.974542
    outer loop
      vertex 39.8 0.187091 11.3188
      vertex 39.7922 0.209298 11.3135
      vertex 39.8 0.175253 11.3215
    endloop
  endfacet
  facet normal -0.0251246 0.223713 0.974331
    outer loop
      vertex 39.8 0.210174 11.3135
      vertex 39.7922 0.209298 11.3135
      vertex 39.8 0.187091 11.3188
    endloop
  endfacet
  facet normal -0.144157 0.41128 0.900037
    outer loop
      vertex 39.763 0.33715 11.2504
      vertex 39.7469 0.19342 11.3135
      vertex 39.7922 0.209298 11.3135
    endloop
  endfacet
  facet normal -0.0700846 0.622242 0.779681
    outer loop
      vertex 39.8 0.455112 11.1596
      vertex 39.7377 0.448095 11.1596
      vertex 39.8 0.38582 11.2149
    endloop
  endfacet
  facet normal -0.297971 0.851345 -0.43177
    outer loop
      vertex 39.6012 0.495867 10.3542
      vertex 39.5738 0.552766 10.4853
      vertex 39.7175 0.536572 10.3542
    endloop
  endfacet
  facet normal -0.297875 0.851427 -0.431675
    outer loop
      vertex 39.7175 0.536572 10.3542
      vertex 39.5738 0.552766 10.4853
      vertex 39.7035 0.598142 10.4853
    endloop
  endfacet
  facet normal -0.442456 0.442795 0.779849
    outer loop
      vertex 39.5534 0.359344 11.1596
      vertex 39.5696 0.215615 11.2504
      vertex 39.6244 0.270373 11.2504
    endloop
  endfacet
  facet normal -0.443051 0.442589 0.779629
    outer loop
      vertex 39.5696 0.215615 11.2504
      vertex 39.5534 0.359344 11.1596
      vertex 39.4807 0.286568 11.1596
    endloop
  endfacet
  facet normal -0.778768 0.0875661 0.621171
    outer loop
      vertex 39.3919 0.102275 11.1596
      vertex 39.3034 0.122469 11.0458
      vertex 39.3804 0 11.1596
    endloop
  endfacet
  facet normal -0.622336 0.0699767 0.779616
    outer loop
      vertex 39.3919 0.102275 11.1596
      vertex 39.3804 0 11.1596
      vertex 39.5028 0.076952 11.2504
    endloop
  endfacet
  facet normal -0.258902 0.739719 0.621117
    outer loop
      vertex 39.7175 0.536572 11.0458
      vertex 39.6012 0.495867 11.0458
      vertex 39.6406 0.414103 11.1596
    endloop
  endfacet
  facet normal -0.258957 0.739725 0.621086
    outer loop
      vertex 39.7175 0.536572 11.0458
      vertex 39.6406 0.414103 11.1596
      vertex 39.7377 0.448095 11.1596
    endloop
  endfacet
  facet normal -0.297971 0.851345 0.43177
    outer loop
      vertex 39.7175 0.536572 11.0458
      vertex 39.5738 0.552766 10.9147
      vertex 39.6012 0.495867 11.0458
    endloop
  endfacet
  facet normal -0.297875 0.851427 0.431675
    outer loop
      vertex 39.7035 0.598142 10.9147
      vertex 39.5738 0.552766 10.9147
      vertex 39.7175 0.536572 11.0458
    endloop
  endfacet
  facet normal -0.189624 -0.119258 0.974587
    outer loop
      vertex 39.7744 -0.0315762 11.3459
      vertex 39.6466 -0.0931463 11.3135
      vertex 39.6722 -0.133851 11.3135
    endloop
  endfacet
  facet normal -0.073864 -0.211717 -0.974536
    outer loop
      vertex 39.8 -0.108838 10.0641
      vertex 39.7469 -0.19342 10.0865
      vertex 39.8 -0.0830611 10.0585
    endloop
  endfacet
  facet normal -0.0877243 -0.778855 -0.621039
    outer loop
      vertex 39.8 -0.51037 10.3097
      vertex 39.7377 -0.448095 10.2404
      vertex 39.8 -0.455112 10.2404
    endloop
  endfacet
  facet normal -0.993708 0.112004 0
    outer loop
      vertex 39.1941 0 10.6272
      vertex 39.2103 0.143728 10.7728
      vertex 39.2103 0.143728 10.6272
    endloop
  endfacet
  facet normal -0.993708 0.112004 0
    outer loop
      vertex 39.2103 0.143728 10.7728
      vertex 39.1941 0 10.6272
      vertex 39.1941 0 10.7728
    endloop
  endfacet
  facet normal -0.70702 -0.707193 0
    outer loop
      vertex 39.4373 -0.504994 10.6272
      vertex 39.335 -0.402719 10.7728
      vertex 39.335 -0.402719 10.6272
    endloop
  endfacet
  facet normal -0.70702 -0.707193 0
    outer loop
      vertex 39.335 -0.402719 10.7728
      vertex 39.4373 -0.504994 10.6272
      vertex 39.4373 -0.504994 10.7728
    endloop
  endfacet
  facet normal -0.118942 -0.189741 0.974603
    outer loop
      vertex 39.7946 -0.0568991 11.3459
      vertex 39.7061 -0.167844 11.3135
      vertex 39.7469 -0.19342 11.3135
    endloop
  endfacet
  facet normal -0.073864 0.211717 0.974536
    outer loop
      vertex 39.8 0.108838 11.3359
      vertex 39.7469 0.19342 11.3135
      vertex 39.8 0.0830611 11.3415
    endloop
  endfacet
  facet normal -0.368763 -0.231922 0.900126
    outer loop
      vertex 39.6466 -0.0931463 11.3135
      vertex 39.5696 -0.215615 11.2504
      vertex 39.6722 -0.133851 11.3135
    endloop
  endfacet
  facet normal -0.073864 -0.211717 0.974536
    outer loop
      vertex 39.8 -0.0830611 11.3415
      vertex 39.7469 -0.19342 11.3135
      vertex 39.8 -0.108838 11.3359
    endloop
  endfacet
  facet normal -0.32204 -0.920499 0.221296
    outer loop
      vertex 39.5738 -0.552766 10.9147
      vertex 39.5597 -0.581947 10.7728
      vertex 39.7035 -0.598142 10.9147
    endloop
  endfacet
  facet normal -0.321934 -0.920563 0.221181
    outer loop
      vertex 39.7035 -0.598142 10.9147
      vertex 39.5597 -0.581947 10.7728
      vertex 39.6963 -0.629718 10.7728
    endloop
  endfacet
  facet normal -0.0483921 -0.430889 0.901107
    outer loop
      vertex 39.8 -0.210174 11.3135
      vertex 39.7922 -0.209298 11.3135
      vertex 39.8 -0.231505 11.3033
    endloop
  endfacet
  facet normal -0.20701 -0.590833 0.779784
    outer loop
      vertex 39.69 -0.311573 11.2504
      vertex 39.6406 -0.414103 11.1596
      vertex 39.763 -0.33715 11.2504
    endloop
  endfacet
  facet normal -0.144157 -0.41128 0.900037
    outer loop
      vertex 39.7922 -0.209298 11.3135
      vertex 39.7469 -0.19342 11.3135
      vertex 39.763 -0.33715 11.2504
    endloop
  endfacet
  facet normal -0.442456 -0.442795 -0.779849
    outer loop
      vertex 39.5534 -0.359344 10.2404
      vertex 39.5696 -0.215615 10.1496
      vertex 39.6244 -0.270373 10.1496
    endloop
  endfacet
  facet normal -0.443051 -0.442589 -0.779629
    outer loop
      vertex 39.5696 -0.215615 10.1496
      vertex 39.5534 -0.359344 10.2404
      vertex 39.4807 -0.286568 10.2404
    endloop
  endfacet
  facet normal -0.189624 0.119258 -0.974587
    outer loop
      vertex 39.7744 0.0315762 10.0541
      vertex 39.6466 0.0931463 10.0865
      vertex 39.6722 0.133851 10.0865
    endloop
  endfacet
  facet normal -0.073864 0.211717 -0.974536
    outer loop
      vertex 39.8 0.0830611 10.0585
      vertex 39.7469 0.19342 10.0865
      vertex 39.8 0.108838 10.0641
    endloop
  endfacet
  facet normal -0.158566 0.158133 -0.974603
    outer loop
      vertex 39.7946 0.0568991 10.0541
      vertex 39.6722 0.133851 10.0865
      vertex 39.7061 0.167844 10.0865
    endloop
  endfacet
  facet normal -0.158527 0.158194 -0.974599
    outer loop
      vertex 39.7831 0.0453749 10.0541
      vertex 39.6722 0.133851 10.0865
      vertex 39.7946 0.0568991 10.0541
    endloop
  endfacet
  facet normal -0.222667 0.0247495 -0.97458
    outer loop
      vertex 39.7672 0 10.0541
      vertex 39.6307 0.0477705 10.0865
      vertex 39.769 0.0161943 10.0541
    endloop
  endfacet
  facet normal -0.231544 -0.36937 -0.899974
    outer loop
      vertex 39.7469 -0.19342 10.0865
      vertex 39.6244 -0.270373 10.1496
      vertex 39.7061 -0.167844 10.0865
    endloop
  endfacet
  facet normal -0.308712 -0.307867 -0.899953
    outer loop
      vertex 39.7061 -0.167844 10.0865
      vertex 39.6244 -0.270373 10.1496
      vertex 39.6722 -0.133851 10.0865
    endloop
  endfacet
  facet normal -0.591087 -0.206874 -0.779628
    outer loop
      vertex 39.4259 -0.199421 10.2404
      vertex 39.3919 -0.102275 10.2404
      vertex 39.5028 -0.076952 10.1496
    endloop
  endfacet
  facet normal -0.73967 -0.258792 -0.621221
    outer loop
      vertex 39.3441 -0.238796 10.3542
      vertex 39.3034 -0.122469 10.3542
      vertex 39.4259 -0.199421 10.2404
    endloop
  endfacet
  facet normal -0.30796 0.308197 -0.900097
    outer loop
      vertex 39.6722 0.133851 10.0865
      vertex 39.5696 0.215615 10.1496
      vertex 39.6244 0.270373 10.1496
    endloop
  endfacet
  facet normal -0.73968 0.258879 -0.621173
    outer loop
      vertex 39.3919 0.102275 10.2404
      vertex 39.3034 0.122469 10.3542
      vertex 39.4259 0.199421 10.2404
    endloop
  endfacet
  facet normal -0.778768 0.0875661 -0.621171
    outer loop
      vertex 39.3804 0 10.2404
      vertex 39.3034 0.122469 10.3542
      vertex 39.3919 0.102275 10.2404
    endloop
  endfacet
  facet normal -0.0531549 0.432159 -0.90023
    outer loop
      vertex 39.763 0.33715 10.1496
      vertex 39.8 0.231505 10.0967
      vertex 39.7922 0.209298 10.0865
    endloop
  endfacet
  facet normal -0.0487741 0.433495 -0.899835
    outer loop
      vertex 39.8 0.231505 10.0967
      vertex 39.763 0.33715 10.1496
      vertex 39.8 0.341313 10.1496
    endloop
  endfacet
  facet normal -0.0483921 0.430889 -0.901107
    outer loop
      vertex 39.8 0.210174 10.0865
      vertex 39.7922 0.209298 10.0865
      vertex 39.8 0.231505 10.0967
    endloop
  endfacet
  facet normal -0.211376 -0.0742062 -0.974584
    outer loop
      vertex 39.7744 -0.0315762 10.0541
      vertex 39.6307 -0.0477705 10.0865
      vertex 39.769 -0.0161943 10.0541
    endloop
  endfacet
  facet normal -0.231544 0.36937 0.899974
    outer loop
      vertex 39.7469 0.19342 11.3135
      vertex 39.6244 0.270373 11.2504
      vertex 39.7061 0.167844 11.3135
    endloop
  endfacet
  facet normal -0.118942 0.189741 0.974603
    outer loop
      vertex 39.7469 0.19342 11.3135
      vertex 39.7061 0.167844 11.3135
      vertex 39.7946 0.0568991 11.3459
    endloop
  endfacet
  facet normal -0.0877243 0.778855 0.621039
    outer loop
      vertex 39.8 0.51037 11.0903
      vertex 39.7377 0.448095 11.1596
      vertex 39.8 0.455112 11.1596
    endloop
  endfacet
  facet normal -0.144099 0.411278 0.900048
    outer loop
      vertex 39.763 0.33715 11.2504
      vertex 39.69 0.311573 11.2504
      vertex 39.7469 0.19342 11.3135
    endloop
  endfacet
  facet normal -0.20701 0.590833 0.779784
    outer loop
      vertex 39.763 0.33715 11.2504
      vertex 39.6406 0.414103 11.1596
      vertex 39.69 0.311573 11.2504
    endloop
  endfacet
  facet normal -0.637722 0.63807 0.431481
    outer loop
      vertex 39.3603 0.382525 10.9147
      vertex 39.4968 0.430297 11.0458
      vertex 39.4575 0.479672 10.9147
    endloop
  endfacet
  facet normal -0.637935 0.637591 0.431877
    outer loop
      vertex 39.4968 0.430297 11.0458
      vertex 39.3603 0.382525 10.9147
      vertex 39.4097 0.34315 11.0458
    endloop
  endfacet
  facet normal -0.663452 0.417066 0.621198
    outer loop
      vertex 39.4097 0.34315 11.0458
      vertex 39.3441 0.238796 11.0458
      vertex 39.4259 0.199421 11.1596
    endloop
  endfacet
  facet normal -0.41119 -0.144084 0.900091
    outer loop
      vertex 39.6307 -0.0477705 11.3135
      vertex 39.5028 -0.076952 11.2504
      vertex 39.6466 -0.0931463 11.3135
    endloop
  endfacet
  facet normal -0.411187 -0.144014 0.900103
    outer loop
      vertex 39.6466 -0.0931463 11.3135
      vertex 39.5028 -0.076952 11.2504
      vertex 39.5284 -0.150045 11.2504
    endloop
  endfacet
  facet normal -0.0745349 -0.211306 0.974574
    outer loop
      vertex 39.7469 -0.19342 11.3135
      vertex 39.8 -0.175253 11.3215
      vertex 39.8 -0.108838 11.3359
    endloop
  endfacet
  facet normal -0.074293 -0.211958 0.974451
    outer loop
      vertex 39.8 -0.175253 11.3215
      vertex 39.7469 -0.19342 11.3135
      vertex 39.7922 -0.209298 11.3135
    endloop
  endfacet
  facet normal -0.0877243 -0.778855 0.621039
    outer loop
      vertex 39.8 -0.455112 11.1596
      vertex 39.7377 -0.448095 11.1596
      vertex 39.8 -0.51037 11.0903
    endloop
  endfacet
  facet normal -0.101011 -0.89633 0.431728
    outer loop
      vertex 39.8 -0.564367 11.0074
      vertex 39.7035 -0.598142 10.9147
      vertex 39.8 -0.609017 10.9147
    endloop
  endfacet
  facet normal -0.411187 -0.144014 -0.900103
    outer loop
      vertex 39.5284 -0.150045 10.1496
      vertex 39.5028 -0.076952 10.1496
      vertex 39.6466 -0.0931463 10.0865
    endloop
  endfacet
  facet normal -0.36892 -0.231806 -0.900091
    outer loop
      vertex 39.5696 -0.215615 10.1496
      vertex 39.5284 -0.150045 10.1496
      vertex 39.6466 -0.0931463 10.0865
    endloop
  endfacet
  facet normal -0.211376 0.0742062 -0.974584
    outer loop
      vertex 39.769 0.0161943 10.0541
      vertex 39.6307 0.0477705 10.0865
      vertex 39.7744 0.0315762 10.0541
    endloop
  endfacet
  facet normal -0.22253 -0.025155 -0.974601
    outer loop
      vertex 39.6307 -0.0477705 10.0865
      vertex 39.6253 0 10.0865
      vertex 39.7672 0 10.0541
    endloop
  endfacet
  facet normal -0.22253 0.025155 -0.974601
    outer loop
      vertex 39.7672 0 10.0541
      vertex 39.6253 0 10.0865
      vertex 39.6307 0.0477705 10.0865
    endloop
  endfacet
  facet normal -0.896496 -0.101019 -0.431381
    outer loop
      vertex 39.3034 -0.122469 10.3542
      vertex 39.2419 -0.136521 10.4853
      vertex 39.2896 0 10.3542
    endloop
  endfacet
  facet normal -0.778658 -0.0877404 -0.621284
    outer loop
      vertex 39.3034 -0.122469 10.3542
      vertex 39.2896 0 10.3542
      vertex 39.3804 0 10.2404
    endloop
  endfacet
  facet normal -0.62218 0.0695336 -0.77978
    outer loop
      vertex 39.4942 0 10.1496
      vertex 39.3804 0 10.2404
      vertex 39.5028 0.076952 10.1496
    endloop
  endfacet
  facet normal -0.433019 0.0483933 -0.900085
    outer loop
      vertex 39.6307 0.0477705 10.0865
      vertex 39.4942 0 10.1496
      vertex 39.5028 0.076952 10.1496
    endloop
  endfacet
  facet normal -0.189443 -0.119443 0.9746
    outer loop
      vertex 39.7744 -0.0315762 11.3459
      vertex 39.6722 -0.133851 11.3135
      vertex 39.7831 -0.0453749 11.3459
    endloop
  endfacet
  facet normal -0.332962 0.530154 0.779791
    outer loop
      vertex 39.6406 0.414103 11.1596
      vertex 39.6244 0.270373 11.2504
      vertex 39.69 0.311573 11.2504
    endloop
  endfacet
  facet normal -0.231782 0.36905 0.900044
    outer loop
      vertex 39.69 0.311573 11.2504
      vertex 39.6244 0.270373 11.2504
      vertex 39.7469 0.19342 11.3135
    endloop
  endfacet
  facet normal -0.554465 0.553885 0.621112
    outer loop
      vertex 39.4968 0.430297 11.0458
      vertex 39.4807 0.286568 11.1596
      vertex 39.5534 0.359344 11.1596
    endloop
  endfacet
  facet normal -0.554257 0.553958 0.621233
    outer loop
      vertex 39.4807 0.286568 11.1596
      vertex 39.4968 0.430297 11.0458
      vertex 39.4097 0.34315 11.0458
    endloop
  endfacet
  facet normal -0.158527 -0.158194 -0.974599
    outer loop
      vertex 39.7946 -0.0568991 10.0541
      vertex 39.6722 -0.133851 10.0865
      vertex 39.7831 -0.0453749 10.0541
    endloop
  endfacet
  facet normal -0.189443 0.119443 -0.9746
    outer loop
      vertex 39.7744 0.0315762 10.0541
      vertex 39.6722 0.133851 10.0865
      vertex 39.7831 0.0453749 10.0541
    endloop
  endfacet
  facet normal -0.73968 -0.258879 -0.621173
    outer loop
      vertex 39.4259 -0.199421 10.2404
      vertex 39.3034 -0.122469 10.3542
      vertex 39.3919 -0.102275 10.2404
    endloop
  endfacet
  facet normal -0.778768 -0.0875661 -0.621171
    outer loop
      vertex 39.3919 -0.102275 10.2404
      vertex 39.3034 -0.122469 10.3542
      vertex 39.3804 0 10.2404
    endloop
  endfacet
  facet normal 0 0 -1
    outer loop
      vertex 39.7831 -0.0453749 10.0541
      vertex 39.8 -0.0602762 10.0541
      vertex 39.7946 -0.0568991 10.0541
    endloop
  endfacet
  facet normal 0 0 -1
    outer loop
      vertex 39.7744 -0.0315762 10.0541
      vertex 39.8 -0.0602762 10.0541
      vertex 39.7831 -0.0453749 10.0541
    endloop
  endfacet
  facet normal 0 0 -1
    outer loop
      vertex 39.8 -0.0602762 10.0541
      vertex 39.7744 -0.0315762 10.0541
      vertex 39.8 0.0602762 10.0541
    endloop
  endfacet
  facet normal 0 0 -1
    outer loop
      vertex 39.8 0.0602762 10.0541
      vertex 39.7831 0.0453749 10.0541
      vertex 39.7946 0.0568991 10.0541
    endloop
  endfacet
  facet normal 0 0 -1
    outer loop
      vertex 39.7744 0.0315762 10.0541
      vertex 39.8 0.0602762 10.0541
      vertex 39.7744 -0.0315762 10.0541
    endloop
  endfacet
  facet normal 0 0 -1
    outer loop
      vertex 39.8 0.0602762 10.0541
      vertex 39.7744 0.0315762 10.0541
      vertex 39.7831 0.0453749 10.0541
    endloop
  endfacet
  facet normal 0 0 -1
    outer loop
      vertex 39.769 -0.0161943 10.0541
      vertex 39.7744 0.0315762 10.0541
      vertex 39.7744 -0.0315762 10.0541
    endloop
  endfacet
  facet normal 0 0 -1
    outer loop
      vertex 39.769 -0.0161943 10.0541
      vertex 39.769 0.0161943 10.0541
      vertex 39.7744 0.0315762 10.0541
    endloop
  endfacet
  facet normal 0 -0 -1
    outer loop
      vertex 39.769 0.0161943 10.0541
      vertex 39.769 -0.0161943 10.0541
      vertex 39.7672 0 10.0541
    endloop
  endfacet
  facet normal 1 0 0
    outer loop
      vertex 71.2 0.641405 10.6272
      vertex 71.2 3.6 11.8
      vertex 71.2 0.641405 10.7728
    endloop
  endfacet
  facet normal 1 0 0
    outer loop
      vertex 71.2 3.6 11.8
      vertex 71.2 0.631916 10.8144
      vertex 71.2 0.641405 10.7728
    endloop
  endfacet
  facet normal 1 0 0
    outer loop
      vertex 71.2 3.6 11.8
      vertex 71.2 0.609017 10.9147
      vertex 71.2 0.631916 10.8144
    endloop
  endfacet
  facet normal 1 0 0
    outer loop
      vertex 71.2 3.6 11.8
      vertex 71.2 0.564367 11.0074
      vertex 71.2 0.609017 10.9147
    endloop
  endfacet
  facet normal 1 0 0
    outer loop
      vertex 71.2 3.6 11.8
      vertex 71.2 0.545863 11.0458
      vertex 71.2 0.564367 11.0074
    endloop
  endfacet
  facet normal 1 0 0
    outer loop
      vertex 71.2 3.6 11.8
      vertex 71.2 0.51037 11.0903
      vertex 71.2 0.545863 11.0458
    endloop
  endfacet
  facet normal 1 0 0
    outer loop
      vertex 71.2 3.6 11.8
      vertex 71.2 0.455112 11.1596
      vertex 71.2 0.51037 11.0903
    endloop
  endfacet
  facet normal 1 0 0
    outer loop
      vertex 71.2 3.6 11.8
      vertex 71.2 0.38582 11.2149
      vertex 71.2 0.455112 11.1596
    endloop
  endfacet
  facet normal 1 0 0
    outer loop
      vertex 71.2 3.6 11.8
      vertex 71.2 0.341313 11.2504
      vertex 71.2 0.38582 11.2149
    endloop
  endfacet
  facet normal 1 0 0
    outer loop
      vertex 71.2 3.6 11.8
      vertex 71.2 0.231505 11.3033
      vertex 71.2 0.341313 11.2504
    endloop
  endfacet
  facet normal 1 0 0
    outer loop
      vertex 71.2 3.6 11.8
      vertex 71.2 0.210174 11.3135
      vertex 71.2 0.231505 11.3033
    endloop
  endfacet
  facet normal 1 0 0
    outer loop
      vertex 71.2 3.6 11.8
      vertex 71.2 0.187091 11.3188
      vertex 71.2 0.210174 11.3135
    endloop
  endfacet
  facet normal 1 0 0
    outer loop
      vertex 71.2 3.6 11.8
      vertex 71.2 0.175253 11.3215
      vertex 71.2 0.187091 11.3188
    endloop
  endfacet
  facet normal 1 0 0
    outer loop
      vertex 71.2 3.6 11.8
      vertex 71.2 0.108838 11.3359
      vertex 71.2 0.175253 11.3215
    endloop
  endfacet
  facet normal 1 0 0
    outer loop
      vertex 71.2 3.6 11.8
      vertex 71.2 0.0830611 11.3415
      vertex 71.2 0.108838 11.3359
    endloop
  endfacet
  facet normal 1 0 0
    outer loop
      vertex 71.2 3.6 11.8
      vertex 71.2 0.0602762 11.3459
      vertex 71.2 0.0830611 11.3415
    endloop
  endfacet
  facet normal 1 0 0
    outer loop
      vertex 71.2 3.6 11.8
      vertex 71.2 -0.0602762 11.3459
      vertex 71.2 0.0602762 11.3459
    endloop
  endfacet
  facet normal 1 0 0
    outer loop
      vertex 71.2 -0.0830611 11.3415
      vertex 71.2 -0.175253 11.3215
      vertex 71.2 -0.108838 11.3359
    endloop
  endfacet
  facet normal 1 0 0
    outer loop
      vertex 71.2 -4.4 11.8
      vertex 71.2 -0.231505 11.3033
      vertex 71.2 -0.210174 11.3135
    endloop
  endfacet
  facet normal 1 0 0
    outer loop
      vertex 71.2 -4.4 11.8
      vertex 71.2 -0.51037 11.0903
      vertex 71.2 -0.455112 11.1596
    endloop
  endfacet
  facet normal 1 0 0
    outer loop
      vertex 71.2 -4.4 11.8
      vertex 71.2 -0.564367 11.0074
      vertex 71.2 -0.545863 11.0458
    endloop
  endfacet
  facet normal 1 0 0
    outer loop
      vertex 71.2 -0.641405 10.7728
      vertex 71.2 -4.4 11.8
      vertex 71.2 -0.641405 10.6272
    endloop
  endfacet
  facet normal 1 0 0
    outer loop
      vertex 71.2 -0.631916 10.8144
      vertex 71.2 -4.4 11.8
      vertex 71.2 -0.641405 10.7728
    endloop
  endfacet
  facet normal 1 0 0
    outer loop
      vertex 71.2 -0.609017 10.9147
      vertex 71.2 -4.4 11.8
      vertex 71.2 -0.631916 10.8144
    endloop
  endfacet
  facet normal 1 0 0
    outer loop
      vertex 71.2 -0.564367 11.0074
      vertex 71.2 -4.4 11.8
      vertex 71.2 -0.609017 10.9147
    endloop
  endfacet
  facet normal 1 0 0
    outer loop
      vertex 71.2 -0.51037 11.0903
      vertex 71.2 -4.4 11.8
      vertex 71.2 -0.545863 11.0458
    endloop
  endfacet
  facet normal 1 0 0
    outer loop
      vertex 71.2 -0.38582 11.2149
      vertex 71.2 -4.4 11.8
      vertex 71.2 -0.455112 11.1596
    endloop
  endfacet
  facet normal 1 0 0
    outer loop
      vertex 71.2 -0.341313 11.2504
      vertex 71.2 -4.4 11.8
      vertex 71.2 -0.38582 11.2149
    endloop
  endfacet
  facet normal 1 0 0
    outer loop
      vertex 71.2 -0.231505 11.3033
      vertex 71.2 -4.4 11.8
      vertex 71.2 -0.341313 11.2504
    endloop
  endfacet
  facet normal 1 0 0
    outer loop
      vertex 71.2 -0.187091 11.3188
      vertex 71.2 -4.4 11.8
      vertex 71.2 -0.210174 11.3135
    endloop
  endfacet
  facet normal 1 0 0
    outer loop
      vertex 71.2 -0.175253 11.3215
      vertex 71.2 -4.4 11.8
      vertex 71.2 -0.187091 11.3188
    endloop
  endfacet
  facet normal 1 0 0
    outer loop
      vertex 71.2 -0.0830611 11.3415
      vertex 71.2 -4.4 11.8
      vertex 71.2 -0.175253 11.3215
    endloop
  endfacet
  facet normal 1 0 0
    outer loop
      vertex 71.2 -0.0602762 11.3459
      vertex 71.2 -4.4 11.8
      vertex 71.2 -0.0830611 11.3415
    endloop
  endfacet
  facet normal 1 -0 0
    outer loop
      vertex 71.2 -4.4 11.8
      vertex 71.2 -0.0602762 11.3459
      vertex 71.2 3.6 11.8
    endloop
  endfacet
  facet normal 1 0 0
    outer loop
      vertex 71.2 3.6 11.8
      vertex 71.2 0.641405 10.6272
      vertex 71.2 3.6 9.2
    endloop
  endfacet
  facet normal 1 -0 0
    outer loop
      vertex 71.2 0.631916 10.5856
      vertex 71.2 3.6 9.2
      vertex 71.2 0.641405 10.6272
    endloop
  endfacet
  facet normal 1 -0 0
    outer loop
      vertex 71.2 0.609017 10.4853
      vertex 71.2 3.6 9.2
      vertex 71.2 0.631916 10.5856
    endloop
  endfacet
  facet normal 1 -0 0
    outer loop
      vertex 71.2 0.564367 10.3926
      vertex 71.2 3.6 9.2
      vertex 71.2 0.609017 10.4853
    endloop
  endfacet
  facet normal 1 -0 0
    outer loop
      vertex 71.2 0.545863 10.3542
      vertex 71.2 3.6 9.2
      vertex 71.2 0.564367 10.3926
    endloop
  endfacet
  facet normal 1 -0 0
    outer loop
      vertex 71.2 0.51037 10.3097
      vertex 71.2 3.6 9.2
      vertex 71.2 0.545863 10.3542
    endloop
  endfacet
  facet normal 1 -0 0
    outer loop
      vertex 71.2 0.455112 10.2404
      vertex 71.2 3.6 9.2
      vertex 71.2 0.51037 10.3097
    endloop
  endfacet
  facet normal 1 -0 0
    outer loop
      vertex 71.2 0.38582 10.1851
      vertex 71.2 3.6 9.2
      vertex 71.2 0.455112 10.2404
    endloop
  endfacet
  facet normal 1 -0 0
    outer loop
      vertex 71.2 0.341313 10.1496
      vertex 71.2 3.6 9.2
      vertex 71.2 0.38582 10.1851
    endloop
  endfacet
  facet normal 1 -0 0
    outer loop
      vertex 71.2 0.231505 10.0967
      vertex 71.2 3.6 9.2
      vertex 71.2 0.341313 10.1496
    endloop
  endfacet
  facet normal 1 -0 0
    outer loop
      vertex 71.2 0.210174 10.0865
      vertex 71.2 3.6 9.2
      vertex 71.2 0.231505 10.0967
    endloop
  endfacet
  facet normal 1 -0 0
    outer loop
      vertex 71.2 0.187091 10.0812
      vertex 71.2 3.6 9.2
      vertex 71.2 0.210174 10.0865
    endloop
  endfacet
  facet normal 1 -0 0
    outer loop
      vertex 71.2 0.175253 10.0785
      vertex 71.2 3.6 9.2
      vertex 71.2 0.187091 10.0812
    endloop
  endfacet
  facet normal 1 -0 0
    outer loop
      vertex 71.2 0.108838 10.0641
      vertex 71.2 3.6 9.2
      vertex 71.2 0.175253 10.0785
    endloop
  endfacet
  facet normal 1 -0 0
    outer loop
      vertex 71.2 0.0830611 10.0585
      vertex 71.2 3.6 9.2
      vertex 71.2 0.108838 10.0641
    endloop
  endfacet
  facet normal 1 -0 0
    outer loop
      vertex 71.2 0.0602762 10.0541
      vertex 71.2 3.6 9.2
      vertex 71.2 0.0830611 10.0585
    endloop
  endfacet
  facet normal 1 -0 0
    outer loop
      vertex 71.2 -0.0602762 10.0541
      vertex 71.2 3.6 9.2
      vertex 71.2 0.0602762 10.0541
    endloop
  endfacet
  facet normal 1 0 0
    outer loop
      vertex 71.2 -4.4 9.2
      vertex 71.2 -0.0602762 10.0541
      vertex 71.2 -0.0830611 10.0585
    endloop
  endfacet
  facet normal 1 0 0
    outer loop
      vertex 71.2 -4.4 9.2
      vertex 71.2 -0.0830611 10.0585
      vertex 71.2 -0.108838 10.0641
    endloop
  endfacet
  facet normal 1 0 0
    outer loop
      vertex 71.2 -4.4 9.2
      vertex 71.2 -0.108838 10.0641
      vertex 71.2 -0.175253 10.0785
    endloop
  endfacet
  facet normal 1 0 0
    outer loop
      vertex 71.2 -4.4 9.2
      vertex 71.2 -0.175253 10.0785
      vertex 71.2 -0.187091 10.0812
    endloop
  endfacet
  facet normal 1 0 0
    outer loop
      vertex 71.2 -4.4 9.2
      vertex 71.2 -0.187091 10.0812
      vertex 71.2 -0.210174 10.0865
    endloop
  endfacet
  facet normal 1 0 0
    outer loop
      vertex 71.2 -4.4 9.2
      vertex 71.2 -0.231505 10.0967
      vertex 71.2 -0.341313 10.1496
    endloop
  endfacet
  facet normal 1 0 0
    outer loop
      vertex 71.2 -4.4 9.2
      vertex 71.2 -0.564367 10.3926
      vertex 71.2 -0.609017 10.4853
    endloop
  endfacet
  facet normal 1 0 0
    outer loop
      vertex 71.2 -4.4 9.2
      vertex 71.2 -0.641405 10.6272
      vertex 71.2 -4.4 11.8
    endloop
  endfacet
  facet normal 1 0 0
    outer loop
      vertex 71.2 -0.641405 10.6272
      vertex 71.2 -4.4 9.2
      vertex 71.2 -0.631916 10.5856
    endloop
  endfacet
  facet normal 1 0 0
    outer loop
      vertex 71.2 -0.631916 10.5856
      vertex 71.2 -4.4 9.2
      vertex 71.2 -0.609017 10.4853
    endloop
  endfacet
  facet normal 1 0 0
    outer loop
      vertex 71.2 -0.564367 10.3926
      vertex 71.2 -4.4 9.2
      vertex 71.2 -0.545863 10.3542
    endloop
  endfacet
  facet normal 1 0 0
    outer loop
      vertex 71.2 -0.545863 10.3542
      vertex 71.2 -4.4 9.2
      vertex 71.2 -0.51037 10.3097
    endloop
  endfacet
  facet normal 1 0 0
    outer loop
      vertex 71.2 -0.51037 10.3097
      vertex 71.2 -4.4 9.2
      vertex 71.2 -0.455112 10.2404
    endloop
  endfacet
  facet normal 1 0 0
    outer loop
      vertex 71.2 -0.455112 10.2404
      vertex 71.2 -4.4 9.2
      vertex 71.2 -0.38582 10.1851
    endloop
  endfacet
  facet normal 1 0 0
    outer loop
      vertex 71.2 -0.38582 10.1851
      vertex 71.2 -4.4 9.2
      vertex 71.2 -0.341313 10.1496
    endloop
  endfacet
  facet normal 1 0 0
    outer loop
      vertex 71.2 -0.0602762 10.0541
      vertex 71.2 -4.4 9.2
      vertex 71.2 3.6 9.2
    endloop
  endfacet
  facet normal 1 0 0
    outer loop
      vertex 71.2 -0.231505 10.0967
      vertex 71.2 -4.4 9.2
      vertex 71.2 -0.210174 10.0865
    endloop
  endfacet
  facet normal 0 0 1
    outer loop
      vertex 71.2 3.6 11.8
      vertex 71.1937 -4 11.8
      vertex 71.2 -4.4 11.8
    endloop
  endfacet
  facet normal -0 0 1
    outer loop
      vertex 70.35 3.6 11.8
      vertex 71.1937 -4 11.8
      vertex 71.2 3.6 11.8
    endloop
  endfacet
  facet normal 0 0 1
    outer loop
      vertex 71.1937 -4 11.8
      vertex 70.35 3.6 11.8
      vertex 70.35 -4 11.8
    endloop
  endfacet
  facet normal 0 0 1
    outer loop
      vertex 71.2 -4.4 11.8
      vertex 71.1937 -4 11.8
      vertex 71.1937 -4.4 11.8
    endloop
  endfacet
  facet normal 0 0 -1
    outer loop
      vertex 71.1937 -4 9.2
      vertex 71.2 -4.4 9.2
      vertex 71.1937 -4.4 9.2
    endloop
  endfacet
  facet normal 0 0 -1
    outer loop
      vertex 71.2 -4.4 9.2
      vertex 71.1937 -4 9.2
      vertex 71.2 3.6 9.2
    endloop
  endfacet
  facet normal 0 0 -1
    outer loop
      vertex 70.35 -4 9.2
      vertex 71.2 3.6 9.2
      vertex 71.1937 -4 9.2
    endloop
  endfacet
  facet normal -0 0 -1
    outer loop
      vertex 71.2 3.6 9.2
      vertex 70.35 -4 9.2
      vertex 70.35 3.6 9.2
    endloop
  endfacet
  facet normal 0 1 -0
    outer loop
      vertex 71.2 3.6 9.2
      vertex 70.35 3.6 11.8
      vertex 71.2 3.6 11.8
    endloop
  endfacet
  facet normal 0 1 0
    outer loop
      vertex 70.35 3.6 11.8
      vertex 71.2 3.6 9.2
      vertex 70.35 3.6 9.2
    endloop
  endfacet
  facet normal 0 -1 0
    outer loop
      vertex 71.1937 -4.4 9.2
      vertex 71.2 -4.4 11.8
      vertex 71.1937 -4.4 11.8
    endloop
  endfacet
  facet normal 0 -1 -0
    outer loop
      vertex 71.2 -4.4 11.8
      vertex 71.1937 -4.4 9.2
      vertex 71.2 -4.4 9.2
    endloop
  endfacet
  facet normal 0.30796 -0.308197 0.900097
    outer loop
      vertex 71.4304 -0.215615 11.2504
      vertex 71.3278 -0.133851 11.3135
      vertex 71.3756 -0.270373 11.2504
    endloop
  endfacet
  facet normal 0.10921 0.969084 0.221247
    outer loop
      vertex 71.2 0.631916 10.8144
      vertex 71.2 0.609017 10.9147
      vertex 71.2965 0.598142 10.9147
    endloop
  endfacet
  facet normal 0.763663 0.479887 0.431888
    outer loop
      vertex 71.6397 0.382525 10.9147
      vertex 71.5903 0.34315 11.0458
      vertex 71.7128 0.266198 10.9147
    endloop
  endfacet
  facet normal 0.322145 0.920491 -0.221176
    outer loop
      vertex 71.4402 0.581947 10.6272
      vertex 71.2965 0.598142 10.4853
      vertex 71.3037 0.629718 10.6272
    endloop
  endfacet
  facet normal 0.73968 0.258879 -0.621173
    outer loop
      vertex 71.6081 0.102275 10.2404
      vertex 71.5741 0.199421 10.2404
      vertex 71.6966 0.122469 10.3542
    endloop
  endfacet
  facet normal 0.622004 -0.0699393 0.779884
    outer loop
      vertex 71.6196 0 11.1596
      vertex 71.4971 -0.076952 11.2504
      vertex 71.6081 -0.102275 11.1596
    endloop
  endfacet
  facet normal 0.778768 0.0875661 0.621171
    outer loop
      vertex 71.6966 0.122469 11.0458
      vertex 71.6081 0.102275 11.1596
      vertex 71.6196 0 11.1596
    endloop
  endfacet
  facet normal 0.368763 -0.231922 0.900126
    outer loop
      vertex 71.3534 -0.0931463 11.3135
      vertex 71.3278 -0.133851 11.3135
      vertex 71.4304 -0.215615 11.2504
    endloop
  endfacet
  facet normal 0.433173 -0.0489735 0.899979
    outer loop
      vertex 71.5058 0 11.2504
      vertex 71.3693 -0.0477705 11.3135
      vertex 71.4971 -0.076952 11.2504
    endloop
  endfacet
  facet normal 0.969067 0.109314 -0.221267
    outer loop
      vertex 71.7735 0 10.4853
      vertex 71.7581 0.136521 10.4853
      vertex 71.8059 0 10.6272
    endloop
  endfacet
  facet normal 0.778658 0.0877404 -0.621284
    outer loop
      vertex 71.7104 0 10.3542
      vertex 71.6196 0 10.2404
      vertex 71.6966 0.122469 10.3542
    endloop
  endfacet
  facet normal 0.211393 -0.0740735 0.97459
    outer loop
      vertex 71.3693 -0.0477705 11.3135
      vertex 71.2256 -0.0315762 11.3459
      vertex 71.3534 -0.0931463 11.3135
    endloop
  endfacet
  facet normal 0.144157 0.41128 0.900037
    outer loop
      vertex 71.237 0.33715 11.2504
      vertex 71.2078 0.209298 11.3135
      vertex 71.2531 0.19342 11.3135
    endloop
  endfacet
  facet normal 0.258957 -0.739725 0.621086
    outer loop
      vertex 71.3594 -0.414103 11.1596
      vertex 71.2623 -0.448095 11.1596
      vertex 71.2825 -0.536572 11.0458
    endloop
  endfacet
  facet normal 0.778768 -0.0875661 0.621171
    outer loop
      vertex 71.6196 0 11.1596
      vertex 71.6081 -0.102275 11.1596
      vertex 71.6966 -0.122469 11.0458
    endloop
  endfacet
  facet normal 0.663452 -0.417066 -0.621198
    outer loop
      vertex 71.5903 -0.34315 10.3542
      vertex 71.5741 -0.199421 10.2404
      vertex 71.6559 -0.238796 10.3542
    endloop
  endfacet
  facet normal 0.969067 -0.109314 -0.221267
    outer loop
      vertex 71.8059 0 10.6272
      vertex 71.7581 -0.136521 10.4853
      vertex 71.7735 0 10.4853
    endloop
  endfacet
  facet normal 0.851376 -0.297876 -0.431775
    outer loop
      vertex 71.7128 -0.266198 10.4853
      vertex 71.6559 -0.238796 10.3542
      vertex 71.6966 -0.122469 10.3542
    endloop
  endfacet
  facet normal 0.518967 0.825729 0.221009
    outer loop
      vertex 71.4402 0.581947 10.7728
      vertex 71.4262 0.552766 10.9147
      vertex 71.5425 0.479672 10.9147
    endloop
  endfacet
  facet normal 0.73968 0.258879 0.621173
    outer loop
      vertex 71.6966 0.122469 11.0458
      vertex 71.5741 0.199421 11.1596
      vertex 71.6081 0.102275 11.1596
    endloop
  endfacet
  facet normal 0.22253 0.025155 0.974601
    outer loop
      vertex 71.3693 0.0477705 11.3135
      vertex 71.2328 0 11.3459
      vertex 71.3747 0 11.3135
    endloop
  endfacet
  facet normal 0.332923 0.530158 0.779804
    outer loop
      vertex 71.4466 0.359344 11.1596
      vertex 71.3594 0.414103 11.1596
      vertex 71.3756 0.270373 11.2504
    endloop
  endfacet
  facet normal 0.637722 0.63807 0.431481
    outer loop
      vertex 71.5032 0.430297 11.0458
      vertex 71.6397 0.382525 10.9147
      vertex 71.5425 0.479672 10.9147
    endloop
  endfacet
  facet normal 0.637935 0.637591 0.431877
    outer loop
      vertex 71.6397 0.382525 10.9147
      vertex 71.5032 0.430297 11.0458
      vertex 71.5903 0.34315 11.0458
    endloop
  endfacet
  facet normal 0.92078 0.321656 -0.220683
    outer loop
      vertex 71.7581 0.136521 10.4853
      vertex 71.7128 0.266198 10.4853
      vertex 71.7419 0.280251 10.6272
    endloop
  endfacet
  facet normal 0.111991 0.993709 -0
    outer loop
      vertex 71.3037 0.629718 10.6272
      vertex 71.2 0.641405 10.7728
      vertex 71.3037 0.629718 10.7728
    endloop
  endfacet
  facet normal 0.111991 0.993709 0
    outer loop
      vertex 71.2 0.641405 10.7728
      vertex 71.3037 0.629718 10.6272
      vertex 71.2 0.641405 10.6272
    endloop
  endfacet
  facet normal 0.518967 -0.825729 0.221009
    outer loop
      vertex 71.5425 -0.479672 10.9147
      vertex 71.4262 -0.552766 10.9147
      vertex 71.4402 -0.581947 10.7728
    endloop
  endfacet
  facet normal 0.101011 -0.89633 -0.431728
    outer loop
      vertex 71.2965 -0.598142 10.4853
      vertex 71.2 -0.609017 10.4853
      vertex 71.2 -0.564367 10.3926
    endloop
  endfacet
  facet normal 0.66335 -0.41713 0.621264
    outer loop
      vertex 71.5741 -0.199421 11.1596
      vertex 71.5193 -0.286568 11.1596
      vertex 71.5903 -0.34315 11.0458
    endloop
  endfacet
  facet normal 0.763663 -0.479887 0.431888
    outer loop
      vertex 71.7128 -0.266198 10.9147
      vertex 71.5903 -0.34315 11.0458
      vertex 71.6397 -0.382525 10.9147
    endloop
  endfacet
  facet normal 0.851681 -0.297517 0.43142
    outer loop
      vertex 71.7581 -0.136521 10.9147
      vertex 71.6966 -0.122469 11.0458
      vertex 71.7128 -0.266198 10.9147
    endloop
  endfacet
  facet normal 0.443051 -0.442589 -0.779629
    outer loop
      vertex 71.4466 -0.359344 10.2404
      vertex 71.4304 -0.215615 10.1496
      vertex 71.5193 -0.286568 10.2404
    endloop
  endfacet
  facet normal 0.442456 -0.442795 -0.779849
    outer loop
      vertex 71.4304 -0.215615 10.1496
      vertex 71.4466 -0.359344 10.2404
      vertex 71.3756 -0.270373 10.1496
    endloop
  endfacet
  facet normal 0.0877039 -0.778772 0.621145
    outer loop
      vertex 71.2825 -0.536572 11.0458
      vertex 71.2 -0.51037 11.0903
      vertex 71.2 -0.545863 11.0458
    endloop
  endfacet
  facet normal 0.0876512 -0.778829 0.621081
    outer loop
      vertex 71.2 -0.51037 11.0903
      vertex 71.2825 -0.536572 11.0458
      vertex 71.2623 -0.448095 11.1596
    endloop
  endfacet
  facet normal 0.637935 -0.637591 0.431877
    outer loop
      vertex 71.5032 -0.430297 11.0458
      vertex 71.6397 -0.382525 10.9147
      vertex 71.5903 -0.34315 11.0458
    endloop
  endfacet
  facet normal 0.637722 -0.63807 0.431481
    outer loop
      vertex 71.6397 -0.382525 10.9147
      vertex 71.5032 -0.430297 11.0458
      vertex 71.5425 -0.479672 10.9147
    endloop
  endfacet
  facet normal 0.554257 -0.553958 -0.621233
    outer loop
      vertex 71.5032 -0.430297 10.3542
      vertex 71.5193 -0.286568 10.2404
      vertex 71.5903 -0.34315 10.3542
    endloop
  endfacet
  facet normal 0.554465 -0.553885 -0.621112
    outer loop
      vertex 71.5193 -0.286568 10.2404
      vertex 71.5032 -0.430297 10.3542
      vertex 71.4466 -0.359344 10.2404
    endloop
  endfacet
  facet normal 0.332923 -0.530158 -0.779804
    outer loop
      vertex 71.4466 -0.359344 10.2404
      vertex 71.3594 -0.414103 10.2404
      vertex 71.3756 -0.270373 10.1496
    endloop
  endfacet
  facet normal 0.689421 -0.689797 -0.221086
    outer loop
      vertex 71.665 -0.402719 10.6272
      vertex 71.5425 -0.479672 10.4853
      vertex 71.6397 -0.382525 10.4853
    endloop
  endfacet
  facet normal 0.689502 -0.689671 -0.221225
    outer loop
      vertex 71.5425 -0.479672 10.4853
      vertex 71.665 -0.402719 10.6272
      vertex 71.5627 -0.504994 10.6272
    endloop
  endfacet
  facet normal 0.30796 0.308197 -0.900097
    outer loop
      vertex 71.4304 0.215615 10.1496
      vertex 71.3278 0.133851 10.0865
      vertex 71.3756 0.270373 10.1496
    endloop
  endfacet
  facet normal 0.330326 0.943867 -0
    outer loop
      vertex 71.4402 0.581947 10.6272
      vertex 71.3037 0.629718 10.7728
      vertex 71.4402 0.581947 10.7728
    endloop
  endfacet
  facet normal 0.330326 0.943867 0
    outer loop
      vertex 71.3037 0.629718 10.7728
      vertex 71.4402 0.581947 10.6272
      vertex 71.3037 0.629718 10.6272
    endloop
  endfacet
  facet normal 0.920413 0.322259 -0.221336
    outer loop
      vertex 71.7581 0.136521 10.4853
      vertex 71.7419 0.280251 10.6272
      vertex 71.7897 0.143728 10.6272
    endloop
  endfacet
  facet normal 0.993708 0.112004 0
    outer loop
      vertex 71.8059 0 10.7728
      vertex 71.7897 0.143728 10.6272
      vertex 71.7897 0.143728 10.7728
    endloop
  endfacet
  facet normal 0.993708 0.112004 0
    outer loop
      vertex 71.7897 0.143728 10.6272
      vertex 71.8059 0 10.7728
      vertex 71.8059 0 10.6272
    endloop
  endfacet
  facet normal 0.211393 0.0740735 0.97459
    outer loop
      vertex 71.3534 0.0931463 11.3135
      vertex 71.2256 0.0315762 11.3459
      vertex 71.3693 0.0477705 11.3135
    endloop
  endfacet
  facet normal 0.479732 0.763825 0.431774
    outer loop
      vertex 71.4262 0.552766 10.9147
      vertex 71.3988 0.495867 11.0458
      vertex 71.5032 0.430297 11.0458
    endloop
  endfacet
  facet normal 0.825815 0.518943 0.220746
    outer loop
      vertex 71.7419 0.280251 10.7728
      vertex 71.6397 0.382525 10.9147
      vertex 71.7128 0.266198 10.9147
    endloop
  endfacet
  facet normal 0.851681 0.297517 0.43142
    outer loop
      vertex 71.7128 0.266198 10.9147
      vertex 71.6966 0.122469 11.0458
      vertex 71.7581 0.136521 10.9147
    endloop
  endfacet
  facet normal 0.100935 0.896262 0.431886
    outer loop
      vertex 71.2825 0.536572 11.0458
      vertex 71.2 0.564367 11.0074
      vertex 71.2 0.545863 11.0458
    endloop
  endfacet
  facet normal 0.101025 0.896323 0.431739
    outer loop
      vertex 71.2 0.564367 11.0074
      vertex 71.2825 0.536572 11.0458
      vertex 71.2965 0.598142 10.9147
    endloop
  endfacet
  facet normal 0.322056 0.920545 -0.22108
    outer loop
      vertex 71.4262 0.552766 10.4853
      vertex 71.2965 0.598142 10.4853
      vertex 71.4402 0.581947 10.6272
    endloop
  endfacet
  facet normal 0.109221 0.969125 -0.221058
    outer loop
      vertex 71.3037 0.629718 10.6272
      vertex 71.2 0.631916 10.5856
      vertex 71.2 0.641405 10.6272
    endloop
  endfacet
  facet normal 0.109272 0.96909 -0.221189
    outer loop
      vertex 71.2 0.631916 10.5856
      vertex 71.3037 0.629718 10.6272
      vertex 71.2965 0.598142 10.4853
    endloop
  endfacet
  facet normal 0.117753 -0.188288 0.975029
    outer loop
      vertex 71.2 -0.0830611 11.3415
      vertex 71.2054 -0.0568991 11.3459
      vertex 71.2 -0.0602762 11.3459
    endloop
  endfacet
  facet normal 0.121228 -0.188913 0.974482
    outer loop
      vertex 71.2054 -0.0568991 11.3459
      vertex 71.2 -0.0830611 11.3415
      vertex 71.2531 -0.19342 11.3135
    endloop
  endfacet
  facet normal 0.158566 0.158133 0.974603
    outer loop
      vertex 71.2939 0.167844 11.3135
      vertex 71.2054 0.0568991 11.3459
      vertex 71.3278 0.133851 11.3135
    endloop
  endfacet
  facet normal 0.258902 0.739719 0.621117
    outer loop
      vertex 71.3988 0.495867 11.0458
      vertex 71.2825 0.536572 11.0458
      vertex 71.3594 0.414103 11.1596
    endloop
  endfacet
  facet normal 0.258902 -0.739719 -0.621117
    outer loop
      vertex 71.3988 -0.495867 10.3542
      vertex 71.2825 -0.536572 10.3542
      vertex 71.3594 -0.414103 10.2404
    endloop
  endfacet
  facet normal 0.101011 -0.89633 0.431728
    outer loop
      vertex 71.2 -0.564367 11.0074
      vertex 71.2 -0.609017 10.9147
      vertex 71.2965 -0.598142 10.9147
    endloop
  endfacet
  facet normal 0.322145 -0.920491 0.221176
    outer loop
      vertex 71.4402 -0.581947 10.7728
      vertex 71.2965 -0.598142 10.9147
      vertex 71.3037 -0.629718 10.7728
    endloop
  endfacet
  facet normal 0.554257 -0.553958 0.621233
    outer loop
      vertex 71.5193 -0.286568 11.1596
      vertex 71.5032 -0.430297 11.0458
      vertex 71.5903 -0.34315 11.0458
    endloop
  endfacet
  facet normal 0.554465 -0.553885 0.621112
    outer loop
      vertex 71.5032 -0.430297 11.0458
      vertex 71.5193 -0.286568 11.1596
      vertex 71.4466 -0.359344 11.1596
    endloop
  endfacet
  facet normal 0.825933 -0.518619 0.221065
    outer loop
      vertex 71.7419 -0.280251 10.7728
      vertex 71.6397 -0.382525 10.9147
      vertex 71.665 -0.402719 10.7728
    endloop
  endfacet
  facet normal 0.189624 0.119258 0.974587
    outer loop
      vertex 71.3278 0.133851 11.3135
      vertex 71.2256 0.0315762 11.3459
      vertex 71.3534 0.0931463 11.3135
    endloop
  endfacet
  facet normal 0.92078 -0.321656 0.220683
    outer loop
      vertex 71.7581 -0.136521 10.9147
      vertex 71.7128 -0.266198 10.9147
      vertex 71.7419 -0.280251 10.7728
    endloop
  endfacet
  facet normal 0.443051 -0.442589 0.779629
    outer loop
      vertex 71.4304 -0.215615 11.2504
      vertex 71.4466 -0.359344 11.1596
      vertex 71.5193 -0.286568 11.1596
    endloop
  endfacet
  facet normal 0.442456 -0.442795 0.779849
    outer loop
      vertex 71.4466 -0.359344 11.1596
      vertex 71.4304 -0.215615 11.2504
      vertex 71.3756 -0.270373 11.2504
    endloop
  endfacet
  facet normal 0.0251246 -0.223713 0.974331
    outer loop
      vertex 71.2 -0.187091 11.3188
      vertex 71.2 -0.210174 11.3135
      vertex 71.2078 -0.209298 11.3135
    endloop
  endfacet
  facet normal 0.297971 -0.851345 0.43177
    outer loop
      vertex 71.3988 -0.495867 11.0458
      vertex 71.2825 -0.536572 11.0458
      vertex 71.4262 -0.552766 10.9147
    endloop
  endfacet
  facet normal 0.411408 0.143528 -0.900079
    outer loop
      vertex 71.4971 0.076952 10.1496
      vertex 71.3534 0.0931463 10.0865
      vertex 71.4716 0.150045 10.1496
    endloop
  endfacet
  facet normal 0.368763 -0.231922 -0.900126
    outer loop
      vertex 71.4304 -0.215615 10.1496
      vertex 71.3278 -0.133851 10.0865
      vertex 71.3534 -0.0931463 10.0865
    endloop
  endfacet
  facet normal 0.118942 0.189741 -0.974603
    outer loop
      vertex 71.2939 0.167844 10.0865
      vertex 71.2054 0.0568991 10.0541
      vertex 71.2531 0.19342 10.0865
    endloop
  endfacet
  facet normal 0.322056 -0.920545 -0.22108
    outer loop
      vertex 71.4402 -0.581947 10.6272
      vertex 71.2965 -0.598142 10.4853
      vertex 71.4262 -0.552766 10.4853
    endloop
  endfacet
  facet normal 0.637935 -0.637591 -0.431877
    outer loop
      vertex 71.6397 -0.382525 10.4853
      vertex 71.5032 -0.430297 10.3542
      vertex 71.5903 -0.34315 10.3542
    endloop
  endfacet
  facet normal 0.637722 -0.63807 -0.431481
    outer loop
      vertex 71.5032 -0.430297 10.3542
      vertex 71.6397 -0.382525 10.4853
      vertex 71.5425 -0.479672 10.4853
    endloop
  endfacet
  facet normal 0.480025 -0.763768 0.431549
    outer loop
      vertex 71.5032 -0.430297 11.0458
      vertex 71.4262 -0.552766 10.9147
      vertex 71.5425 -0.479672 10.9147
    endloop
  endfacet
  facet normal 0.846885 -0.531776 0
    outer loop
      vertex 71.665 -0.402719 10.7728
      vertex 71.7419 -0.280251 10.6272
      vertex 71.7419 -0.280251 10.7728
    endloop
  endfacet
  facet normal 0.846885 -0.531776 0
    outer loop
      vertex 71.7419 -0.280251 10.6272
      vertex 71.665 -0.402719 10.7728
      vertex 71.665 -0.402719 10.6272
    endloop
  endfacet
  facet normal 0.846885 0.531776 0
    outer loop
      vertex 71.7419 0.280251 10.7728
      vertex 71.665 0.402719 10.6272
      vertex 71.665 0.402719 10.7728
    endloop
  endfacet
  facet normal 0.846885 0.531776 0
    outer loop
      vertex 71.665 0.402719 10.6272
      vertex 71.7419 0.280251 10.7728
      vertex 71.7419 0.280251 10.6272
    endloop
  endfacet
  facet normal 0.30796 -0.308197 -0.900097
    outer loop
      vertex 71.3756 -0.270373 10.1496
      vertex 71.3278 -0.133851 10.0865
      vertex 71.4304 -0.215615 10.1496
    endloop
  endfacet
  facet normal 0.530175 0.333386 -0.779595
    outer loop
      vertex 71.5741 0.199421 10.2404
      vertex 71.4304 0.215615 10.1496
      vertex 71.5193 0.286568 10.2404
    endloop
  endfacet
  facet normal 0.778768 0.0875661 -0.621171
    outer loop
      vertex 71.6196 0 10.2404
      vertex 71.6081 0.102275 10.2404
      vertex 71.6966 0.122469 10.3542
    endloop
  endfacet
  facet normal 0.896496 0.101019 -0.431381
    outer loop
      vertex 71.7104 0 10.3542
      vertex 71.6966 0.122469 10.3542
      vertex 71.7581 0.136521 10.4853
    endloop
  endfacet
  facet normal 0.969059 -0.109225 0.221349
    outer loop
      vertex 71.8059 0 10.7728
      vertex 71.7581 -0.136521 10.9147
      vertex 71.7897 -0.143728 10.7728
    endloop
  endfacet
  facet normal 0.851681 0.297517 -0.43142
    outer loop
      vertex 71.7581 0.136521 10.4853
      vertex 71.6966 0.122469 10.3542
      vertex 71.7128 0.266198 10.4853
    endloop
  endfacet
  facet normal 0.825815 -0.518943 -0.220746
    outer loop
      vertex 71.7419 -0.280251 10.6272
      vertex 71.6397 -0.382525 10.4853
      vertex 71.7128 -0.266198 10.4853
    endloop
  endfacet
  facet normal 0.993708 -0.112004 0
    outer loop
      vertex 71.7897 -0.143728 10.7728
      vertex 71.8059 0 10.6272
      vertex 71.8059 0 10.7728
    endloop
  endfacet
  facet normal 0.993708 -0.112004 0
    outer loop
      vertex 71.8059 0 10.6272
      vertex 71.7897 -0.143728 10.7728
      vertex 71.7897 -0.143728 10.6272
    endloop
  endfacet
  facet normal 0.158566 -0.158133 -0.974603
    outer loop
      vertex 71.2939 -0.167844 10.0865
      vertex 71.2054 -0.0568991 10.0541
      vertex 71.3278 -0.133851 10.0865
    endloop
  endfacet
  facet normal 0.258902 -0.739719 0.621117
    outer loop
      vertex 71.3594 -0.414103 11.1596
      vertex 71.2825 -0.536572 11.0458
      vertex 71.3988 -0.495867 11.0458
    endloop
  endfacet
  facet normal 0.411408 0.143528 0.900079
    outer loop
      vertex 71.4716 0.150045 11.2504
      vertex 71.3534 0.0931463 11.3135
      vertex 71.4971 0.076952 11.2504
    endloop
  endfacet
  facet normal 0.411431 0.144168 0.899967
    outer loop
      vertex 71.4971 0.076952 11.2504
      vertex 71.3534 0.0931463 11.3135
      vertex 71.3693 0.0477705 11.3135
    endloop
  endfacet
  facet normal 0.231782 0.36905 0.900044
    outer loop
      vertex 71.31 0.311573 11.2504
      vertex 71.2531 0.19342 11.3135
      vertex 71.3756 0.270373 11.2504
    endloop
  endfacet
  facet normal 0.73967 0.258792 0.621221
    outer loop
      vertex 71.6559 0.238796 11.0458
      vertex 71.5741 0.199421 11.1596
      vertex 71.6966 0.122469 11.0458
    endloop
  endfacet
  facet normal 0.416789 0.663708 0.62111
    outer loop
      vertex 71.5032 0.430297 11.0458
      vertex 71.3594 0.414103 11.1596
      vertex 71.4466 0.359344 11.1596
    endloop
  endfacet
  facet normal 0.896443 0.101122 0.431469
    outer loop
      vertex 71.7581 0.136521 10.9147
      vertex 71.7104 0 11.0458
      vertex 71.7735 0 10.9147
    endloop
  endfacet
  facet normal 0.778658 0.0877404 0.621284
    outer loop
      vertex 71.6966 0.122469 11.0458
      vertex 71.6196 0 11.1596
      vertex 71.7104 0 11.0458
    endloop
  endfacet
  facet normal 0.109272 0.96909 0.221189
    outer loop
      vertex 71.3037 0.629718 10.7728
      vertex 71.2 0.631916 10.8144
      vertex 71.2965 0.598142 10.9147
    endloop
  endfacet
  facet normal 0.109221 0.969125 0.221058
    outer loop
      vertex 71.2 0.631916 10.8144
      vertex 71.3037 0.629718 10.7728
      vertex 71.2 0.641405 10.7728
    endloop
  endfacet
  facet normal 0.10921 0.969084 -0.221247
    outer loop
      vertex 71.2965 0.598142 10.4853
      vertex 71.2 0.609017 10.4853
      vertex 71.2 0.631916 10.5856
    endloop
  endfacet
  facet normal 0.480025 0.763768 -0.431549
    outer loop
      vertex 71.5032 0.430297 10.3542
      vertex 71.4262 0.552766 10.4853
      vertex 71.5425 0.479672 10.4853
    endloop
  endfacet
  facet normal 0.518967 0.825729 -0.221009
    outer loop
      vertex 71.5425 0.479672 10.4853
      vertex 71.4262 0.552766 10.4853
      vertex 71.4402 0.581947 10.6272
    endloop
  endfacet
  facet normal 0.763633 0.480042 -0.431768
    outer loop
      vertex 71.6559 0.238796 10.3542
      vertex 71.5903 0.34315 10.3542
      vertex 71.7128 0.266198 10.4853
    endloop
  endfacet
  facet normal 0.322056 0.920545 0.22108
    outer loop
      vertex 71.4402 0.581947 10.7728
      vertex 71.2965 0.598142 10.9147
      vertex 71.4262 0.552766 10.9147
    endloop
  endfacet
  facet normal 0.322145 0.920491 0.221176
    outer loop
      vertex 71.3037 0.629718 10.7728
      vertex 71.2965 0.598142 10.9147
      vertex 71.4402 0.581947 10.7728
    endloop
  endfacet
  facet normal 0.121228 0.188913 0.974482
    outer loop
      vertex 71.2 0.0830611 11.3415
      vertex 71.2054 0.0568991 11.3459
      vertex 71.2531 0.19342 11.3135
    endloop
  endfacet
  facet normal 0.117753 0.188288 0.975029
    outer loop
      vertex 71.2054 0.0568991 11.3459
      vertex 71.2 0.0830611 11.3415
      vertex 71.2 0.0602762 11.3459
    endloop
  endfacet
  facet normal 0.101011 0.89633 -0.431728
    outer loop
      vertex 71.2965 0.598142 10.4853
      vertex 71.2 0.564367 10.3926
      vertex 71.2 0.609017 10.4853
    endloop
  endfacet
  facet normal 0.158566 -0.158133 0.974603
    outer loop
      vertex 71.3278 -0.133851 11.3135
      vertex 71.2054 -0.0568991 11.3459
      vertex 71.2939 -0.167844 11.3135
    endloop
  endfacet
  facet normal 0.10921 -0.969084 0.221247
    outer loop
      vertex 71.2 -0.609017 10.9147
      vertex 71.2 -0.631916 10.8144
      vertex 71.2965 -0.598142 10.9147
    endloop
  endfacet
  facet normal 0.100935 -0.896262 0.431886
    outer loop
      vertex 71.2 -0.564367 11.0074
      vertex 71.2825 -0.536572 11.0458
      vertex 71.2 -0.545863 11.0458
    endloop
  endfacet
  facet normal 0.101025 -0.896323 0.431739
    outer loop
      vertex 71.2825 -0.536572 11.0458
      vertex 71.2 -0.564367 11.0074
      vertex 71.2965 -0.598142 10.9147
    endloop
  endfacet
  facet normal 0.73968 -0.258879 0.621173
    outer loop
      vertex 71.6081 -0.102275 11.1596
      vertex 71.5741 -0.199421 11.1596
      vertex 71.6966 -0.122469 11.0458
    endloop
  endfacet
  facet normal 0.896496 0.101019 0.431381
    outer loop
      vertex 71.7581 0.136521 10.9147
      vertex 71.6966 0.122469 11.0458
      vertex 71.7104 0 11.0458
    endloop
  endfacet
  facet normal 0.590787 -0.206769 0.779883
    outer loop
      vertex 71.6081 -0.102275 11.1596
      vertex 71.4971 -0.076952 11.2504
      vertex 71.5741 -0.199421 11.1596
    endloop
  endfacet
  facet normal 0.591278 -0.20628 0.77964
    outer loop
      vertex 71.4971 -0.076952 11.2504
      vertex 71.4716 -0.150045 11.2504
      vertex 71.5741 -0.199421 11.1596
    endloop
  endfacet
  facet normal 0.825815 -0.518943 0.220746
    outer loop
      vertex 71.7128 -0.266198 10.9147
      vertex 71.6397 -0.382525 10.9147
      vertex 71.7419 -0.280251 10.7728
    endloop
  endfacet
  facet normal 0.479732 -0.763825 -0.431774
    outer loop
      vertex 71.4262 -0.552766 10.4853
      vertex 71.3988 -0.495867 10.3542
      vertex 71.5032 -0.430297 10.3542
    endloop
  endfacet
  facet normal 0.622145 -0.0703381 -0.779736
    outer loop
      vertex 71.6196 0 10.2404
      vertex 71.4971 -0.076952 10.1496
      vertex 71.5058 0 10.1496
    endloop
  endfacet
  facet normal 0.416821 -0.663658 -0.621143
    outer loop
      vertex 71.3988 -0.495867 10.3542
      vertex 71.3594 -0.414103 10.2404
      vertex 71.5032 -0.430297 10.3542
    endloop
  endfacet
  facet normal 0.297875 -0.851427 -0.431675
    outer loop
      vertex 71.2965 -0.598142 10.4853
      vertex 71.2825 -0.536572 10.3542
      vertex 71.4262 -0.552766 10.4853
    endloop
  endfacet
  facet normal 0.0702385 -0.622145 -0.779745
    outer loop
      vertex 71.2 -0.38582 10.1851
      vertex 71.237 -0.33715 10.1496
      vertex 71.2623 -0.448095 10.2404
    endloop
  endfacet
  facet normal 0.0699873 -0.622034 -0.779856
    outer loop
      vertex 71.237 -0.33715 10.1496
      vertex 71.2 -0.38582 10.1851
      vertex 71.2 -0.341313 10.1496
    endloop
  endfacet
  facet normal 0.0251246 -0.223713 -0.974331
    outer loop
      vertex 71.2078 -0.209298 10.0865
      vertex 71.2 -0.210174 10.0865
      vertex 71.2 -0.187091 10.0812
    endloop
  endfacet
  facet normal 0.297971 -0.851345 -0.43177
    outer loop
      vertex 71.4262 -0.552766 10.4853
      vertex 71.2825 -0.536572 10.3542
      vertex 71.3988 -0.495867 10.3542
    endloop
  endfacet
  facet normal 0.689421 -0.689797 0.221086
    outer loop
      vertex 71.5425 -0.479672 10.9147
      vertex 71.665 -0.402719 10.7728
      vertex 71.6397 -0.382525 10.9147
    endloop
  endfacet
  facet normal 0.689502 -0.689671 0.221225
    outer loop
      vertex 71.665 -0.402719 10.7728
      vertex 71.5425 -0.479672 10.9147
      vertex 71.5627 -0.504994 10.7728
    endloop
  endfacet
  facet normal 0.51876 -0.825804 0.221212
    outer loop
      vertex 71.5425 -0.479672 10.9147
      vertex 71.4402 -0.581947 10.7728
      vertex 71.5627 -0.504994 10.7728
    endloop
  endfacet
  facet normal 0.70702 -0.707193 0
    outer loop
      vertex 71.5627 -0.504994 10.7728
      vertex 71.665 -0.402719 10.6272
      vertex 71.665 -0.402719 10.7728
    endloop
  endfacet
  facet normal 0.70702 -0.707193 0
    outer loop
      vertex 71.665 -0.402719 10.6272
      vertex 71.5627 -0.504994 10.7728
      vertex 71.5627 -0.504994 10.6272
    endloop
  endfacet
  facet normal 0.20701 0.590833 -0.779784
    outer loop
      vertex 71.31 0.311573 10.1496
      vertex 71.237 0.33715 10.1496
      vertex 71.3594 0.414103 10.2404
    endloop
  endfacet
  facet normal 0.443051 0.442589 -0.779629
    outer loop
      vertex 71.4304 0.215615 10.1496
      vertex 71.4466 0.359344 10.2404
      vertex 71.5193 0.286568 10.2404
    endloop
  endfacet
  facet normal 0.442456 0.442795 -0.779849
    outer loop
      vertex 71.4466 0.359344 10.2404
      vertex 71.4304 0.215615 10.1496
      vertex 71.3756 0.270373 10.1496
    endloop
  endfacet
  facet normal 0.258957 0.739725 -0.621086
    outer loop
      vertex 71.3594 0.414103 10.2404
      vertex 71.2623 0.448095 10.2404
      vertex 71.2825 0.536572 10.3542
    endloop
  endfacet
  facet normal 0.851376 0.297876 -0.431775
    outer loop
      vertex 71.6966 0.122469 10.3542
      vertex 71.6559 0.238796 10.3542
      vertex 71.7128 0.266198 10.4853
    endloop
  endfacet
  facet normal 0.0251246 0.223713 -0.974331
    outer loop
      vertex 71.2078 0.209298 10.0865
      vertex 71.2 0.187091 10.0812
      vertex 71.2 0.210174 10.0865
    endloop
  endfacet
  facet normal 0.530201 0.333145 -0.77968
    outer loop
      vertex 71.4716 0.150045 10.1496
      vertex 71.4304 0.215615 10.1496
      vertex 71.5741 0.199421 10.2404
    endloop
  endfacet
  facet normal 0.778768 -0.0875661 -0.621171
    outer loop
      vertex 71.6966 -0.122469 10.3542
      vertex 71.6081 -0.102275 10.2404
      vertex 71.6196 0 10.2404
    endloop
  endfacet
  facet normal 0.73967 -0.258792 -0.621221
    outer loop
      vertex 71.6559 -0.238796 10.3542
      vertex 71.5741 -0.199421 10.2404
      vertex 71.6966 -0.122469 10.3542
    endloop
  endfacet
  facet normal 0.222221 0.0260721 -0.974648
    outer loop
      vertex 71.2328 0 10.0541
      vertex 71.2309 0.0161943 10.0541
      vertex 71.3693 0.0477705 10.0865
    endloop
  endfacet
  facet normal 0.590787 0.206769 -0.779883
    outer loop
      vertex 71.6081 0.102275 10.2404
      vertex 71.4971 0.076952 10.1496
      vertex 71.5741 0.199421 10.2404
    endloop
  endfacet
  facet normal 0.308712 -0.307867 -0.899953
    outer loop
      vertex 71.3756 -0.270373 10.1496
      vertex 71.2939 -0.167844 10.0865
      vertex 71.3278 -0.133851 10.0865
    endloop
  endfacet
  facet normal 0.0745349 0.211306 -0.974574
    outer loop
      vertex 71.2 0.175253 10.0785
      vertex 71.2531 0.19342 10.0865
      vertex 71.2 0.108838 10.0641
    endloop
  endfacet
  facet normal 0.074293 0.211958 -0.974451
    outer loop
      vertex 71.2531 0.19342 10.0865
      vertex 71.2 0.175253 10.0785
      vertex 71.2078 0.209298 10.0865
    endloop
  endfacet
  facet normal 0.100935 -0.896262 -0.431886
    outer loop
      vertex 71.2825 -0.536572 10.3542
      vertex 71.2 -0.564367 10.3926
      vertex 71.2 -0.545863 10.3542
    endloop
  endfacet
  facet normal 0.101025 -0.896323 -0.431739
    outer loop
      vertex 71.2 -0.564367 10.3926
      vertex 71.2825 -0.536572 10.3542
      vertex 71.2965 -0.598142 10.4853
    endloop
  endfacet
  facet normal 0.920413 -0.322259 0.221336
    outer loop
      vertex 71.7581 -0.136521 10.9147
      vertex 71.7419 -0.280251 10.7728
      vertex 71.7897 -0.143728 10.7728
    endloop
  endfacet
  facet normal 0.851681 -0.297517 -0.43142
    outer loop
      vertex 71.7128 -0.266198 10.4853
      vertex 71.6966 -0.122469 10.3542
      vertex 71.7581 -0.136521 10.4853
    endloop
  endfacet
  facet normal 0.778658 -0.0877404 -0.621284
    outer loop
      vertex 71.6966 -0.122469 10.3542
      vertex 71.6196 0 10.2404
      vertex 71.7104 0 10.3542
    endloop
  endfacet
  facet normal 0.158527 -0.158194 0.974599
    outer loop
      vertex 71.2169 -0.0453749 11.3459
      vertex 71.2054 -0.0568991 11.3459
      vertex 71.3278 -0.133851 11.3135
    endloop
  endfacet
  facet normal 0.0531549 -0.432159 0.90023
    outer loop
      vertex 71.2 -0.231505 11.3033
      vertex 71.237 -0.33715 11.2504
      vertex 71.2078 -0.209298 11.3135
    endloop
  endfacet
  facet normal 0.0487741 -0.433495 0.899835
    outer loop
      vertex 71.237 -0.33715 11.2504
      vertex 71.2 -0.231505 11.3033
      vertex 71.2 -0.341313 11.2504
    endloop
  endfacet
  facet normal 0.332923 -0.530158 0.779804
    outer loop
      vertex 71.3756 -0.270373 11.2504
      vertex 71.3594 -0.414103 11.1596
      vertex 71.4466 -0.359344 11.1596
    endloop
  endfacet
  facet normal 0.622145 -0.0703381 0.779736
    outer loop
      vertex 71.5058 0 11.2504
      vertex 71.4971 -0.076952 11.2504
      vertex 71.6196 0 11.1596
    endloop
  endfacet
  facet normal 0.433171 0.0489659 0.89998
    outer loop
      vertex 71.5058 0 11.2504
      vertex 71.3693 0.0477705 11.3135
      vertex 71.3747 0 11.3135
    endloop
  endfacet
  facet normal 0.530201 0.333145 0.77968
    outer loop
      vertex 71.5741 0.199421 11.1596
      vertex 71.4304 0.215615 11.2504
      vertex 71.4716 0.150045 11.2504
    endloop
  endfacet
  facet normal 0.433173 0.0489735 0.899979
    outer loop
      vertex 71.4971 0.076952 11.2504
      vertex 71.3693 0.0477705 11.3135
      vertex 71.5058 0 11.2504
    endloop
  endfacet
  facet normal 0.20688 0.590964 0.77972
    outer loop
      vertex 71.2623 0.448095 11.1596
      vertex 71.237 0.33715 11.2504
      vertex 71.3594 0.414103 11.1596
    endloop
  endfacet
  facet normal 0.416821 0.663658 0.621143
    outer loop
      vertex 71.3988 0.495867 11.0458
      vertex 71.3594 0.414103 11.1596
      vertex 71.5032 0.430297 11.0458
    endloop
  endfacet
  facet normal 0.763633 0.480042 0.431768
    outer loop
      vertex 71.7128 0.266198 10.9147
      vertex 71.5903 0.34315 11.0458
      vertex 71.6559 0.238796 11.0458
    endloop
  endfacet
  facet normal 0.554257 0.553958 0.621233
    outer loop
      vertex 71.5032 0.430297 11.0458
      vertex 71.5193 0.286568 11.1596
      vertex 71.5903 0.34315 11.0458
    endloop
  endfacet
  facet normal 0.554465 0.553885 0.621112
    outer loop
      vertex 71.5193 0.286568 11.1596
      vertex 71.5032 0.430297 11.0458
      vertex 71.4466 0.359344 11.1596
    endloop
  endfacet
  facet normal 0.368763 0.231922 0.900126
    outer loop
      vertex 71.4304 0.215615 11.2504
      vertex 71.3278 0.133851 11.3135
      vertex 71.3534 0.0931463 11.3135
    endloop
  endfacet
  facet normal 0.663452 0.417066 0.621198
    outer loop
      vertex 71.5903 0.34315 11.0458
      vertex 71.5741 0.199421 11.1596
      vertex 71.6559 0.238796 11.0458
    endloop
  endfacet
  facet normal 0.896443 -0.101122 0.431469
    outer loop
      vertex 71.7735 0 10.9147
      vertex 71.7104 0 11.0458
      vertex 71.7581 -0.136521 10.9147
    endloop
  endfacet
  facet normal 0.969059 0.109225 0.221349
    outer loop
      vertex 71.7897 0.143728 10.7728
      vertex 71.7581 0.136521 10.9147
      vertex 71.8059 0 10.7728
    endloop
  endfacet
  facet normal 0.896496 -0.101019 0.431381
    outer loop
      vertex 71.7104 0 11.0458
      vertex 71.6966 -0.122469 11.0458
      vertex 71.7581 -0.136521 10.9147
    endloop
  endfacet
  facet normal 0.778658 -0.0877404 0.621284
    outer loop
      vertex 71.7104 0 11.0458
      vertex 71.6196 0 11.1596
      vertex 71.6966 -0.122469 11.0458
    endloop
  endfacet
  facet normal 0.297875 0.851427 -0.431675
    outer loop
      vertex 71.4262 0.552766 10.4853
      vertex 71.2825 0.536572 10.3542
      vertex 71.2965 0.598142 10.4853
    endloop
  endfacet
  facet normal 0.0877243 0.778855 -0.621039
    outer loop
      vertex 71.2623 0.448095 10.2404
      vertex 71.2 0.455112 10.2404
      vertex 71.2 0.51037 10.3097
    endloop
  endfacet
  facet normal 0.480025 0.763768 0.431549
    outer loop
      vertex 71.5425 0.479672 10.9147
      vertex 71.4262 0.552766 10.9147
      vertex 71.5032 0.430297 11.0458
    endloop
  endfacet
  facet normal 0.51876 0.825804 -0.221212
    outer loop
      vertex 71.5425 0.479672 10.4853
      vertex 71.4402 0.581947 10.6272
      vertex 71.5627 0.504994 10.6272
    endloop
  endfacet
  facet normal 0.689502 0.689671 0.221225
    outer loop
      vertex 71.5425 0.479672 10.9147
      vertex 71.665 0.402719 10.7728
      vertex 71.5627 0.504994 10.7728
    endloop
  endfacet
  facet normal 0.689421 0.689797 0.221086
    outer loop
      vertex 71.665 0.402719 10.7728
      vertex 71.5425 0.479672 10.9147
      vertex 71.6397 0.382525 10.9147
    endloop
  endfacet
  facet normal 0.51876 0.825804 0.221212
    outer loop
      vertex 71.5627 0.504994 10.7728
      vertex 71.4402 0.581947 10.7728
      vertex 71.5425 0.479672 10.9147
    endloop
  endfacet
  facet normal 0.943822 0.330455 0
    outer loop
      vertex 71.7897 0.143728 10.7728
      vertex 71.7419 0.280251 10.6272
      vertex 71.7419 0.280251 10.7728
    endloop
  endfacet
  facet normal 0.943822 0.330455 0
    outer loop
      vertex 71.7419 0.280251 10.6272
      vertex 71.7897 0.143728 10.7728
      vertex 71.7897 0.143728 10.6272
    endloop
  endfacet
  facet normal 0.531939 0.846783 -0
    outer loop
      vertex 71.5627 0.504994 10.6272
      vertex 71.4402 0.581947 10.7728
      vertex 71.5627 0.504994 10.7728
    endloop
  endfacet
  facet normal 0.531939 0.846783 0
    outer loop
      vertex 71.4402 0.581947 10.7728
      vertex 71.5627 0.504994 10.6272
      vertex 71.4402 0.581947 10.6272
    endloop
  endfacet
  facet normal 0.297971 0.851345 -0.43177
    outer loop
      vertex 71.3988 0.495867 10.3542
      vertex 71.2825 0.536572 10.3542
      vertex 71.4262 0.552766 10.4853
    endloop
  endfacet
  facet normal 0.479732 0.763825 -0.431774
    outer loop
      vertex 71.5032 0.430297 10.3542
      vertex 71.3988 0.495867 10.3542
      vertex 71.4262 0.552766 10.4853
    endloop
  endfacet
  facet normal 0.825933 0.518619 -0.221065
    outer loop
      vertex 71.7419 0.280251 10.6272
      vertex 71.6397 0.382525 10.4853
      vertex 71.665 0.402719 10.6272
    endloop
  endfacet
  facet normal 0.825815 0.518943 -0.220746
    outer loop
      vertex 71.7128 0.266198 10.4853
      vertex 71.6397 0.382525 10.4853
      vertex 71.7419 0.280251 10.6272
    endloop
  endfacet
  facet normal 0.297875 -0.851427 0.431675
    outer loop
      vertex 71.4262 -0.552766 10.9147
      vertex 71.2825 -0.536572 11.0458
      vertex 71.2965 -0.598142 10.9147
    endloop
  endfacet
  facet normal 0.322056 -0.920545 0.22108
    outer loop
      vertex 71.4262 -0.552766 10.9147
      vertex 71.2965 -0.598142 10.9147
      vertex 71.4402 -0.581947 10.7728
    endloop
  endfacet
  facet normal 0.0877243 -0.778855 0.621039
    outer loop
      vertex 71.2 -0.455112 11.1596
      vertex 71.2 -0.51037 11.0903
      vertex 71.2623 -0.448095 11.1596
    endloop
  endfacet
  facet normal 0.074293 0.211958 0.974451
    outer loop
      vertex 71.2 0.175253 11.3215
      vertex 71.2531 0.19342 11.3135
      vertex 71.2078 0.209298 11.3135
    endloop
  endfacet
  facet normal 0.0745349 0.211306 0.974574
    outer loop
      vertex 71.2531 0.19342 11.3135
      vertex 71.2 0.175253 11.3215
      vertex 71.2 0.108838 11.3359
    endloop
  endfacet
  facet normal 0.0699873 -0.622034 0.779856
    outer loop
      vertex 71.2 -0.38582 11.2149
      vertex 71.237 -0.33715 11.2504
      vertex 71.2 -0.341313 11.2504
    endloop
  endfacet
  facet normal 0.0702385 -0.622145 0.779745
    outer loop
      vertex 71.237 -0.33715 11.2504
      vertex 71.2 -0.38582 11.2149
      vertex 71.2623 -0.448095 11.1596
    endloop
  endfacet
  facet normal 0.763633 -0.480042 0.431768
    outer loop
      vertex 71.6559 -0.238796 11.0458
      vertex 71.5903 -0.34315 11.0458
      vertex 71.7128 -0.266198 10.9147
    endloop
  endfacet
  facet normal 0.851376 -0.297876 0.431775
    outer loop
      vertex 71.6966 -0.122469 11.0458
      vertex 71.6559 -0.238796 11.0458
      vertex 71.7128 -0.266198 10.9147
    endloop
  endfacet
  facet normal 0.825933 -0.518619 -0.221065
    outer loop
      vertex 71.665 -0.402719 10.6272
      vertex 71.6397 -0.382525 10.4853
      vertex 71.7419 -0.280251 10.6272
    endloop
  endfacet
  facet normal 0.763633 -0.480042 -0.431768
    outer loop
      vertex 71.7128 -0.266198 10.4853
      vertex 71.5903 -0.34315 10.3542
      vertex 71.6559 -0.238796 10.3542
    endloop
  endfacet
  facet normal 0.416789 -0.663708 -0.62111
    outer loop
      vertex 71.5032 -0.430297 10.3542
      vertex 71.3594 -0.414103 10.2404
      vertex 71.4466 -0.359344 10.2404
    endloop
  endfacet
  facet normal 0.10921 -0.969084 -0.221247
    outer loop
      vertex 71.2965 -0.598142 10.4853
      vertex 71.2 -0.631916 10.5856
      vertex 71.2 -0.609017 10.4853
    endloop
  endfacet
  facet normal 0.0877039 -0.778772 -0.621145
    outer loop
      vertex 71.2 -0.51037 10.3097
      vertex 71.2825 -0.536572 10.3542
      vertex 71.2 -0.545863 10.3542
    endloop
  endfacet
  facet normal 0.0876512 -0.778829 -0.621081
    outer loop
      vertex 71.2825 -0.536572 10.3542
      vertex 71.2 -0.51037 10.3097
      vertex 71.2623 -0.448095 10.2404
    endloop
  endfacet
  facet normal 0.0700846 -0.622242 -0.779681
    outer loop
      vertex 71.2623 -0.448095 10.2404
      vertex 71.2 -0.455112 10.2404
      vertex 71.2 -0.38582 10.1851
    endloop
  endfacet
  facet normal 0.531939 -0.846783 0
    outer loop
      vertex 71.4402 -0.581947 10.6272
      vertex 71.5627 -0.504994 10.7728
      vertex 71.4402 -0.581947 10.7728
    endloop
  endfacet
  facet normal 0.531939 -0.846783 0
    outer loop
      vertex 71.5627 -0.504994 10.7728
      vertex 71.4402 -0.581947 10.6272
      vertex 71.5627 -0.504994 10.6272
    endloop
  endfacet
  facet normal 0.0700846 0.622242 -0.779681
    outer loop
      vertex 71.2623 0.448095 10.2404
      vertex 71.2 0.38582 10.1851
      vertex 71.2 0.455112 10.2404
    endloop
  endfacet
  facet normal 0.258902 0.739719 -0.621117
    outer loop
      vertex 71.3594 0.414103 10.2404
      vertex 71.2825 0.536572 10.3542
      vertex 71.3988 0.495867 10.3542
    endloop
  endfacet
  facet normal 0.416821 0.663658 -0.621143
    outer loop
      vertex 71.5032 0.430297 10.3542
      vertex 71.3594 0.414103 10.2404
      vertex 71.3988 0.495867 10.3542
    endloop
  endfacet
  facet normal 0.73967 0.258792 -0.621221
    outer loop
      vertex 71.6966 0.122469 10.3542
      vertex 71.5741 0.199421 10.2404
      vertex 71.6559 0.238796 10.3542
    endloop
  endfacet
  facet normal 0.663452 0.417066 -0.621198
    outer loop
      vertex 71.6559 0.238796 10.3542
      vertex 71.5741 0.199421 10.2404
      vertex 71.5903 0.34315 10.3542
    endloop
  endfacet
  facet normal 0.332962 0.530154 -0.779791
    outer loop
      vertex 71.3756 0.270373 10.1496
      vertex 71.31 0.311573 10.1496
      vertex 71.3594 0.414103 10.2404
    endloop
  endfacet
  facet normal 0.66335 0.41713 -0.621264
    outer loop
      vertex 71.5741 0.199421 10.2404
      vertex 71.5193 0.286568 10.2404
      vertex 71.5903 0.34315 10.3542
    endloop
  endfacet
  facet normal 0.66335 -0.41713 -0.621264
    outer loop
      vertex 71.5903 -0.34315 10.3542
      vertex 71.5193 -0.286568 10.2404
      vertex 71.5741 -0.199421 10.2404
    endloop
  endfacet
  facet normal 0.368763 0.231922 -0.900126
    outer loop
      vertex 71.3534 0.0931463 10.0865
      vertex 71.3278 0.133851 10.0865
      vertex 71.4304 0.215615 10.1496
    endloop
  endfacet
  facet normal 0.36892 0.231806 -0.900091
    outer loop
      vertex 71.4716 0.150045 10.1496
      vertex 71.3534 0.0931463 10.0865
      vertex 71.4304 0.215615 10.1496
    endloop
  endfacet
  facet normal 0.591278 0.20628 -0.77964
    outer loop
      vertex 71.4971 0.076952 10.1496
      vertex 71.4716 0.150045 10.1496
      vertex 71.5741 0.199421 10.2404
    endloop
  endfacet
  facet normal 0.411408 -0.143528 -0.900079
    outer loop
      vertex 71.4716 -0.150045 10.1496
      vertex 71.3534 -0.0931463 10.0865
      vertex 71.4971 -0.076952 10.1496
    endloop
  endfacet
  facet normal 0.231544 -0.36937 -0.899974
    outer loop
      vertex 71.3756 -0.270373 10.1496
      vertex 71.2531 -0.19342 10.0865
      vertex 71.2939 -0.167844 10.0865
    endloop
  endfacet
  facet normal 0.943822 -0.330455 0
    outer loop
      vertex 71.7419 -0.280251 10.7728
      vertex 71.7897 -0.143728 10.6272
      vertex 71.7897 -0.143728 10.7728
    endloop
  endfacet
  facet normal 0.943822 -0.330455 0
    outer loop
      vertex 71.7897 -0.143728 10.6272
      vertex 71.7419 -0.280251 10.7728
      vertex 71.7419 -0.280251 10.6272
    endloop
  endfacet
  facet normal 0.969059 -0.109225 -0.221349
    outer loop
      vertex 71.7897 -0.143728 10.6272
      vertex 71.7581 -0.136521 10.4853
      vertex 71.8059 0 10.6272
    endloop
  endfacet
  facet normal 0.969059 0.109225 -0.221349
    outer loop
      vertex 71.8059 0 10.6272
      vertex 71.7581 0.136521 10.4853
      vertex 71.7897 0.143728 10.6272
    endloop
  endfacet
  facet normal 0.896496 -0.101019 -0.431381
    outer loop
      vertex 71.7581 -0.136521 10.4853
      vertex 71.6966 -0.122469 10.3542
      vertex 71.7104 0 10.3542
    endloop
  endfacet
  facet normal 0.920413 -0.322259 -0.221336
    outer loop
      vertex 71.7897 -0.143728 10.6272
      vertex 71.7419 -0.280251 10.6272
      vertex 71.7581 -0.136521 10.4853
    endloop
  endfacet
  facet normal 0.92078 -0.321656 -0.220683
    outer loop
      vertex 71.7419 -0.280251 10.6272
      vertex 71.7128 -0.266198 10.4853
      vertex 71.7581 -0.136521 10.4853
    endloop
  endfacet
  facet normal 0.0487741 -0.433495 -0.899835
    outer loop
      vertex 71.2 -0.231505 10.0967
      vertex 71.237 -0.33715 10.1496
      vertex 71.2 -0.341313 10.1496
    endloop
  endfacet
  facet normal 0.0531549 -0.432159 -0.90023
    outer loop
      vertex 71.237 -0.33715 10.1496
      vertex 71.2 -0.231505 10.0967
      vertex 71.2078 -0.209298 10.0865
    endloop
  endfacet
  facet normal 0.118942 0.189741 0.974603
    outer loop
      vertex 71.2531 0.19342 11.3135
      vertex 71.2054 0.0568991 11.3459
      vertex 71.2939 0.167844 11.3135
    endloop
  endfacet
  facet normal 0.36892 -0.231806 0.900091
    outer loop
      vertex 71.4716 -0.150045 11.2504
      vertex 71.3534 -0.0931463 11.3135
      vertex 71.4304 -0.215615 11.2504
    endloop
  endfacet
  facet normal 0.433171 -0.0489659 0.89998
    outer loop
      vertex 71.3747 0 11.3135
      vertex 71.3693 -0.0477705 11.3135
      vertex 71.5058 0 11.2504
    endloop
  endfacet
  facet normal 0.22253 -0.025155 0.974601
    outer loop
      vertex 71.3747 0 11.3135
      vertex 71.2328 0 11.3459
      vertex 71.3693 -0.0477705 11.3135
    endloop
  endfacet
  facet normal 0.530201 -0.333145 0.77968
    outer loop
      vertex 71.4716 -0.150045 11.2504
      vertex 71.4304 -0.215615 11.2504
      vertex 71.5741 -0.199421 11.1596
    endloop
  endfacet
  facet normal 0.0483921 -0.430889 0.901107
    outer loop
      vertex 71.2 -0.210174 11.3135
      vertex 71.2 -0.231505 11.3033
      vertex 71.2078 -0.209298 11.3135
    endloop
  endfacet
  facet normal 0.622145 0.0703381 0.779736
    outer loop
      vertex 71.6196 0 11.1596
      vertex 71.4971 0.076952 11.2504
      vertex 71.5058 0 11.2504
    endloop
  endfacet
  facet normal 0.622004 0.0699393 0.779884
    outer loop
      vertex 71.6081 0.102275 11.1596
      vertex 71.4971 0.076952 11.2504
      vertex 71.6196 0 11.1596
    endloop
  endfacet
  facet normal 0.211539 0.0728882 0.974648
    outer loop
      vertex 71.3693 0.0477705 11.3135
      vertex 71.2256 0.0315762 11.3459
      vertex 71.2309 0.0161943 11.3459
    endloop
  endfacet
  facet normal 0.222221 0.0260721 0.974648
    outer loop
      vertex 71.3693 0.0477705 11.3135
      vertex 71.2309 0.0161943 11.3459
      vertex 71.2328 0 11.3459
    endloop
  endfacet
  facet normal 0.332962 0.530154 0.779791
    outer loop
      vertex 71.3594 0.414103 11.1596
      vertex 71.31 0.311573 11.2504
      vertex 71.3756 0.270373 11.2504
    endloop
  endfacet
  facet normal 0.073864 0.211717 0.974536
    outer loop
      vertex 71.2 0.108838 11.3359
      vertex 71.2 0.0830611 11.3415
      vertex 71.2531 0.19342 11.3135
    endloop
  endfacet
  facet normal 0.189443 0.119443 0.9746
    outer loop
      vertex 71.3278 0.133851 11.3135
      vertex 71.2169 0.0453749 11.3459
      vertex 71.2256 0.0315762 11.3459
    endloop
  endfacet
  facet normal 0.258957 0.739725 0.621086
    outer loop
      vertex 71.2825 0.536572 11.0458
      vertex 71.2623 0.448095 11.1596
      vertex 71.3594 0.414103 11.1596
    endloop
  endfacet
  facet normal 0.851376 0.297876 0.431775
    outer loop
      vertex 71.7128 0.266198 10.9147
      vertex 71.6559 0.238796 11.0458
      vertex 71.6966 0.122469 11.0458
    endloop
  endfacet
  facet normal 0.66335 0.41713 0.621264
    outer loop
      vertex 71.5903 0.34315 11.0458
      vertex 71.5193 0.286568 11.1596
      vertex 71.5741 0.199421 11.1596
    endloop
  endfacet
  facet normal 0.591278 0.20628 0.77964
    outer loop
      vertex 71.5741 0.199421 11.1596
      vertex 71.4716 0.150045 11.2504
      vertex 71.4971 0.076952 11.2504
    endloop
  endfacet
  facet normal 0.590787 0.206769 0.779883
    outer loop
      vertex 71.5741 0.199421 11.1596
      vertex 71.4971 0.076952 11.2504
      vertex 71.6081 0.102275 11.1596
    endloop
  endfacet
  facet normal 0.36892 0.231806 0.900091
    outer loop
      vertex 71.4304 0.215615 11.2504
      vertex 71.3534 0.0931463 11.3135
      vertex 71.4716 0.150045 11.2504
    endloop
  endfacet
  facet normal 0.530175 0.333386 0.779595
    outer loop
      vertex 71.5193 0.286568 11.1596
      vertex 71.4304 0.215615 11.2504
      vertex 71.5741 0.199421 11.1596
    endloop
  endfacet
  facet normal 0.969067 -0.109314 0.221267
    outer loop
      vertex 71.7735 0 10.9147
      vertex 71.7581 -0.136521 10.9147
      vertex 71.8059 0 10.7728
    endloop
  endfacet
  facet normal 0.969067 0.109314 0.221267
    outer loop
      vertex 71.8059 0 10.7728
      vertex 71.7581 0.136521 10.9147
      vertex 71.7735 0 10.9147
    endloop
  endfacet
  facet normal 0.101025 0.896323 -0.431739
    outer loop
      vertex 71.2825 0.536572 10.3542
      vertex 71.2 0.564367 10.3926
      vertex 71.2965 0.598142 10.4853
    endloop
  endfacet
  facet normal 0.100935 0.896262 -0.431886
    outer loop
      vertex 71.2 0.564367 10.3926
      vertex 71.2825 0.536572 10.3542
      vertex 71.2 0.545863 10.3542
    endloop
  endfacet
  facet normal 0.0877039 0.778772 -0.621145
    outer loop
      vertex 71.2825 0.536572 10.3542
      vertex 71.2 0.51037 10.3097
      vertex 71.2 0.545863 10.3542
    endloop
  endfacet
  facet normal 0.0876512 0.778829 -0.621081
    outer loop
      vertex 71.2 0.51037 10.3097
      vertex 71.2825 0.536572 10.3542
      vertex 71.2623 0.448095 10.2404
    endloop
  endfacet
  facet normal 0.92078 0.321656 0.220683
    outer loop
      vertex 71.7419 0.280251 10.7728
      vertex 71.7128 0.266198 10.9147
      vertex 71.7581 0.136521 10.9147
    endloop
  endfacet
  facet normal 0.920413 0.322259 0.221336
    outer loop
      vertex 71.7897 0.143728 10.7728
      vertex 71.7419 0.280251 10.7728
      vertex 71.7581 0.136521 10.9147
    endloop
  endfacet
  facet normal 0.689502 0.689671 -0.221225
    outer loop
      vertex 71.665 0.402719 10.6272
      vertex 71.5425 0.479672 10.4853
      vertex 71.5627 0.504994 10.6272
    endloop
  endfacet
  facet normal 0.689421 0.689797 -0.221086
    outer loop
      vertex 71.5425 0.479672 10.4853
      vertex 71.665 0.402719 10.6272
      vertex 71.6397 0.382525 10.4853
    endloop
  endfacet
  facet normal 0.0293672 0.222273 0.974542
    outer loop
      vertex 71.2 0.187091 11.3188
      vertex 71.2 0.175253 11.3215
      vertex 71.2078 0.209298 11.3135
    endloop
  endfacet
  facet normal 0.0251246 0.223713 0.974331
    outer loop
      vertex 71.2 0.210174 11.3135
      vertex 71.2 0.187091 11.3188
      vertex 71.2078 0.209298 11.3135
    endloop
  endfacet
  facet normal 0.109221 -0.969125 0.221058
    outer loop
      vertex 71.3037 -0.629718 10.7728
      vertex 71.2 -0.631916 10.8144
      vertex 71.2 -0.641405 10.7728
    endloop
  endfacet
  facet normal 0.109272 -0.96909 0.221189
    outer loop
      vertex 71.2 -0.631916 10.8144
      vertex 71.3037 -0.629718 10.7728
      vertex 71.2965 -0.598142 10.9147
    endloop
  endfacet
  facet normal 0.0700846 -0.622242 0.779681
    outer loop
      vertex 71.2 -0.38582 11.2149
      vertex 71.2 -0.455112 11.1596
      vertex 71.2623 -0.448095 11.1596
    endloop
  endfacet
  facet normal 0.416821 -0.663658 0.621143
    outer loop
      vertex 71.5032 -0.430297 11.0458
      vertex 71.3594 -0.414103 11.1596
      vertex 71.3988 -0.495867 11.0458
    endloop
  endfacet
  facet normal 0.479732 -0.763825 0.431774
    outer loop
      vertex 71.5032 -0.430297 11.0458
      vertex 71.3988 -0.495867 11.0458
      vertex 71.4262 -0.552766 10.9147
    endloop
  endfacet
  facet normal 0.73967 -0.258792 0.621221
    outer loop
      vertex 71.6966 -0.122469 11.0458
      vertex 71.5741 -0.199421 11.1596
      vertex 71.6559 -0.238796 11.0458
    endloop
  endfacet
  facet normal 0.663452 -0.417066 0.621198
    outer loop
      vertex 71.6559 -0.238796 11.0458
      vertex 71.5741 -0.199421 11.1596
      vertex 71.5903 -0.34315 11.0458
    endloop
  endfacet
  facet normal 0.51876 -0.825804 -0.221212
    outer loop
      vertex 71.5627 -0.504994 10.6272
      vertex 71.4402 -0.581947 10.6272
      vertex 71.5425 -0.479672 10.4853
    endloop
  endfacet
  facet normal 0.763663 -0.479887 -0.431888
    outer loop
      vertex 71.6397 -0.382525 10.4853
      vertex 71.5903 -0.34315 10.3542
      vertex 71.7128 -0.266198 10.4853
    endloop
  endfacet
  facet normal 0.118942 -0.189741 -0.974603
    outer loop
      vertex 71.2531 -0.19342 10.0865
      vertex 71.2054 -0.0568991 10.0541
      vertex 71.2939 -0.167844 10.0865
    endloop
  endfacet
  facet normal 0.308712 0.307867 -0.899953
    outer loop
      vertex 71.3278 0.133851 10.0865
      vertex 71.2939 0.167844 10.0865
      vertex 71.3756 0.270373 10.1496
    endloop
  endfacet
  facet normal 0.20688 -0.590964 -0.77972
    outer loop
      vertex 71.2623 -0.448095 10.2404
      vertex 71.237 -0.33715 10.1496
      vertex 71.3594 -0.414103 10.2404
    endloop
  endfacet
  facet normal 0.258957 -0.739725 -0.621086
    outer loop
      vertex 71.2825 -0.536572 10.3542
      vertex 71.2623 -0.448095 10.2404
      vertex 71.3594 -0.414103 10.2404
    endloop
  endfacet
  facet normal 0.20688 0.590964 -0.77972
    outer loop
      vertex 71.3594 0.414103 10.2404
      vertex 71.237 0.33715 10.1496
      vertex 71.2623 0.448095 10.2404
    endloop
  endfacet
  facet normal 0.0483921 0.430889 -0.901107
    outer loop
      vertex 71.2078 0.209298 10.0865
      vertex 71.2 0.210174 10.0865
      vertex 71.2 0.231505 10.0967
    endloop
  endfacet
  facet normal 0.0699873 0.622034 -0.779856
    outer loop
      vertex 71.2 0.38582 10.1851
      vertex 71.237 0.33715 10.1496
      vertex 71.2 0.341313 10.1496
    endloop
  endfacet
  facet normal 0.0702385 0.622145 -0.779745
    outer loop
      vertex 71.237 0.33715 10.1496
      vertex 71.2 0.38582 10.1851
      vertex 71.2623 0.448095 10.2404
    endloop
  endfacet
  facet normal 0.332923 0.530158 -0.779804
    outer loop
      vertex 71.3756 0.270373 10.1496
      vertex 71.3594 0.414103 10.2404
      vertex 71.4466 0.359344 10.2404
    endloop
  endfacet
  facet normal 0.416789 0.663708 -0.62111
    outer loop
      vertex 71.4466 0.359344 10.2404
      vertex 71.3594 0.414103 10.2404
      vertex 71.5032 0.430297 10.3542
    endloop
  endfacet
  facet normal 0.590787 -0.206769 -0.779883
    outer loop
      vertex 71.5741 -0.199421 10.2404
      vertex 71.4971 -0.076952 10.1496
      vertex 71.6081 -0.102275 10.2404
    endloop
  endfacet
  facet normal 0.530175 -0.333386 -0.779595
    outer loop
      vertex 71.5193 -0.286568 10.2404
      vertex 71.4304 -0.215615 10.1496
      vertex 71.5741 -0.199421 10.2404
    endloop
  endfacet
  facet normal 0.158527 0.158194 -0.974599
    outer loop
      vertex 71.2169 0.0453749 10.0541
      vertex 71.2054 0.0568991 10.0541
      vertex 71.3278 0.133851 10.0865
    endloop
  endfacet
  facet normal 0.73968 -0.258879 -0.621173
    outer loop
      vertex 71.6966 -0.122469 10.3542
      vertex 71.5741 -0.199421 10.2404
      vertex 71.6081 -0.102275 10.2404
    endloop
  endfacet
  facet normal 0.530201 -0.333145 -0.77968
    outer loop
      vertex 71.5741 -0.199421 10.2404
      vertex 71.4304 -0.215615 10.1496
      vertex 71.4716 -0.150045 10.1496
    endloop
  endfacet
  facet normal 0.332962 -0.530154 -0.779791
    outer loop
      vertex 71.3594 -0.414103 10.2404
      vertex 71.31 -0.311573 10.1496
      vertex 71.3756 -0.270373 10.1496
    endloop
  endfacet
  facet normal 0.20701 -0.590833 -0.779784
    outer loop
      vertex 71.3594 -0.414103 10.2404
      vertex 71.237 -0.33715 10.1496
      vertex 71.31 -0.311573 10.1496
    endloop
  endfacet
  facet normal 0.896443 -0.101122 -0.431469
    outer loop
      vertex 71.7581 -0.136521 10.4853
      vertex 71.7104 0 10.3542
      vertex 71.7735 0 10.4853
    endloop
  endfacet
  facet normal 0.896443 0.101122 -0.431469
    outer loop
      vertex 71.7735 0 10.4853
      vertex 71.7104 0 10.3542
      vertex 71.7581 0.136521 10.4853
    endloop
  endfacet
  facet normal 0.0483921 -0.430889 -0.901107
    outer loop
      vertex 71.2078 -0.209298 10.0865
      vertex 71.2 -0.231505 10.0967
      vertex 71.2 -0.210174 10.0865
    endloop
  endfacet
  facet normal 0.36892 -0.231806 -0.900091
    outer loop
      vertex 71.4304 -0.215615 10.1496
      vertex 71.3534 -0.0931463 10.0865
      vertex 71.4716 -0.150045 10.1496
    endloop
  endfacet
  facet normal 0.332962 -0.530154 0.779791
    outer loop
      vertex 71.3756 -0.270373 11.2504
      vertex 71.31 -0.311573 11.2504
      vertex 71.3594 -0.414103 11.1596
    endloop
  endfacet
  facet normal 0.144099 -0.411278 0.900048
    outer loop
      vertex 71.2531 -0.19342 11.3135
      vertex 71.237 -0.33715 11.2504
      vertex 71.31 -0.311573 11.2504
    endloop
  endfacet
  facet normal 0.20688 -0.590964 0.77972
    outer loop
      vertex 71.3594 -0.414103 11.1596
      vertex 71.237 -0.33715 11.2504
      vertex 71.2623 -0.448095 11.1596
    endloop
  endfacet
  facet normal 0.20701 -0.590833 0.779784
    outer loop
      vertex 71.31 -0.311573 11.2504
      vertex 71.237 -0.33715 11.2504
      vertex 71.3594 -0.414103 11.1596
    endloop
  endfacet
  facet normal 0.20701 0.590833 0.779784
    outer loop
      vertex 71.3594 0.414103 11.1596
      vertex 71.237 0.33715 11.2504
      vertex 71.31 0.311573 11.2504
    endloop
  endfacet
  facet normal 0.297971 0.851345 0.43177
    outer loop
      vertex 71.4262 0.552766 10.9147
      vertex 71.2825 0.536572 11.0458
      vertex 71.3988 0.495867 11.0458
    endloop
  endfacet
  facet normal 0.297875 0.851427 0.431675
    outer loop
      vertex 71.2965 0.598142 10.9147
      vertex 71.2825 0.536572 11.0458
      vertex 71.4262 0.552766 10.9147
    endloop
  endfacet
  facet normal 0.101011 0.89633 0.431728
    outer loop
      vertex 71.2 0.609017 10.9147
      vertex 71.2 0.564367 11.0074
      vertex 71.2965 0.598142 10.9147
    endloop
  endfacet
  facet normal 0.231544 0.36937 0.899974
    outer loop
      vertex 71.3756 0.270373 11.2504
      vertex 71.2531 0.19342 11.3135
      vertex 71.2939 0.167844 11.3135
    endloop
  endfacet
  facet normal 0.308712 0.307867 0.899953
    outer loop
      vertex 71.3756 0.270373 11.2504
      vertex 71.2939 0.167844 11.3135
      vertex 71.3278 0.133851 11.3135
    endloop
  endfacet
  facet normal 0.70702 0.707193 0
    outer loop
      vertex 71.665 0.402719 10.7728
      vertex 71.5627 0.504994 10.6272
      vertex 71.5627 0.504994 10.7728
    endloop
  endfacet
  facet normal 0.70702 0.707193 0
    outer loop
      vertex 71.5627 0.504994 10.6272
      vertex 71.665 0.402719 10.7728
      vertex 71.665 0.402719 10.6272
    endloop
  endfacet
  facet normal 0.0876512 0.778829 0.621081
    outer loop
      vertex 71.2825 0.536572 11.0458
      vertex 71.2 0.51037 11.0903
      vertex 71.2623 0.448095 11.1596
    endloop
  endfacet
  facet normal 0.0877039 0.778772 0.621145
    outer loop
      vertex 71.2 0.51037 11.0903
      vertex 71.2825 0.536572 11.0458
      vertex 71.2 0.545863 11.0458
    endloop
  endfacet
  facet normal 0.0700846 0.622242 0.779681
    outer loop
      vertex 71.2 0.455112 11.1596
      vertex 71.2 0.38582 11.2149
      vertex 71.2623 0.448095 11.1596
    endloop
  endfacet
  facet normal 0.0877243 -0.778855 -0.621039
    outer loop
      vertex 71.2623 -0.448095 10.2404
      vertex 71.2 -0.51037 10.3097
      vertex 71.2 -0.455112 10.2404
    endloop
  endfacet
  facet normal 0.109221 -0.969125 -0.221058
    outer loop
      vertex 71.2 -0.631916 10.5856
      vertex 71.3037 -0.629718 10.6272
      vertex 71.2 -0.641405 10.6272
    endloop
  endfacet
  facet normal 0.109272 -0.96909 -0.221189
    outer loop
      vertex 71.3037 -0.629718 10.6272
      vertex 71.2 -0.631916 10.5856
      vertex 71.2965 -0.598142 10.4853
    endloop
  endfacet
  facet normal 0.111991 -0.993709 0
    outer loop
      vertex 71.2 -0.641405 10.6272
      vertex 71.3037 -0.629718 10.7728
      vertex 71.2 -0.641405 10.7728
    endloop
  endfacet
  facet normal 0.111991 -0.993709 0
    outer loop
      vertex 71.3037 -0.629718 10.7728
      vertex 71.2 -0.641405 10.6272
      vertex 71.3037 -0.629718 10.6272
    endloop
  endfacet
  facet normal 0.416789 -0.663708 0.62111
    outer loop
      vertex 71.4466 -0.359344 11.1596
      vertex 71.3594 -0.414103 11.1596
      vertex 71.5032 -0.430297 11.0458
    endloop
  endfacet
  facet normal 0.518967 -0.825729 -0.221009
    outer loop
      vertex 71.4402 -0.581947 10.6272
      vertex 71.4262 -0.552766 10.4853
      vertex 71.5425 -0.479672 10.4853
    endloop
  endfacet
  facet normal 0.480025 -0.763768 -0.431549
    outer loop
      vertex 71.5425 -0.479672 10.4853
      vertex 71.4262 -0.552766 10.4853
      vertex 71.5032 -0.430297 10.3542
    endloop
  endfacet
  facet normal 0.211393 0.0740735 -0.97459
    outer loop
      vertex 71.3693 0.0477705 10.0865
      vertex 71.2256 0.0315762 10.0541
      vertex 71.3534 0.0931463 10.0865
    endloop
  endfacet
  facet normal 0.117753 0.188288 -0.975029
    outer loop
      vertex 71.2 0.0830611 10.0585
      vertex 71.2054 0.0568991 10.0541
      vertex 71.2 0.0602762 10.0541
    endloop
  endfacet
  facet normal 0.121228 0.188913 -0.974482
    outer loop
      vertex 71.2054 0.0568991 10.0541
      vertex 71.2 0.0830611 10.0585
      vertex 71.2531 0.19342 10.0865
    endloop
  endfacet
  facet normal 0.144099 0.411278 -0.900048
    outer loop
      vertex 71.2531 0.19342 10.0865
      vertex 71.237 0.33715 10.1496
      vertex 71.31 0.311573 10.1496
    endloop
  endfacet
  facet normal 0.231782 0.36905 -0.900044
    outer loop
      vertex 71.3756 0.270373 10.1496
      vertex 71.2531 0.19342 10.0865
      vertex 71.31 0.311573 10.1496
    endloop
  endfacet
  facet normal 0.411431 0.144168 -0.899967
    outer loop
      vertex 71.3693 0.0477705 10.0865
      vertex 71.3534 0.0931463 10.0865
      vertex 71.4971 0.076952 10.1496
    endloop
  endfacet
  facet normal 0.433173 0.0489735 -0.899979
    outer loop
      vertex 71.5058 0 10.1496
      vertex 71.3693 0.0477705 10.0865
      vertex 71.4971 0.076952 10.1496
    endloop
  endfacet
  facet normal 0.0531549 0.432159 -0.90023
    outer loop
      vertex 71.2 0.231505 10.0967
      vertex 71.237 0.33715 10.1496
      vertex 71.2078 0.209298 10.0865
    endloop
  endfacet
  facet normal 0.0487741 0.433495 -0.899835
    outer loop
      vertex 71.237 0.33715 10.1496
      vertex 71.2 0.231505 10.0967
      vertex 71.2 0.341313 10.1496
    endloop
  endfacet
  facet normal 0.554257 0.553958 -0.621233
    outer loop
      vertex 71.5193 0.286568 10.2404
      vertex 71.5032 0.430297 10.3542
      vertex 71.5903 0.34315 10.3542
    endloop
  endfacet
  facet normal 0.554465 0.553885 -0.621112
    outer loop
      vertex 71.5032 0.430297 10.3542
      vertex 71.5193 0.286568 10.2404
      vertex 71.4466 0.359344 10.2404
    endloop
  endfacet
  facet normal 0.189624 -0.119258 -0.974587
    outer loop
      vertex 71.3278 -0.133851 10.0865
      vertex 71.2256 -0.0315762 10.0541
      vertex 71.3534 -0.0931463 10.0865
    endloop
  endfacet
  facet normal 0.622004 -0.0699393 -0.779884
    outer loop
      vertex 71.6081 -0.102275 10.2404
      vertex 71.4971 -0.076952 10.1496
      vertex 71.6196 0 10.2404
    endloop
  endfacet
  facet normal 0.622004 0.0699393 -0.779884
    outer loop
      vertex 71.6196 0 10.2404
      vertex 71.4971 0.076952 10.1496
      vertex 71.6081 0.102275 10.2404
    endloop
  endfacet
  facet normal 0.622145 0.0703381 -0.779736
    outer loop
      vertex 71.5058 0 10.1496
      vertex 71.4971 0.076952 10.1496
      vertex 71.6196 0 10.2404
    endloop
  endfacet
  facet normal 0.121228 -0.188913 -0.974482
    outer loop
      vertex 71.2 -0.0830611 10.0585
      vertex 71.2054 -0.0568991 10.0541
      vertex 71.2531 -0.19342 10.0865
    endloop
  endfacet
  facet normal 0.117753 -0.188288 -0.975029
    outer loop
      vertex 71.2054 -0.0568991 10.0541
      vertex 71.2 -0.0830611 10.0585
      vertex 71.2 -0.0602762 10.0541
    endloop
  endfacet
  facet normal 0.158527 0.158194 0.974599
    outer loop
      vertex 71.3278 0.133851 11.3135
      vertex 71.2054 0.0568991 11.3459
      vertex 71.2169 0.0453749 11.3459
    endloop
  endfacet
  facet normal 0.118942 -0.189741 0.974603
    outer loop
      vertex 71.2939 -0.167844 11.3135
      vertex 71.2054 -0.0568991 11.3459
      vertex 71.2531 -0.19342 11.3135
    endloop
  endfacet
  facet normal 0.0745349 -0.211306 0.974574
    outer loop
      vertex 71.2 -0.175253 11.3215
      vertex 71.2531 -0.19342 11.3135
      vertex 71.2 -0.108838 11.3359
    endloop
  endfacet
  facet normal 0.074293 -0.211958 0.974451
    outer loop
      vertex 71.2531 -0.19342 11.3135
      vertex 71.2 -0.175253 11.3215
      vertex 71.2078 -0.209298 11.3135
    endloop
  endfacet
  facet normal 0.231544 -0.36937 0.899974
    outer loop
      vertex 71.2939 -0.167844 11.3135
      vertex 71.2531 -0.19342 11.3135
      vertex 71.3756 -0.270373 11.2504
    endloop
  endfacet
  facet normal 0.231782 -0.36905 0.900044
    outer loop
      vertex 71.3756 -0.270373 11.2504
      vertex 71.2531 -0.19342 11.3135
      vertex 71.31 -0.311573 11.2504
    endloop
  endfacet
  facet normal 0.411408 -0.143528 0.900079
    outer loop
      vertex 71.4971 -0.076952 11.2504
      vertex 71.3534 -0.0931463 11.3135
      vertex 71.4716 -0.150045 11.2504
    endloop
  endfacet
  facet normal 0.411431 -0.144168 0.899967
    outer loop
      vertex 71.3693 -0.0477705 11.3135
      vertex 71.3534 -0.0931463 11.3135
      vertex 71.4971 -0.076952 11.2504
    endloop
  endfacet
  facet normal 0.443051 0.442589 0.779629
    outer loop
      vertex 71.4466 0.359344 11.1596
      vertex 71.4304 0.215615 11.2504
      vertex 71.5193 0.286568 11.1596
    endloop
  endfacet
  facet normal 0.442456 0.442795 0.779849
    outer loop
      vertex 71.4304 0.215615 11.2504
      vertex 71.4466 0.359344 11.1596
      vertex 71.3756 0.270373 11.2504
    endloop
  endfacet
  facet normal 0.30796 0.308197 0.900097
    outer loop
      vertex 71.3756 0.270373 11.2504
      vertex 71.3278 0.133851 11.3135
      vertex 71.4304 0.215615 11.2504
    endloop
  endfacet
  facet normal 0.763663 0.479887 -0.431888
    outer loop
      vertex 71.7128 0.266198 10.4853
      vertex 71.5903 0.34315 10.3542
      vertex 71.6397 0.382525 10.4853
    endloop
  endfacet
  facet normal 0.637722 0.63807 -0.431481
    outer loop
      vertex 71.6397 0.382525 10.4853
      vertex 71.5032 0.430297 10.3542
      vertex 71.5425 0.479672 10.4853
    endloop
  endfacet
  facet normal 0.637935 0.637591 -0.431877
    outer loop
      vertex 71.5032 0.430297 10.3542
      vertex 71.6397 0.382525 10.4853
      vertex 71.5903 0.34315 10.3542
    endloop
  endfacet
  facet normal 0.825933 0.518619 0.221065
    outer loop
      vertex 71.665 0.402719 10.7728
      vertex 71.6397 0.382525 10.9147
      vertex 71.7419 0.280251 10.7728
    endloop
  endfacet
  facet normal 0.0483921 0.430889 0.901107
    outer loop
      vertex 71.2 0.231505 11.3033
      vertex 71.2 0.210174 11.3135
      vertex 71.2078 0.209298 11.3135
    endloop
  endfacet
  facet normal 0.322145 -0.920491 -0.221176
    outer loop
      vertex 71.3037 -0.629718 10.6272
      vertex 71.2965 -0.598142 10.4853
      vertex 71.4402 -0.581947 10.6272
    endloop
  endfacet
  facet normal 0.330326 -0.943867 0
    outer loop
      vertex 71.3037 -0.629718 10.6272
      vertex 71.4402 -0.581947 10.7728
      vertex 71.3037 -0.629718 10.7728
    endloop
  endfacet
  facet normal 0.330326 -0.943867 0
    outer loop
      vertex 71.4402 -0.581947 10.7728
      vertex 71.3037 -0.629718 10.6272
      vertex 71.4402 -0.581947 10.6272
    endloop
  endfacet
  facet normal 0.158566 0.158133 -0.974603
    outer loop
      vertex 71.3278 0.133851 10.0865
      vertex 71.2054 0.0568991 10.0541
      vertex 71.2939 0.167844 10.0865
    endloop
  endfacet
  facet normal 0.231782 -0.36905 -0.900044
    outer loop
      vertex 71.31 -0.311573 10.1496
      vertex 71.2531 -0.19342 10.0865
      vertex 71.3756 -0.270373 10.1496
    endloop
  endfacet
  facet normal 0.144099 -0.411278 -0.900048
    outer loop
      vertex 71.31 -0.311573 10.1496
      vertex 71.237 -0.33715 10.1496
      vertex 71.2531 -0.19342 10.0865
    endloop
  endfacet
  facet normal 0.189443 0.119443 -0.9746
    outer loop
      vertex 71.2256 0.0315762 10.0541
      vertex 71.2169 0.0453749 10.0541
      vertex 71.3278 0.133851 10.0865
    endloop
  endfacet
  facet normal 0.158527 -0.158194 -0.974599
    outer loop
      vertex 71.3278 -0.133851 10.0865
      vertex 71.2054 -0.0568991 10.0541
      vertex 71.2169 -0.0453749 10.0541
    endloop
  endfacet
  facet normal 0.231544 0.36937 -0.899974
    outer loop
      vertex 71.2939 0.167844 10.0865
      vertex 71.2531 0.19342 10.0865
      vertex 71.3756 0.270373 10.1496
    endloop
  endfacet
  facet normal 0.144157 0.41128 -0.900037
    outer loop
      vertex 71.2531 0.19342 10.0865
      vertex 71.2078 0.209298 10.0865
      vertex 71.237 0.33715 10.1496
    endloop
  endfacet
  facet normal 0.189443 -0.119443 -0.9746
    outer loop
      vertex 71.3278 -0.133851 10.0865
      vertex 71.2169 -0.0453749 10.0541
      vertex 71.2256 -0.0315762 10.0541
    endloop
  endfacet
  facet normal 0 0 -1
    outer loop
      vertex 71.2309 -0.0161943 10.0541
      vertex 71.2309 0.0161943 10.0541
      vertex 71.2328 0 10.0541
    endloop
  endfacet
  facet normal 0 0 -1
    outer loop
      vertex 71.2256 -0.0315762 10.0541
      vertex 71.2309 0.0161943 10.0541
      vertex 71.2309 -0.0161943 10.0541
    endloop
  endfacet
  facet normal 0 0 -1
    outer loop
      vertex 71.2256 -0.0315762 10.0541
      vertex 71.2256 0.0315762 10.0541
      vertex 71.2309 0.0161943 10.0541
    endloop
  endfacet
  facet normal 0 0 -1
    outer loop
      vertex 71.2 -0.0602762 10.0541
      vertex 71.2256 -0.0315762 10.0541
      vertex 71.2169 -0.0453749 10.0541
    endloop
  endfacet
  facet normal -0 0 -1
    outer loop
      vertex 71.2256 -0.0315762 10.0541
      vertex 71.2 -0.0602762 10.0541
      vertex 71.2256 0.0315762 10.0541
    endloop
  endfacet
  facet normal 0 0 -1
    outer loop
      vertex 71.2 -0.0602762 10.0541
      vertex 71.2169 -0.0453749 10.0541
      vertex 71.2054 -0.0568991 10.0541
    endloop
  endfacet
  facet normal 0 0 -1
    outer loop
      vertex 71.2 0.0602762 10.0541
      vertex 71.2256 0.0315762 10.0541
      vertex 71.2 -0.0602762 10.0541
    endloop
  endfacet
  facet normal 0 0 -1
    outer loop
      vertex 71.2256 0.0315762 10.0541
      vertex 71.2 0.0602762 10.0541
      vertex 71.2169 0.0453749 10.0541
    endloop
  endfacet
  facet normal 0 0 -1
    outer loop
      vertex 71.2169 0.0453749 10.0541
      vertex 71.2 0.0602762 10.0541
      vertex 71.2054 0.0568991 10.0541
    endloop
  endfacet
  facet normal 0.22253 -0.025155 -0.974601
    outer loop
      vertex 71.3693 -0.0477705 10.0865
      vertex 71.2328 0 10.0541
      vertex 71.3747 0 10.0865
    endloop
  endfacet
  facet normal 0.433171 -0.0489659 -0.89998
    outer loop
      vertex 71.5058 0 10.1496
      vertex 71.3693 -0.0477705 10.0865
      vertex 71.3747 0 10.0865
    endloop
  endfacet
  facet normal 0.433171 0.0489659 -0.89998
    outer loop
      vertex 71.3747 0 10.0865
      vertex 71.3693 0.0477705 10.0865
      vertex 71.5058 0 10.1496
    endloop
  endfacet
  facet normal 0.22253 0.025155 -0.974601
    outer loop
      vertex 71.3747 0 10.0865
      vertex 71.2328 0 10.0541
      vertex 71.3693 0.0477705 10.0865
    endloop
  endfacet
  facet normal 0.074293 -0.211958 -0.974451
    outer loop
      vertex 71.2 -0.175253 10.0785
      vertex 71.2531 -0.19342 10.0865
      vertex 71.2078 -0.209298 10.0865
    endloop
  endfacet
  facet normal 0.0745349 -0.211306 -0.974574
    outer loop
      vertex 71.2531 -0.19342 10.0865
      vertex 71.2 -0.175253 10.0785
      vertex 71.2 -0.108838 10.0641
    endloop
  endfacet
  facet normal 0.073864 -0.211717 -0.974536
    outer loop
      vertex 71.2531 -0.19342 10.0865
      vertex 71.2 -0.108838 10.0641
      vertex 71.2 -0.0830611 10.0585
    endloop
  endfacet
  facet normal 0.189624 0.119258 -0.974587
    outer loop
      vertex 71.3534 0.0931463 10.0865
      vertex 71.2256 0.0315762 10.0541
      vertex 71.3278 0.133851 10.0865
    endloop
  endfacet
  facet normal 0 0 1
    outer loop
      vertex 71.2309 0.0161943 11.3459
      vertex 71.2309 -0.0161943 11.3459
      vertex 71.2328 0 11.3459
    endloop
  endfacet
  facet normal 0 0 1
    outer loop
      vertex 71.2256 0.0315762 11.3459
      vertex 71.2309 -0.0161943 11.3459
      vertex 71.2309 0.0161943 11.3459
    endloop
  endfacet
  facet normal 0 0 1
    outer loop
      vertex 71.2256 0.0315762 11.3459
      vertex 71.2256 -0.0315762 11.3459
      vertex 71.2309 -0.0161943 11.3459
    endloop
  endfacet
  facet normal 0 0 1
    outer loop
      vertex 71.2 0.0602762 11.3459
      vertex 71.2256 0.0315762 11.3459
      vertex 71.2169 0.0453749 11.3459
    endloop
  endfacet
  facet normal 0 0 1
    outer loop
      vertex 71.2256 0.0315762 11.3459
      vertex 71.2 0.0602762 11.3459
      vertex 71.2256 -0.0315762 11.3459
    endloop
  endfacet
  facet normal 0 0 1
    outer loop
      vertex 71.2 0.0602762 11.3459
      vertex 71.2169 0.0453749 11.3459
      vertex 71.2054 0.0568991 11.3459
    endloop
  endfacet
  facet normal 0 0 1
    outer loop
      vertex 71.2 -0.0602762 11.3459
      vertex 71.2256 -0.0315762 11.3459
      vertex 71.2 0.0602762 11.3459
    endloop
  endfacet
  facet normal 0 0 1
    outer loop
      vertex 71.2256 -0.0315762 11.3459
      vertex 71.2 -0.0602762 11.3459
      vertex 71.2169 -0.0453749 11.3459
    endloop
  endfacet
  facet normal 0 0 1
    outer loop
      vertex 71.2169 -0.0453749 11.3459
      vertex 71.2 -0.0602762 11.3459
      vertex 71.2054 -0.0568991 11.3459
    endloop
  endfacet
  facet normal 0.308712 -0.307867 0.899953
    outer loop
      vertex 71.3278 -0.133851 11.3135
      vertex 71.2939 -0.167844 11.3135
      vertex 71.3756 -0.270373 11.2504
    endloop
  endfacet
  facet normal 0.211539 -0.0728882 0.974648
    outer loop
      vertex 71.2309 -0.0161943 11.3459
      vertex 71.2256 -0.0315762 11.3459
      vertex 71.3693 -0.0477705 11.3135
    endloop
  endfacet
  facet normal 0.222221 -0.0260721 0.974648
    outer loop
      vertex 71.2328 0 11.3459
      vertex 71.2309 -0.0161943 11.3459
      vertex 71.3693 -0.0477705 11.3135
    endloop
  endfacet
  facet normal 0.144157 -0.41128 0.900037
    outer loop
      vertex 71.2531 -0.19342 11.3135
      vertex 71.2078 -0.209298 11.3135
      vertex 71.237 -0.33715 11.2504
    endloop
  endfacet
  facet normal 0.0293672 -0.222273 0.974542
    outer loop
      vertex 71.2 -0.175253 11.3215
      vertex 71.2 -0.187091 11.3188
      vertex 71.2078 -0.209298 11.3135
    endloop
  endfacet
  facet normal 0.073864 -0.211717 0.974536
    outer loop
      vertex 71.2 -0.0830611 11.3415
      vertex 71.2 -0.108838 11.3359
      vertex 71.2531 -0.19342 11.3135
    endloop
  endfacet
  facet normal 0.530175 -0.333386 0.779595
    outer loop
      vertex 71.5741 -0.199421 11.1596
      vertex 71.4304 -0.215615 11.2504
      vertex 71.5193 -0.286568 11.1596
    endloop
  endfacet
  facet normal 0.144099 0.411278 0.900048
    outer loop
      vertex 71.31 0.311573 11.2504
      vertex 71.237 0.33715 11.2504
      vertex 71.2531 0.19342 11.3135
    endloop
  endfacet
  facet normal 0.0293672 -0.222273 -0.974542
    outer loop
      vertex 71.2078 -0.209298 10.0865
      vertex 71.2 -0.187091 10.0812
      vertex 71.2 -0.175253 10.0785
    endloop
  endfacet
  facet normal 0.144157 -0.41128 -0.900037
    outer loop
      vertex 71.237 -0.33715 10.1496
      vertex 71.2078 -0.209298 10.0865
      vertex 71.2531 -0.19342 10.0865
    endloop
  endfacet
  facet normal 0.0293672 0.222273 -0.974542
    outer loop
      vertex 71.2078 0.209298 10.0865
      vertex 71.2 0.175253 10.0785
      vertex 71.2 0.187091 10.0812
    endloop
  endfacet
  facet normal 0.073864 0.211717 -0.974536
    outer loop
      vertex 71.2531 0.19342 10.0865
      vertex 71.2 0.0830611 10.0585
      vertex 71.2 0.108838 10.0641
    endloop
  endfacet
  facet normal 0.211539 0.0728882 -0.974648
    outer loop
      vertex 71.2309 0.0161943 10.0541
      vertex 71.2256 0.0315762 10.0541
      vertex 71.3693 0.0477705 10.0865
    endloop
  endfacet
  facet normal 0.433173 -0.0489735 -0.899979
    outer loop
      vertex 71.4971 -0.076952 10.1496
      vertex 71.3693 -0.0477705 10.0865
      vertex 71.5058 0 10.1496
    endloop
  endfacet
  facet normal 0.591278 -0.20628 -0.77964
    outer loop
      vertex 71.5741 -0.199421 10.2404
      vertex 71.4716 -0.150045 10.1496
      vertex 71.4971 -0.076952 10.1496
    endloop
  endfacet
  facet normal 0.211539 -0.0728882 -0.974648
    outer loop
      vertex 71.3693 -0.0477705 10.0865
      vertex 71.2256 -0.0315762 10.0541
      vertex 71.2309 -0.0161943 10.0541
    endloop
  endfacet
  facet normal 0.222221 -0.0260721 -0.974648
    outer loop
      vertex 71.3693 -0.0477705 10.0865
      vertex 71.2309 -0.0161943 10.0541
      vertex 71.2328 0 10.0541
    endloop
  endfacet
  facet normal 0.189624 -0.119258 0.974587
    outer loop
      vertex 71.3534 -0.0931463 11.3135
      vertex 71.2256 -0.0315762 11.3459
      vertex 71.3278 -0.133851 11.3135
    endloop
  endfacet
  facet normal 0.189443 -0.119443 0.9746
    outer loop
      vertex 71.2256 -0.0315762 11.3459
      vertex 71.2169 -0.0453749 11.3459
      vertex 71.3278 -0.133851 11.3135
    endloop
  endfacet
  facet normal 0.0702385 0.622145 0.779745
    outer loop
      vertex 71.2 0.38582 11.2149
      vertex 71.237 0.33715 11.2504
      vertex 71.2623 0.448095 11.1596
    endloop
  endfacet
  facet normal 0.0699873 0.622034 0.779856
    outer loop
      vertex 71.237 0.33715 11.2504
      vertex 71.2 0.38582 11.2149
      vertex 71.2 0.341313 11.2504
    endloop
  endfacet
  facet normal 0.0487741 0.433495 0.899835
    outer loop
      vertex 71.2 0.231505 11.3033
      vertex 71.237 0.33715 11.2504
      vertex 71.2 0.341313 11.2504
    endloop
  endfacet
  facet normal 0.0531549 0.432159 0.90023
    outer loop
      vertex 71.237 0.33715 11.2504
      vertex 71.2 0.231505 11.3033
      vertex 71.2078 0.209298 11.3135
    endloop
  endfacet
  facet normal 0.0877243 0.778855 0.621039
    outer loop
      vertex 71.2 0.51037 11.0903
      vertex 71.2 0.455112 11.1596
      vertex 71.2623 0.448095 11.1596
    endloop
  endfacet
  facet normal 0.211393 -0.0740735 -0.97459
    outer loop
      vertex 71.3534 -0.0931463 10.0865
      vertex 71.2256 -0.0315762 10.0541
      vertex 71.3693 -0.0477705 10.0865
    endloop
  endfacet
  facet normal 0.411431 -0.144168 -0.899967
    outer loop
      vertex 71.4971 -0.076952 10.1496
      vertex 71.3534 -0.0931463 10.0865
      vertex 71.3693 -0.0477705 10.0865
    endloop
  endfacet
  facet normal -0.920687 0.321857 -0.220777
    outer loop
      vertex 38.8598 -19.3362 9.76789
      vertex 38.8125 -19.4116 9.85522
      vertex 38.8419 -19.3275 9.85522
    endloop
  endfacet
  facet normal -0.11228 -0.993677 0
    outer loop
      vertex 39.1115 -20.8875 9.85522
      vertex 39.2 -20.8975 11.5448
      vertex 39.1115 -20.8875 11.5448
    endloop
  endfacet
  facet normal -0.11228 -0.993677 -0
    outer loop
      vertex 39.2 -20.8975 11.5448
      vertex 39.1115 -20.8875 9.85522
      vertex 39.2 -20.8975 9.85522
    endloop
  endfacet
  facet normal -0.96913 -0.10963 -0.220837
    outer loop
      vertex 38.8125 -20.5884 9.85522
      vertex 38.8025 -20.5 9.85522
      vertex 38.8224 -20.5 9.76789
    endloop
  endfacet
  facet normal -0.920683 0.321893 -0.220744
    outer loop
      vertex 38.8319 -19.416 9.76789
      vertex 38.8125 -19.4116 9.85522
      vertex 38.8598 -19.3362 9.76789
    endloop
  endfacet
  facet normal -0.896287 0.101366 -0.431735
    outer loop
      vertex 38.8698 -19.4246 9.68719
      vertex 38.8224 -19.5 9.76789
      vertex 38.8319 -19.416 9.76789
    endloop
  endfacet
  facet normal -0.518944 0.825697 -0.221182
    outer loop
      vertex 38.9646 -19.2048 9.76789
      vertex 38.9522 -19.1892 9.85522
      vertex 39.0362 -19.1598 9.76789
    endloop
  endfacet
  facet normal -0.231305 0.369794 -0.899861
    outer loop
      vertex 39.1176 -19.3967 9.52245
      vertex 39.0673 -19.3336 9.56131
      vertex 39.1427 -19.381 9.52245
    endloop
  endfacet
  facet normal -0.73949 0.259687 0.621062
    outer loop
      vertex 38.9452 -19.3773 11.7828
      vertex 38.8698 -19.4246 11.7128
      vertex 38.9242 -19.4371 11.7828
    endloop
  endfacet
  facet normal -0.479999 0.763732 -0.431641
    outer loop
      vertex 38.9888 -19.2352 9.68719
      vertex 38.9646 -19.2048 9.76789
      vertex 39.0362 -19.1598 9.76789
    endloop
  endfacet
  facet normal -0.321861 0.920592 0.221167
    outer loop
      vertex 39.1115 -19.1125 11.5448
      vertex 39.0362 -19.1598 11.6321
      vertex 39.116 -19.1319 11.6321
    endloop
  endfacet
  facet normal -0.333372 0.53023 -0.779563
    outer loop
      vertex 39.0673 -19.3336 9.56131
      vertex 39.0237 -19.2789 9.61716
      vertex 39.0773 -19.2452 9.61716
    endloop
  endfacet
  facet normal 0 0 1
    outer loop
      vertex 39.6 -19.4552 11.8975
      vertex 39.6448 -19.5 11.8975
      vertex 39.6437 -19.49 11.8975
    endloop
  endfacet
  facet normal 0 0 1
    outer loop
      vertex 39.6448 -19.5 11.8975
      vertex 39.1552 -19.5 11.8975
      vertex 39.6448 -20.5 11.8975
    endloop
  endfacet
  facet normal 0 0 1
    outer loop
      vertex 39.6 -19.4552 11.8975
      vertex 39.6437 -19.49 11.8975
      vertex 39.6404 -19.4806 11.8975
    endloop
  endfacet
  facet normal 0 0 1
    outer loop
      vertex 39.1552 -20.5 11.8975
      vertex 39.6448 -20.5 11.8975
      vertex 39.1552 -19.5 11.8975
    endloop
  endfacet
  facet normal 0 0 1
    outer loop
      vertex 39.6 -19.4552 11.8975
      vertex 39.6404 -19.4806 11.8975
      vertex 39.635 -19.4721 11.8975
    endloop
  endfacet
  facet normal 0 -0 1
    outer loop
      vertex 39.6 -20.5448 11.8975
      vertex 39.6448 -20.5 11.8975
      vertex 39.1552 -20.5 11.8975
    endloop
  endfacet
  facet normal 0 0 1
    outer loop
      vertex 39.6 -19.4552 11.8975
      vertex 39.635 -19.4721 11.8975
      vertex 39.6279 -19.465 11.8975
    endloop
  endfacet
  facet normal 0 0 1
    outer loop
      vertex 39.6448 -19.5 11.8975
      vertex 39.6 -19.4552 11.8975
      vertex 39.1552 -19.5 11.8975
    endloop
  endfacet
  facet normal 0 0 1
    outer loop
      vertex 39.6 -19.4552 11.8975
      vertex 39.6279 -19.465 11.8975
      vertex 39.6194 -19.4597 11.8975
    endloop
  endfacet
  facet normal 0 0 1
    outer loop
      vertex 39.6448 -20.5 11.8975
      vertex 39.6 -20.5448 11.8975
      vertex 39.6437 -20.51 11.8975
    endloop
  endfacet
  facet normal 0 0 1
    outer loop
      vertex 39.6 -19.4552 11.8975
      vertex 39.6194 -19.4597 11.8975
      vertex 39.61 -19.4563 11.8975
    endloop
  endfacet
  facet normal 0 0 1
    outer loop
      vertex 39.635 -20.5279 11.8975
      vertex 39.6 -20.5448 11.8975
      vertex 39.6279 -20.535 11.8975
    endloop
  endfacet
  facet normal 0 0 1
    outer loop
      vertex 39.6279 -20.535 11.8975
      vertex 39.6 -20.5448 11.8975
      vertex 39.6194 -20.5403 11.8975
    endloop
  endfacet
  facet normal 0 0 1
    outer loop
      vertex 39.6194 -20.5403 11.8975
      vertex 39.6 -20.5448 11.8975
      vertex 39.61 -20.5437 11.8975
    endloop
  endfacet
  facet normal 0 0 1
    outer loop
      vertex 39.1552 -19.5 11.8975
      vertex 39.6 -19.4552 11.8975
      vertex 39.2 -19.4552 11.8975
    endloop
  endfacet
  facet normal 0 0 1
    outer loop
      vertex 39.6437 -20.51 11.8975
      vertex 39.6 -20.5448 11.8975
      vertex 39.6404 -20.5194 11.8975
    endloop
  endfacet
  facet normal 0 0 1
    outer loop
      vertex 39.1552 -19.5 11.8975
      vertex 39.2 -19.4552 11.8975
      vertex 39.19 -19.4563 11.8975
    endloop
  endfacet
  facet normal 0 0 1
    outer loop
      vertex 39.6404 -20.5194 11.8975
      vertex 39.6 -20.5448 11.8975
      vertex 39.635 -20.5279 11.8975
    endloop
  endfacet
  facet normal 0 0 1
    outer loop
      vertex 39.1552 -19.5 11.8975
      vertex 39.19 -19.4563 11.8975
      vertex 39.1806 -19.4597 11.8975
    endloop
  endfacet
  facet normal 0 0 1
    outer loop
      vertex 39.6 -20.5448 11.8975
      vertex 39.1552 -20.5 11.8975
      vertex 39.2 -20.5448 11.8975
    endloop
  endfacet
  facet normal 0 0 1
    outer loop
      vertex 39.1552 -19.5 11.8975
      vertex 39.1806 -19.4597 11.8975
      vertex 39.1721 -19.465 11.8975
    endloop
  endfacet
  facet normal 0 0 1
    outer loop
      vertex 39.2 -20.5448 11.8975
      vertex 39.1552 -20.5 11.8975
      vertex 39.19 -20.5437 11.8975
    endloop
  endfacet
  facet normal 0 0 1
    outer loop
      vertex 39.1552 -19.5 11.8975
      vertex 39.1721 -19.465 11.8975
      vertex 39.165 -19.4721 11.8975
    endloop
  endfacet
  facet normal 0 0 1
    outer loop
      vertex 39.19 -20.5437 11.8975
      vertex 39.1552 -20.5 11.8975
      vertex 39.1806 -20.5403 11.8975
    endloop
  endfacet
  facet normal 0 0 1
    outer loop
      vertex 39.1552 -19.5 11.8975
      vertex 39.165 -19.4721 11.8975
      vertex 39.1596 -19.4806 11.8975
    endloop
  endfacet
  facet normal 0 0 1
    outer loop
      vertex 39.1806 -20.5403 11.8975
      vertex 39.1552 -20.5 11.8975
      vertex 39.1721 -20.535 11.8975
    endloop
  endfacet
  facet normal 0 0 1
    outer loop
      vertex 39.1552 -19.5 11.8975
      vertex 39.1596 -19.4806 11.8975
      vertex 39.1563 -19.49 11.8975
    endloop
  endfacet
  facet normal 0 0 1
    outer loop
      vertex 39.1721 -20.535 11.8975
      vertex 39.1552 -20.5 11.8975
      vertex 39.165 -20.5279 11.8975
    endloop
  endfacet
  facet normal 0 0 1
    outer loop
      vertex 39.165 -20.5279 11.8975
      vertex 39.1552 -20.5 11.8975
      vertex 39.1596 -20.5194 11.8975
    endloop
  endfacet
  facet normal 0 0 1
    outer loop
      vertex 39.1596 -20.5194 11.8975
      vertex 39.1552 -20.5 11.8975
      vertex 39.1563 -20.51 11.8975
    endloop
  endfacet
  facet normal -0.518944 -0.825697 -0.221182
    outer loop
      vertex 39.0362 -20.8402 9.76789
      vertex 38.9522 -20.8108 9.85522
      vertex 38.9646 -20.7952 9.76789
    endloop
  endfacet
  facet normal -0.896287 -0.101366 -0.431735
    outer loop
      vertex 38.8319 -20.584 9.76789
      vertex 38.8224 -20.5 9.76789
      vertex 38.8698 -20.5754 9.68719
    endloop
  endfacet
  facet normal -0.663572 0.416541 0.621423
    outer loop
      vertex 38.9352 -19.2888 11.7128
      vertex 38.8949 -19.353 11.7128
      vertex 38.9452 -19.3773 11.7828
    endloop
  endfacet
  facet normal 0.479248 -0.763971 -0.432054
    outer loop
      vertex 39.747 -20.8051 9.68719
      vertex 39.8063 -20.7726 9.6955
      vertex 39.7638 -20.8402 9.76789
    endloop
  endfacet
  facet normal 0.479245 -0.763957 -0.432082
    outer loop
      vertex 39.8063 -20.7726 9.6955
      vertex 39.747 -20.8051 9.68719
      vertex 39.8063 -20.7679 9.68719
    endloop
  endfacet
  facet normal 0.211327 0.0742297 -0.974593
    outer loop
      vertex 39.7288 -19.4706 9.52245
      vertex 39.6404 -19.4806 9.50252
      vertex 39.719 -19.4427 9.52245
    endloop
  endfacet
  facet normal -0.637867 0.637867 0.431568
    outer loop
      vertex 38.9646 -19.2048 11.6321
      vertex 38.9352 -19.2888 11.7128
      vertex 38.9888 -19.2352 11.7128
    endloop
  endfacet
  facet normal -0.637867 0.637867 0.431568
    outer loop
      vertex 38.9352 -19.2888 11.7128
      vertex 38.9646 -19.2048 11.6321
      vertex 38.9048 -19.2646 11.6321
    endloop
  endfacet
  facet normal -0.825697 0.518944 -0.221182
    outer loop
      vertex 38.9048 -19.2646 9.76789
      vertex 38.8598 -19.3362 9.76789
      vertex 38.8892 -19.2522 9.85522
    endloop
  endfacet
  facet normal -0.531918 0.846796 0
    outer loop
      vertex 39.0275 -19.1419 9.85522
      vertex 38.9522 -19.1892 11.5448
      vertex 39.0275 -19.1419 11.5448
    endloop
  endfacet
  facet normal -0.531918 0.846796 0
    outer loop
      vertex 38.9522 -19.1892 11.5448
      vertex 39.0275 -19.1419 9.85522
      vertex 38.9522 -19.1892 9.85522
    endloop
  endfacet
  facet normal -0.553872 -0.553872 -0.621653
    outer loop
      vertex 38.9888 -20.7648 9.68719
      vertex 38.9789 -20.6763 9.61716
      vertex 39.0237 -20.7211 9.61716
    endloop
  endfacet
  facet normal -0.553872 -0.553872 -0.621653
    outer loop
      vertex 38.9789 -20.6763 9.61716
      vertex 38.9888 -20.7648 9.68719
      vertex 38.9352 -20.7112 9.68719
    endloop
  endfacet
  facet normal -0.637867 0.637867 -0.431568
    outer loop
      vertex 38.9352 -19.2888 9.68719
      vertex 38.9646 -19.2048 9.76789
      vertex 38.9888 -19.2352 9.68719
    endloop
  endfacet
  facet normal -0.637867 0.637867 -0.431568
    outer loop
      vertex 38.9646 -19.2048 9.76789
      vertex 38.9352 -19.2888 9.68719
      vertex 38.9048 -19.2646 9.76789
    endloop
  endfacet
  facet normal -0.763732 0.479999 -0.431641
    outer loop
      vertex 38.9352 -19.2888 9.68719
      vertex 38.8598 -19.3362 9.76789
      vertex 38.9048 -19.2646 9.76789
    endloop
  endfacet
  facet normal -0.778528 -0.087765 -0.621444
    outer loop
      vertex 38.8698 -20.5754 9.68719
      vertex 38.8613 -20.5 9.68719
      vertex 38.9172 -20.5 9.61716
    endloop
  endfacet
  facet normal 0.207408 -0.590619 -0.779841
    outer loop
      vertex 39.6629 -20.7758 9.61716
      vertex 39.6474 -20.7075 9.56131
      vertex 39.7227 -20.7548 9.61716
    endloop
  endfacet
  facet normal -0.975007 0 -0.222176
    outer loop
      vertex 38.8224 -20.5 9.76789
      vertex 38.8025 -19.5 9.85522
      vertex 38.8224 -19.5 9.76789
    endloop
  endfacet
  facet normal -0.975007 -0 -0.222176
    outer loop
      vertex 38.8025 -19.5 9.85522
      vertex 38.8224 -20.5 9.76789
      vertex 38.8025 -20.5 9.85522
    endloop
  endfacet
  facet normal -0.33035 0.943858 0
    outer loop
      vertex 39.1115 -19.1125 9.85522
      vertex 39.0275 -19.1419 11.5448
      vertex 39.1115 -19.1125 11.5448
    endloop
  endfacet
  facet normal -0.33035 0.943858 0
    outer loop
      vertex 39.0275 -19.1419 11.5448
      vertex 39.1115 -19.1125 9.85522
      vertex 39.0275 -19.1419 9.85522
    endloop
  endfacet
  facet normal -0.0877505 0.778399 0.621607
    outer loop
      vertex 39.2 -19.1613 11.7128
      vertex 39.1246 -19.1698 11.7128
      vertex 39.2 -19.2172 11.7828
    endloop
  endfacet
  facet normal -0.416541 0.663572 0.621423
    outer loop
      vertex 39.053 -19.1949 11.7128
      vertex 38.9888 -19.2352 11.7128
      vertex 39.0773 -19.2452 11.7828
    endloop
  endfacet
  facet normal -0.993662 -0.112405 0
    outer loop
      vertex 38.8125 -20.5884 9.85522
      vertex 38.8025 -20.5 11.5448
      vertex 38.8025 -20.5 9.85522
    endloop
  endfacet
  facet normal -0.993662 -0.112405 0
    outer loop
      vertex 38.8025 -20.5 11.5448
      vertex 38.8125 -20.5884 9.85522
      vertex 38.8125 -20.5884 11.5448
    endloop
  endfacet
  facet normal -0.231453 0.369594 -0.899905
    outer loop
      vertex 39.1427 -19.381 9.52245
      vertex 39.0673 -19.3336 9.56131
      vertex 39.1077 -19.3083 9.56131
    endloop
  endfacet
  facet normal -0.333554 0.530518 0.77929
    outer loop
      vertex 39.0773 -19.2452 11.7828
      vertex 39.0237 -19.2789 11.7828
      vertex 39.0673 -19.3336 11.8387
    endloop
  endfacet
  facet normal 0 0.97499 0.222249
    outer loop
      vertex 39.6 -19.1025 11.5448
      vertex 39.2 -19.1224 11.6321
      vertex 39.6 -19.1224 11.6321
    endloop
  endfacet
  facet normal 0 0.97499 0.222249
    outer loop
      vertex 39.2 -19.1224 11.6321
      vertex 39.6 -19.1025 11.5448
      vertex 39.2 -19.1025 11.5448
    endloop
  endfacet
  facet normal -0.144748 0.411341 -0.899915
    outer loop
      vertex 39.1427 -19.381 9.52245
      vertex 39.1077 -19.3083 9.56131
      vertex 39.1526 -19.2925 9.56131
    endloop
  endfacet
  facet normal 0.10103 0.896199 -0.431997
    outer loop
      vertex 39.6754 -19.1698 9.68719
      vertex 39.6 -19.1613 9.68719
      vertex 39.6 -19.1224 9.76789
    endloop
  endfacet
  facet normal -0.259687 -0.73949 0.621062
    outer loop
      vertex 39.1371 -20.7758 11.7828
      vertex 39.0773 -20.7548 11.7828
      vertex 39.1246 -20.8302 11.7128
    endloop
  endfacet
  facet normal 0.109628 -0.969113 0.220909
    outer loop
      vertex 39.6 -20.8776 11.6321
      vertex 39.6 -20.8975 11.5448
      vertex 39.6884 -20.8875 11.5448
    endloop
  endfacet
  facet normal -0.969138 0.109605 -0.220812
    outer loop
      vertex 38.8224 -19.5 9.76789
      vertex 38.8125 -19.4116 9.85522
      vertex 38.8319 -19.416 9.76789
    endloop
  endfacet
  facet normal -0.663681 -0.41661 -0.621259
    outer loop
      vertex 38.9352 -20.7112 9.68719
      vertex 38.8949 -20.647 9.68719
      vertex 38.9452 -20.6227 9.61716
    endloop
  endfacet
  facet normal -0.0249742 0.222498 -0.974613
    outer loop
      vertex 39.2 -19.4552 9.50252
      vertex 39.1706 -19.3712 9.52245
      vertex 39.2 -19.3679 9.52245
    endloop
  endfacet
  facet normal -0.77919 0.0867143 -0.620761
    outer loop
      vertex 38.9172 -19.5 9.61716
      vertex 38.8698 -19.4246 9.68719
      vertex 38.9242 -19.4371 9.61716
    endloop
  endfacet
  facet normal 0.0486305 0.433254 -0.899959
    outer loop
      vertex 39.6294 -19.3712 9.52245
      vertex 39.6 -19.3679 9.52245
      vertex 39.6474 -19.2925 9.56131
    endloop
  endfacet
  facet normal -0.707107 -0.707107 0
    outer loop
      vertex 38.9522 -20.8108 9.85522
      vertex 38.8892 -20.7478 11.5448
      vertex 38.8892 -20.7478 9.85522
    endloop
  endfacet
  facet normal -0.707107 -0.707107 0
    outer loop
      vertex 38.8892 -20.7478 11.5448
      vertex 38.9522 -20.8108 9.85522
      vertex 38.9522 -20.8108 11.5448
    endloop
  endfacet
  facet normal -0.920683 -0.321893 -0.220744
    outer loop
      vertex 38.8598 -20.6638 9.76789
      vertex 38.8125 -20.5884 9.85522
      vertex 38.8319 -20.584 9.76789
    endloop
  endfacet
  facet normal -0.900808 0 0.434218
    outer loop
      vertex 38.8224 -20.5 11.6321
      vertex 38.8613 -19.5 11.7128
      vertex 38.8224 -19.5 11.6321
    endloop
  endfacet
  facet normal -0.900808 0 0.434218
    outer loop
      vertex 38.8613 -19.5 11.7128
      vertex 38.8224 -20.5 11.6321
      vertex 38.8613 -20.5 11.7128
    endloop
  endfacet
  facet normal -0.763732 -0.479999 -0.431641
    outer loop
      vertex 38.9048 -20.7354 9.76789
      vertex 38.8598 -20.6638 9.76789
      vertex 38.9352 -20.7112 9.68719
    endloop
  endfacet
  facet normal -1 0 0
    outer loop
      vertex 38.8025 -20.5 9.85522
      vertex 38.8025 -19.5 11.5448
      vertex 38.8025 -19.5 9.85522
    endloop
  endfacet
  facet normal -1 -0 0
    outer loop
      vertex 38.8025 -19.5 11.5448
      vertex 38.8025 -20.5 9.85522
      vertex 38.8025 -20.5 11.5448
    endloop
  endfacet
  facet normal 0.112405 0.993662 -0
    outer loop
      vertex 39.6884 -19.1125 9.85522
      vertex 39.6 -19.1025 11.5448
      vertex 39.6884 -19.1125 11.5448
    endloop
  endfacet
  facet normal 0.112405 0.993662 0
    outer loop
      vertex 39.6 -19.1025 11.5448
      vertex 39.6884 -19.1125 9.85522
      vertex 39.6 -19.1025 9.85522
    endloop
  endfacet
  facet normal -0.779061 0.0867 0.620924
    outer loop
      vertex 38.9242 -19.4371 11.7828
      vertex 38.8698 -19.4246 11.7128
      vertex 38.9172 -19.5 11.7828
    endloop
  endfacet
  facet normal -0.416874 0.66304 0.621767
    outer loop
      vertex 39.0773 -19.2452 11.7828
      vertex 38.9888 -19.2352 11.7128
      vertex 39.0237 -19.2789 11.7828
    endloop
  endfacet
  facet normal -0 0.624014 0.781413
    outer loop
      vertex 39.2 -19.2172 11.7828
      vertex 39.6 -19.2872 11.8387
      vertex 39.6 -19.2172 11.7828
    endloop
  endfacet
  facet normal 0 0.624014 0.781413
    outer loop
      vertex 39.6 -19.2872 11.8387
      vertex 39.2 -19.2172 11.7828
      vertex 39.2 -19.2872 11.8387
    endloop
  endfacet
  facet normal -0.11228 0.993677 0
    outer loop
      vertex 39.2 -19.1025 9.85522
      vertex 39.1115 -19.1125 11.5448
      vertex 39.2 -19.1025 11.5448
    endloop
  endfacet
  facet normal -0.11228 0.993677 0
    outer loop
      vertex 39.1115 -19.1125 11.5448
      vertex 39.2 -19.1025 9.85522
      vertex 39.1115 -19.1125 9.85522
    endloop
  endfacet
  facet normal -0.993662 0.112405 0
    outer loop
      vertex 38.8025 -19.5 9.85522
      vertex 38.8125 -19.4116 11.5448
      vertex 38.8125 -19.4116 9.85522
    endloop
  endfacet
  facet normal -0.993662 0.112405 0
    outer loop
      vertex 38.8125 -19.4116 11.5448
      vertex 38.8025 -19.5 9.85522
      vertex 38.8025 -19.5 11.5448
    endloop
  endfacet
  facet normal -0.689595 -0.689595 0.221176
    outer loop
      vertex 38.8892 -20.7478 11.5448
      vertex 38.9646 -20.7952 11.6321
      vertex 38.9048 -20.7354 11.6321
    endloop
  endfacet
  facet normal -0.689595 -0.689595 0.221176
    outer loop
      vertex 38.9646 -20.7952 11.6321
      vertex 38.8892 -20.7478 11.5448
      vertex 38.9522 -20.8108 11.5448
    endloop
  endfacet
  facet normal 0.222179 -0.0249385 0.974687
    outer loop
      vertex 39.7321 -20.5 11.8776
      vertex 39.6448 -20.5 11.8975
      vertex 39.7288 -20.5294 11.8776
    endloop
  endfacet
  facet normal -0.144603 0.411675 0.899785
    outer loop
      vertex 39.1526 -19.2925 11.8387
      vertex 39.1427 -19.381 11.8776
      vertex 39.1706 -19.3712 11.8776
    endloop
  endfacet
  facet normal 0.33 0.943981 -0
    outer loop
      vertex 39.7725 -19.1419 9.85522
      vertex 39.6884 -19.1125 11.5448
      vertex 39.7725 -19.1419 11.5448
    endloop
  endfacet
  facet normal 0.33 0.943981 0
    outer loop
      vertex 39.6884 -19.1125 11.5448
      vertex 39.7725 -19.1419 9.85522
      vertex 39.6884 -19.1125 9.85522
    endloop
  endfacet
  facet normal -0.825866 0.518771 -0.220958
    outer loop
      vertex 38.8598 -19.3362 9.76789
      vertex 38.8419 -19.3275 9.85522
      vertex 38.8892 -19.2522 9.85522
    endloop
  endfacet
  facet normal -0.590619 0.207408 -0.779841
    outer loop
      vertex 38.9925 -19.4526 9.56131
      vertex 38.9242 -19.4371 9.61716
      vertex 38.9452 -19.3773 9.61716
    endloop
  endfacet
  facet normal -0.896199 -0.10103 -0.431997
    outer loop
      vertex 38.8698 -20.5754 9.68719
      vertex 38.8224 -20.5 9.76789
      vertex 38.8613 -20.5 9.68719
    endloop
  endfacet
  facet normal -0.621983 -0.0695466 -0.779936
    outer loop
      vertex 38.9925 -20.5474 9.56131
      vertex 38.9242 -20.5629 9.61716
      vertex 38.9872 -20.5 9.56131
    endloop
  endfacet
  facet normal 0.518102 -0.826031 -0.221907
    outer loop
      vertex 39.7725 -20.8581 9.85522
      vertex 39.8063 -20.8253 9.81204
      vertex 39.8063 -20.8369 9.85522
    endloop
  endfacet
  facet normal 0.519015 -0.825714 -0.220952
    outer loop
      vertex 39.8063 -20.8253 9.81204
      vertex 39.7725 -20.8581 9.85522
      vertex 39.7638 -20.8402 9.76789
    endloop
  endfacet
  facet normal -0.0762637 -0.210847 -0.97454
    outer loop
      vertex 39.19 -20.5437 9.50252
      vertex 39.1706 -20.6288 9.52245
      vertex 39.1806 -20.5403 9.50252
    endloop
  endfacet
  facet normal -0.0484543 -0.433346 -0.899924
    outer loop
      vertex 39.2 -20.7128 9.56131
      vertex 39.1526 -20.7075 9.56131
      vertex 39.2 -20.6321 9.52245
    endloop
  endfacet
  facet normal 0.259259 -0.739558 -0.621159
    outer loop
      vertex 39.747 -20.8051 9.68719
      vertex 39.6754 -20.8302 9.68719
      vertex 39.7227 -20.7548 9.61716
    endloop
  endfacet
  facet normal 0.518846 -0.825879 -0.220733
    outer loop
      vertex 39.8063 -20.8253 9.81204
      vertex 39.7638 -20.8402 9.76789
      vertex 39.8063 -20.8135 9.76789
    endloop
  endfacet
  facet normal -0.896199 0.10103 -0.431997
    outer loop
      vertex 38.8613 -19.5 9.68719
      vertex 38.8224 -19.5 9.76789
      vertex 38.8698 -19.4246 9.68719
    endloop
  endfacet
  facet normal -0.739558 -0.259259 -0.621159
    outer loop
      vertex 38.8949 -20.647 9.68719
      vertex 38.8698 -20.5754 9.68719
      vertex 38.9452 -20.6227 9.61716
    endloop
  endfacet
  facet normal -0.96913 0.10963 -0.220837
    outer loop
      vertex 38.8224 -19.5 9.76789
      vertex 38.8025 -19.5 9.85522
      vertex 38.8125 -19.4116 9.85522
    endloop
  endfacet
  facet normal 0.231453 -0.369594 -0.899905
    outer loop
      vertex 39.6923 -20.6917 9.56131
      vertex 39.6573 -20.619 9.52245
      vertex 39.7327 -20.6664 9.56131
    endloop
  endfacet
  facet normal 0.333554 -0.530518 0.77929
    outer loop
      vertex 39.7327 -20.6664 11.8387
      vertex 39.7227 -20.7548 11.7828
      vertex 39.7763 -20.7211 11.7828
    endloop
  endfacet
  facet normal -0.763833 -0.479478 -0.432042
    outer loop
      vertex 38.9352 -20.7112 9.68719
      vertex 38.8598 -20.6638 9.76789
      vertex 38.8949 -20.647 9.68719
    endloop
  endfacet
  facet normal -0.479999 -0.763732 0.431641
    outer loop
      vertex 38.9888 -20.7648 11.7128
      vertex 38.9646 -20.7952 11.6321
      vertex 39.0362 -20.8402 11.6321
    endloop
  endfacet
  facet normal 0.109603 -0.969122 0.220885
    outer loop
      vertex 39.684 -20.8681 11.6321
      vertex 39.6 -20.8776 11.6321
      vertex 39.6884 -20.8875 11.5448
    endloop
  endfacet
  facet normal -0.763833 0.479478 0.432042
    outer loop
      vertex 38.9352 -19.2888 11.7128
      vertex 38.8598 -19.3362 11.6321
      vertex 38.8949 -19.353 11.7128
    endloop
  endfacet
  facet normal -0.851249 0.297617 0.432203
    outer loop
      vertex 38.8598 -19.3362 11.6321
      vertex 38.8319 -19.416 11.6321
      vertex 38.8949 -19.353 11.7128
    endloop
  endfacet
  facet normal 0.231498 0.370102 0.899685
    outer loop
      vertex 39.7327 -19.3336 11.8387
      vertex 39.6573 -19.381 11.8776
      vertex 39.6824 -19.3967 11.8776
    endloop
  endfacet
  facet normal -0.622515 0.0692783 0.779536
    outer loop
      vertex 38.9242 -19.4371 11.7828
      vertex 38.9172 -19.5 11.7828
      vertex 38.9872 -19.5 11.8387
    endloop
  endfacet
  facet normal -0.825683 0.518935 0.221254
    outer loop
      vertex 38.8892 -19.2522 11.5448
      vertex 38.8598 -19.3362 11.6321
      vertex 38.9048 -19.2646 11.6321
    endloop
  endfacet
  facet normal -0.443142 0.443142 0.779263
    outer loop
      vertex 39.0237 -19.2789 11.7828
      vertex 39.0336 -19.3673 11.8387
      vertex 39.0673 -19.3336 11.8387
    endloop
  endfacet
  facet normal -0.443142 0.443142 0.779263
    outer loop
      vertex 39.0336 -19.3673 11.8387
      vertex 39.0237 -19.2789 11.7828
      vertex 38.9789 -19.3237 11.7828
    endloop
  endfacet
  facet normal 0.207836 0.590623 0.779723
    outer loop
      vertex 39.7227 -19.2452 11.7828
      vertex 39.6474 -19.2925 11.8387
      vertex 39.6923 -19.3083 11.8387
    endloop
  endfacet
  facet normal -0.109506 -0.969127 0.220912
    outer loop
      vertex 39.2 -20.8776 11.6321
      vertex 39.1115 -20.8875 11.5448
      vertex 39.2 -20.8975 11.5448
    endloop
  endfacet
  facet normal -0.10103 0.896199 0.431997
    outer loop
      vertex 39.2 -19.1224 11.6321
      vertex 39.1246 -19.1698 11.7128
      vertex 39.2 -19.1613 11.7128
    endloop
  endfacet
  facet normal -0.109506 0.969127 0.220912
    outer loop
      vertex 39.2 -19.1025 11.5448
      vertex 39.1115 -19.1125 11.5448
      vertex 39.2 -19.1224 11.6321
    endloop
  endfacet
  facet normal -0.707107 0.707107 0
    outer loop
      vertex 38.8892 -19.2522 9.85522
      vertex 38.9522 -19.1892 11.5448
      vertex 38.9522 -19.1892 9.85522
    endloop
  endfacet
  facet normal -0.707107 0.707107 0
    outer loop
      vertex 38.9522 -19.1892 11.5448
      vertex 38.8892 -19.2522 9.85522
      vertex 38.8892 -19.2522 11.5448
    endloop
  endfacet
  facet normal -0.943981 0.33 0
    outer loop
      vertex 38.8125 -19.4116 9.85522
      vertex 38.8419 -19.3275 11.5448
      vertex 38.8419 -19.3275 9.85522
    endloop
  endfacet
  facet normal -0.943981 0.33 0
    outer loop
      vertex 38.8419 -19.3275 11.5448
      vertex 38.8125 -19.4116 9.85522
      vertex 38.8125 -19.4116 11.5448
    endloop
  endfacet
  facet normal -0.969113 0.109628 0.220909
    outer loop
      vertex 38.8125 -19.4116 11.5448
      vertex 38.8025 -19.5 11.5448
      vertex 38.8224 -19.5 11.6321
    endloop
  endfacet
  facet normal 0.222179 0.0249385 0.974687
    outer loop
      vertex 39.7288 -19.4706 11.8776
      vertex 39.6448 -19.5 11.8975
      vertex 39.7321 -19.5 11.8776
    endloop
  endfacet
  facet normal 0.189588 -0.118587 0.974676
    outer loop
      vertex 39.719 -20.5573 11.8776
      vertex 39.6404 -20.5194 11.8975
      vertex 39.7033 -20.5824 11.8776
    endloop
  endfacet
  facet normal 0.0484947 0.433707 0.899748
    outer loop
      vertex 39.6 -19.2872 11.8387
      vertex 39.6 -19.3679 11.8776
      vertex 39.6474 -19.2925 11.8387
    endloop
  endfacet
  facet normal 0.518817 -0.825833 0.220971
    outer loop
      vertex 39.8063 -20.8135 11.6321
      vertex 39.7638 -20.8402 11.6321
      vertex 39.8063 -20.8253 11.588
    endloop
  endfacet
  facet normal -0.778399 0.0877505 0.621607
    outer loop
      vertex 38.8698 -19.4246 11.7128
      vertex 38.8613 -19.5 11.7128
      vertex 38.9172 -19.5 11.7828
    endloop
  endfacet
  facet normal -0.97499 0 0.222249
    outer loop
      vertex 38.8025 -20.5 11.5448
      vertex 38.8224 -19.5 11.6321
      vertex 38.8025 -19.5 11.5448
    endloop
  endfacet
  facet normal -0.97499 0 0.222249
    outer loop
      vertex 38.8224 -19.5 11.6321
      vertex 38.8025 -20.5 11.5448
      vertex 38.8224 -20.5 11.6321
    endloop
  endfacet
  facet normal 0.53135 0.847152 -0
    outer loop
      vertex 39.8063 -19.1631 9.85522
      vertex 39.7725 -19.1419 11.5448
      vertex 39.8063 -19.1631 11.5448
    endloop
  endfacet
  facet normal 0.53135 0.847152 0
    outer loop
      vertex 39.7725 -19.1419 11.5448
      vertex 39.8063 -19.1631 9.85522
      vertex 39.7725 -19.1419 9.85522
    endloop
  endfacet
  facet normal -0.411332 0.144482 -0.899962
    outer loop
      vertex 39.0712 -19.4706 9.52245
      vertex 38.9925 -19.4526 9.56131
      vertex 39.081 -19.4427 9.52245
    endloop
  endfacet
  facet normal -0.222498 0.0249742 -0.974613
    outer loop
      vertex 39.1552 -19.5 9.50252
      vertex 39.0679 -19.5 9.52245
      vertex 39.0712 -19.4706 9.52245
    endloop
  endfacet
  facet normal -0.518771 0.825866 -0.220958
    outer loop
      vertex 39.0362 -19.1598 9.76789
      vertex 38.9522 -19.1892 9.85522
      vertex 39.0275 -19.1419 9.85522
    endloop
  endfacet
  facet normal 0.530059 0.333172 -0.779765
    outer loop
      vertex 39.8063 -19.3718 9.58651
      vertex 39.7664 -19.3673 9.56131
      vertex 39.8063 -19.3355 9.60202
    endloop
  endfacet
  facet normal 0 1 -0
    outer loop
      vertex 39.6 -19.1025 9.85522
      vertex 39.2 -19.1025 11.5448
      vertex 39.6 -19.1025 11.5448
    endloop
  endfacet
  facet normal 0 1 0
    outer loop
      vertex 39.2 -19.1025 11.5448
      vertex 39.6 -19.1025 9.85522
      vertex 39.2 -19.1025 9.85522
    endloop
  endfacet
  facet normal -0.623673 0 -0.781685
    outer loop
      vertex 38.9172 -20.5 9.61716
      vertex 38.9872 -19.5 9.56131
      vertex 38.9872 -20.5 9.56131
    endloop
  endfacet
  facet normal -0.623673 0 -0.781685
    outer loop
      vertex 38.9872 -19.5 9.56131
      vertex 38.9172 -20.5 9.61716
      vertex 38.9172 -19.5 9.61716
    endloop
  endfacet
  facet normal -0.778528 0.087765 -0.621444
    outer loop
      vertex 38.9172 -19.5 9.61716
      vertex 38.8613 -19.5 9.68719
      vertex 38.8698 -19.4246 9.68719
    endloop
  endfacet
  facet normal -0.0692406 -0.622176 -0.779809
    outer loop
      vertex 39.2 -20.7828 9.61716
      vertex 39.1371 -20.7758 9.61716
      vertex 39.2 -20.7128 9.56131
    endloop
  endfacet
  facet normal 0.321893 -0.920683 -0.220744
    outer loop
      vertex 39.6884 -20.8875 9.85522
      vertex 39.684 -20.8681 9.76789
      vertex 39.7638 -20.8402 9.76789
    endloop
  endfacet
  facet normal 0.0867143 -0.77919 -0.620761
    outer loop
      vertex 39.6754 -20.8302 9.68719
      vertex 39.6 -20.7828 9.61716
      vertex 39.6629 -20.7758 9.61716
    endloop
  endfacet
  facet normal 0.0692406 -0.622176 -0.779809
    outer loop
      vertex 39.6629 -20.7758 9.61716
      vertex 39.6 -20.7828 9.61716
      vertex 39.6 -20.7128 9.56131
    endloop
  endfacet
  facet normal 0.0244926 -0.22266 -0.974588
    outer loop
      vertex 39.6294 -20.6288 9.52245
      vertex 39.6 -20.5448 9.50252
      vertex 39.61 -20.5437 9.50252
    endloop
  endfacet
  facet normal 0.074153 -0.211109 -0.974646
    outer loop
      vertex 39.6294 -20.6288 9.52245
      vertex 39.6194 -20.5403 9.50252
      vertex 39.6573 -20.619 9.52245
    endloop
  endfacet
  facet normal 0.321857 -0.920687 -0.220777
    outer loop
      vertex 39.7725 -20.8581 9.85522
      vertex 39.6884 -20.8875 9.85522
      vertex 39.7638 -20.8402 9.76789
    endloop
  endfacet
  facet normal 0.10963 -0.96913 -0.220837
    outer loop
      vertex 39.6884 -20.8875 9.85522
      vertex 39.6 -20.8975 9.85522
      vertex 39.6 -20.8776 9.76789
    endloop
  endfacet
  facet normal 0.589574 -0.206918 -0.780761
    outer loop
      vertex 39.8063 -20.5993 9.57419
      vertex 39.7917 -20.5923 9.56131
      vertex 39.8063 -20.5507 9.56131
    endloop
  endfacet
  facet normal -0.851275 0.298422 -0.431596
    outer loop
      vertex 38.8698 -19.4246 9.68719
      vertex 38.8319 -19.416 9.76789
      vertex 38.8949 -19.353 9.68719
    endloop
  endfacet
  facet normal -0.851249 0.297617 -0.432203
    outer loop
      vertex 38.8949 -19.353 9.68719
      vertex 38.8319 -19.416 9.76789
      vertex 38.8598 -19.3362 9.76789
    endloop
  endfacet
  facet normal -0.900808 0 -0.434218
    outer loop
      vertex 38.8613 -20.5 9.68719
      vertex 38.8224 -19.5 9.76789
      vertex 38.8613 -19.5 9.68719
    endloop
  endfacet
  facet normal -0.900808 -0 -0.434218
    outer loop
      vertex 38.8224 -19.5 9.76789
      vertex 38.8613 -20.5 9.68719
      vertex 38.8224 -20.5 9.76789
    endloop
  endfacet
  facet normal -0.896287 0.101366 0.431735
    outer loop
      vertex 38.8319 -19.416 11.6321
      vertex 38.8224 -19.5 11.6321
      vertex 38.8698 -19.4246 11.7128
    endloop
  endfacet
  facet normal 0.552838 0.554687 -0.621846
    outer loop
      vertex 39.8063 -19.3088 9.61716
      vertex 39.7763 -19.2789 9.61716
      vertex 39.8063 -19.2413 9.67737
    endloop
  endfacet
  facet normal -0.0486305 0.433254 -0.899959
    outer loop
      vertex 39.1706 -19.3712 9.52245
      vertex 39.1526 -19.2925 9.56131
      vertex 39.2 -19.3679 9.52245
    endloop
  endfacet
  facet normal 0 0.900808 -0.434218
    outer loop
      vertex 39.6 -19.1613 9.68719
      vertex 39.2 -19.1224 9.76789
      vertex 39.6 -19.1224 9.76789
    endloop
  endfacet
  facet normal 0 0.900808 -0.434218
    outer loop
      vertex 39.2 -19.1224 9.76789
      vertex 39.6 -19.1613 9.68719
      vertex 39.2 -19.1613 9.68719
    endloop
  endfacet
  facet normal 0.518846 0.825879 -0.220733
    outer loop
      vertex 39.8063 -19.1865 9.76789
      vertex 39.7638 -19.1598 9.76789
      vertex 39.8063 -19.1747 9.81204
    endloop
  endfacet
  facet normal -0.416943 -0.663149 -0.621604
    outer loop
      vertex 39.0773 -20.7548 9.61716
      vertex 38.9888 -20.7648 9.68719
      vertex 39.0237 -20.7211 9.61716
    endloop
  endfacet
  facet normal -0.851249 -0.297617 -0.432203
    outer loop
      vertex 38.8598 -20.6638 9.76789
      vertex 38.8319 -20.584 9.76789
      vertex 38.8949 -20.647 9.68719
    endloop
  endfacet
  facet normal -0.479999 -0.763732 -0.431641
    outer loop
      vertex 39.0362 -20.8402 9.76789
      vertex 38.9646 -20.7952 9.76789
      vertex 38.9888 -20.7648 9.68719
    endloop
  endfacet
  facet normal -0.825683 -0.518935 0.221254
    outer loop
      vertex 38.9048 -20.7354 11.6321
      vertex 38.8598 -20.6638 11.6321
      vertex 38.8892 -20.7478 11.5448
    endloop
  endfacet
  facet normal -0.920687 -0.321857 -0.220777
    outer loop
      vertex 38.8419 -20.6725 9.85522
      vertex 38.8125 -20.5884 9.85522
      vertex 38.8598 -20.6638 9.76789
    endloop
  endfacet
  facet normal -0.825697 -0.518944 -0.221182
    outer loop
      vertex 38.8892 -20.7478 9.85522
      vertex 38.8598 -20.6638 9.76789
      vertex 38.9048 -20.7354 9.76789
    endloop
  endfacet
  facet normal 0.222342 -0.0244576 0.974662
    outer loop
      vertex 39.6448 -20.5 11.8975
      vertex 39.6437 -20.51 11.8975
      vertex 39.7288 -20.5294 11.8776
    endloop
  endfacet
  facet normal 0.222342 0.0244576 0.974662
    outer loop
      vertex 39.7288 -19.4706 11.8776
      vertex 39.6437 -19.49 11.8975
      vertex 39.6448 -19.5 11.8975
    endloop
  endfacet
  facet normal -0.66304 -0.416874 0.621767
    outer loop
      vertex 38.9452 -20.6227 11.7828
      vertex 38.9352 -20.7112 11.7128
      vertex 38.9789 -20.6763 11.7828
    endloop
  endfacet
  facet normal -0.416541 -0.663572 0.621423
    outer loop
      vertex 39.0773 -20.7548 11.7828
      vertex 38.9888 -20.7648 11.7128
      vertex 39.053 -20.8051 11.7128
    endloop
  endfacet
  facet normal -0.231498 -0.370102 0.899685
    outer loop
      vertex 39.1176 -20.6033 11.8776
      vertex 39.0673 -20.6664 11.8387
      vertex 39.1427 -20.619 11.8776
    endloop
  endfacet
  facet normal 0.21103 0.074085 0.974668
    outer loop
      vertex 39.7288 -19.4706 11.8776
      vertex 39.6404 -19.4806 11.8975
      vertex 39.6437 -19.49 11.8975
    endloop
  endfacet
  facet normal -0.779061 -0.0867 0.620924
    outer loop
      vertex 38.9172 -20.5 11.7828
      vertex 38.8698 -20.5754 11.7128
      vertex 38.9242 -20.5629 11.7828
    endloop
  endfacet
  facet normal -0.530518 0.333554 0.77929
    outer loop
      vertex 38.9789 -19.3237 11.7828
      vertex 38.9452 -19.3773 11.7828
      vertex 39.0336 -19.3673 11.8387
    endloop
  endfacet
  facet normal -0.297617 0.851249 0.432203
    outer loop
      vertex 39.116 -19.1319 11.6321
      vertex 39.0362 -19.1598 11.6321
      vertex 39.053 -19.1949 11.7128
    endloop
  endfacet
  facet normal -0.763732 0.479999 0.431641
    outer loop
      vertex 38.9048 -19.2646 11.6321
      vertex 38.8598 -19.3362 11.6321
      vertex 38.9352 -19.2888 11.7128
    endloop
  endfacet
  facet normal -0.0867 0.779061 0.620924
    outer loop
      vertex 39.2 -19.2172 11.7828
      vertex 39.1246 -19.1698 11.7128
      vertex 39.1371 -19.2242 11.7828
    endloop
  endfacet
  facet normal -0.1096 0.969095 0.221004
    outer loop
      vertex 39.2 -19.1224 11.6321
      vertex 39.1115 -19.1125 11.5448
      vertex 39.116 -19.1319 11.6321
    endloop
  endfacet
  facet normal -0.518935 0.825683 0.221254
    outer loop
      vertex 39.0362 -19.1598 11.6321
      vertex 38.9522 -19.1892 11.5448
      vertex 38.9646 -19.2048 11.6321
    endloop
  endfacet
  facet normal -0.322193 0.920551 0.220858
    outer loop
      vertex 39.1115 -19.1125 11.5448
      vertex 39.0275 -19.1419 11.5448
      vertex 39.0362 -19.1598 11.6321
    endloop
  endfacet
  facet normal -0.920672 0.321852 0.220849
    outer loop
      vertex 38.8419 -19.3275 11.5448
      vertex 38.8125 -19.4116 11.5448
      vertex 38.8598 -19.3362 11.6321
    endloop
  endfacet
  facet normal -0.825852 0.518762 0.221031
    outer loop
      vertex 38.8892 -19.2522 11.5448
      vertex 38.8419 -19.3275 11.5448
      vertex 38.8598 -19.3362 11.6321
    endloop
  endfacet
  facet normal -0.188466 0.119731 0.974754
    outer loop
      vertex 39.165 -19.4721 11.8975
      vertex 39.0967 -19.4176 11.8776
      vertex 39.1596 -19.4806 11.8975
    endloop
  endfacet
  facet normal -0.074047 0.210807 0.974719
    outer loop
      vertex 39.1706 -19.3712 11.8776
      vertex 39.1427 -19.381 11.8776
      vertex 39.1806 -19.4597 11.8975
    endloop
  endfacet
  facet normal 0.188466 0.119731 0.974754
    outer loop
      vertex 39.7033 -19.4176 11.8776
      vertex 39.635 -19.4721 11.8975
      vertex 39.6404 -19.4806 11.8975
    endloop
  endfacet
  facet normal -0.222249 0 0.97499
    outer loop
      vertex 39.0679 -19.5 11.8776
      vertex 39.1552 -20.5 11.8975
      vertex 39.1552 -19.5 11.8975
    endloop
  endfacet
  facet normal -0.222249 0 0.97499
    outer loop
      vertex 39.1552 -20.5 11.8975
      vertex 39.0679 -19.5 11.8776
      vertex 39.0679 -20.5 11.8776
    endloop
  endfacet
  facet normal 0.411835 0.144538 0.899723
    outer loop
      vertex 39.719 -19.4427 11.8776
      vertex 39.8063 -19.4493 11.8387
      vertex 39.7917 -19.4077 11.8387
    endloop
  endfacet
  facet normal 0.411819 0.140678 0.900342
    outer loop
      vertex 39.8063 -19.4493 11.8387
      vertex 39.719 -19.4427 11.8776
      vertex 39.8063 -19.4525 11.8392
    endloop
  endfacet
  facet normal 0.222249 0 0.97499
    outer loop
      vertex 39.6448 -19.5 11.8975
      vertex 39.7321 -20.5 11.8776
      vertex 39.7321 -19.5 11.8776
    endloop
  endfacet
  facet normal 0.222249 0 0.97499
    outer loop
      vertex 39.7321 -20.5 11.8776
      vertex 39.6448 -19.5 11.8975
      vertex 39.6448 -20.5 11.8975
    endloop
  endfacet
  facet normal -0.0249385 -0.222179 0.974687
    outer loop
      vertex 39.2 -20.5448 11.8975
      vertex 39.1706 -20.6288 11.8776
      vertex 39.2 -20.6321 11.8776
    endloop
  endfacet
  facet normal -0.321861 -0.920592 0.221167
    outer loop
      vertex 39.116 -20.8681 11.6321
      vertex 39.0362 -20.8402 11.6321
      vertex 39.1115 -20.8875 11.5448
    endloop
  endfacet
  facet normal -0.297617 -0.851249 0.432203
    outer loop
      vertex 39.053 -20.8051 11.7128
      vertex 39.0362 -20.8402 11.6321
      vertex 39.116 -20.8681 11.6321
    endloop
  endfacet
  facet normal -0.896199 0.10103 0.431997
    outer loop
      vertex 38.8698 -19.4246 11.7128
      vertex 38.8224 -19.5 11.6321
      vertex 38.8613 -19.5 11.7128
    endloop
  endfacet
  facet normal -0.781413 0 0.624014
    outer loop
      vertex 38.8613 -20.5 11.7128
      vertex 38.9172 -19.5 11.7828
      vertex 38.8613 -19.5 11.7128
    endloop
  endfacet
  facet normal -0.781413 0 0.624014
    outer loop
      vertex 38.9172 -19.5 11.7828
      vertex 38.8613 -20.5 11.7128
      vertex 38.9172 -20.5 11.7828
    endloop
  endfacet
  facet normal -0.118245 -0.189639 0.974708
    outer loop
      vertex 39.1721 -20.535 11.8975
      vertex 39.1176 -20.6033 11.8776
      vertex 39.1806 -20.5403 11.8975
    endloop
  endfacet
  facet normal -0.969113 -0.109628 0.220909
    outer loop
      vertex 38.8224 -20.5 11.6321
      vertex 38.8025 -20.5 11.5448
      vertex 38.8125 -20.5884 11.5448
    endloop
  endfacet
  facet normal 0.518817 0.825833 0.220971
    outer loop
      vertex 39.8063 -19.1747 11.588
      vertex 39.7638 -19.1598 11.6321
      vertex 39.8063 -19.1865 11.6321
    endloop
  endfacet
  facet normal -0.321867 0.920608 -0.221095
    outer loop
      vertex 39.116 -19.1319 9.76789
      vertex 39.0362 -19.1598 9.76789
      vertex 39.1115 -19.1125 9.85522
    endloop
  endfacet
  facet normal 0.0695466 0.621983 -0.779936
    outer loop
      vertex 39.6474 -19.2925 9.56131
      vertex 39.6 -19.2872 9.56131
      vertex 39.6629 -19.2242 9.61716
    endloop
  endfacet
  facet normal -0.689606 0.689606 -0.221104
    outer loop
      vertex 38.9646 -19.2048 9.76789
      vertex 38.8892 -19.2522 9.85522
      vertex 38.9522 -19.1892 9.85522
    endloop
  endfacet
  facet normal -0.689606 0.689606 -0.221104
    outer loop
      vertex 38.8892 -19.2522 9.85522
      vertex 38.9646 -19.2048 9.76789
      vertex 38.9048 -19.2646 9.76789
    endloop
  endfacet
  facet normal -0.322198 0.920566 -0.220786
    outer loop
      vertex 39.0362 -19.1598 9.76789
      vertex 39.0275 -19.1419 9.85522
      vertex 39.1115 -19.1125 9.85522
    endloop
  endfacet
  facet normal -0.109508 0.969143 -0.22084
    outer loop
      vertex 39.2 -19.1224 9.76789
      vertex 39.1115 -19.1125 9.85522
      vertex 39.2 -19.1025 9.85522
    endloop
  endfacet
  facet normal 0.158183 0.158183 -0.974657
    outer loop
      vertex 39.635 -19.4721 9.50252
      vertex 39.6824 -19.3967 9.52245
      vertex 39.7033 -19.4176 9.52245
    endloop
  endfacet
  facet normal 0.158183 0.158183 -0.974657
    outer loop
      vertex 39.6824 -19.3967 9.52245
      vertex 39.635 -19.4721 9.50252
      vertex 39.6279 -19.465 9.50252
    endloop
  endfacet
  facet normal 0.0762637 -0.210847 -0.97454
    outer loop
      vertex 39.6294 -20.6288 9.52245
      vertex 39.61 -20.5437 9.50252
      vertex 39.6194 -20.5403 9.50252
    endloop
  endfacet
  facet normal 0.188736 0.119903 -0.97468
    outer loop
      vertex 39.6404 -19.4806 9.50252
      vertex 39.635 -19.4721 9.50252
      vertex 39.7033 -19.4176 9.52245
    endloop
  endfacet
  facet normal 0.0484543 0.433346 -0.899924
    outer loop
      vertex 39.6474 -19.2925 9.56131
      vertex 39.6 -19.3679 9.52245
      vertex 39.6 -19.2872 9.56131
    endloop
  endfacet
  facet normal -0.211327 0.0742297 -0.974593
    outer loop
      vertex 39.1596 -19.4806 9.50252
      vertex 39.0712 -19.4706 9.52245
      vertex 39.081 -19.4427 9.52245
    endloop
  endfacet
  facet normal -0.411341 0.144748 -0.899915
    outer loop
      vertex 39.081 -19.4427 9.52245
      vertex 38.9925 -19.4526 9.56131
      vertex 39.0083 -19.4077 9.56131
    endloop
  endfacet
  facet normal 0 0.433856 -0.900982
    outer loop
      vertex 39.2 -19.3679 9.52245
      vertex 39.6 -19.2872 9.56131
      vertex 39.6 -19.3679 9.52245
    endloop
  endfacet
  facet normal 0 0.433856 -0.900982
    outer loop
      vertex 39.6 -19.2872 9.56131
      vertex 39.2 -19.3679 9.52245
      vertex 39.2 -19.2872 9.56131
    endloop
  endfacet
  facet normal -0.074153 0.211109 -0.974646
    outer loop
      vertex 39.1806 -19.4597 9.50252
      vertex 39.1427 -19.381 9.52245
      vertex 39.1706 -19.3712 9.52245
    endloop
  endfacet
  facet normal 0.10103 -0.896199 -0.431997
    outer loop
      vertex 39.6754 -20.8302 9.68719
      vertex 39.6 -20.8776 9.76789
      vertex 39.6 -20.8387 9.68719
    endloop
  endfacet
  facet normal -0.109508 -0.969143 -0.22084
    outer loop
      vertex 39.2 -20.8975 9.85522
      vertex 39.1115 -20.8875 9.85522
      vertex 39.2 -20.8776 9.76789
    endloop
  endfacet
  facet normal 0 -0.781543 -0.623851
    outer loop
      vertex 39.2 -20.7828 9.61716
      vertex 39.6 -20.8387 9.68719
      vertex 39.2 -20.8387 9.68719
    endloop
  endfacet
  facet normal 0 -0.781543 -0.623851
    outer loop
      vertex 39.6 -20.8387 9.68719
      vertex 39.2 -20.7828 9.61716
      vertex 39.6 -20.7828 9.61716
    endloop
  endfacet
  facet normal 0.189859 -0.118757 -0.974603
    outer loop
      vertex 39.7033 -20.5824 9.52245
      vertex 39.6404 -20.5194 9.50252
      vertex 39.719 -20.5573 9.52245
    endloop
  endfacet
  facet normal -0.207408 -0.590619 -0.779841
    outer loop
      vertex 39.1371 -20.7758 9.61716
      vertex 39.0773 -20.7548 9.61716
      vertex 39.1526 -20.7075 9.56131
    endloop
  endfacet
  facet normal -0.332135 -0.530365 -0.779999
    outer loop
      vertex 39.0773 -20.7548 9.61716
      vertex 39.0673 -20.6664 9.56131
      vertex 39.1077 -20.6917 9.56131
    endloop
  endfacet
  facet normal 0.333372 -0.53023 -0.779563
    outer loop
      vertex 39.7763 -20.7211 9.61716
      vertex 39.7227 -20.7548 9.61716
      vertex 39.7327 -20.6664 9.56131
    endloop
  endfacet
  facet normal 0.552838 -0.554687 -0.621846
    outer loop
      vertex 39.8063 -20.7587 9.67737
      vertex 39.7763 -20.7211 9.61716
      vertex 39.8063 -20.6912 9.61716
    endloop
  endfacet
  facet normal 0.118415 0.18991 -0.974634
    outer loop
      vertex 39.6279 -19.465 9.50252
      vertex 39.6194 -19.4597 9.50252
      vertex 39.6824 -19.3967 9.52245
    endloop
  endfacet
  facet normal 0.0249742 0.222498 -0.974613
    outer loop
      vertex 39.6294 -19.3712 9.52245
      vertex 39.6 -19.4552 9.50252
      vertex 39.6 -19.3679 9.52245
    endloop
  endfacet
  facet normal -0.144482 0.411332 -0.899962
    outer loop
      vertex 39.1706 -19.3712 9.52245
      vertex 39.1427 -19.381 9.52245
      vertex 39.1526 -19.2925 9.56131
    endloop
  endfacet
  facet normal -0.433254 0.0486305 -0.899959
    outer loop
      vertex 39.0679 -19.5 9.52245
      vertex 38.9925 -19.4526 9.56131
      vertex 39.0712 -19.4706 9.52245
    endloop
  endfacet
  facet normal -0.763833 0.479478 -0.432042
    outer loop
      vertex 38.8949 -19.353 9.68719
      vertex 38.8598 -19.3362 9.76789
      vertex 38.9352 -19.2888 9.68719
    endloop
  endfacet
  facet normal 0.231305 -0.369794 -0.899861
    outer loop
      vertex 39.7327 -20.6664 9.56131
      vertex 39.6573 -20.619 9.52245
      vertex 39.6824 -20.6033 9.52245
    endloop
  endfacet
  facet normal 0.589574 0.206918 -0.780761
    outer loop
      vertex 39.8063 -19.4493 9.56131
      vertex 39.7917 -19.4077 9.56131
      vertex 39.8063 -19.4007 9.57419
    endloop
  endfacet
  facet normal 0.411497 0.146187 -0.899611
    outer loop
      vertex 39.719 -19.4427 9.52245
      vertex 39.8063 -19.4493 9.56131
      vertex 39.8063 -19.4525 9.56079
    endloop
  endfacet
  facet normal 0.411492 0.144418 -0.899899
    outer loop
      vertex 39.8063 -19.4493 9.56131
      vertex 39.719 -19.4427 9.52245
      vertex 39.7917 -19.4077 9.56131
    endloop
  endfacet
  facet normal 0.259259 0.739558 -0.621159
    outer loop
      vertex 39.7227 -19.2452 9.61716
      vertex 39.6754 -19.1698 9.68719
      vertex 39.747 -19.1949 9.68719
    endloop
  endfacet
  facet normal 0.321852 0.920672 0.220849
    outer loop
      vertex 39.7725 -19.1419 11.5448
      vertex 39.6884 -19.1125 11.5448
      vertex 39.7638 -19.1598 11.6321
    endloop
  endfacet
  facet normal 0.0695845 0.622322 0.779663
    outer loop
      vertex 39.6629 -19.2242 11.7828
      vertex 39.6 -19.2872 11.8387
      vertex 39.6474 -19.2925 11.8387
    endloop
  endfacet
  facet normal 0.530141 0.332052 0.780187
    outer loop
      vertex 39.8063 -19.3718 11.8135
      vertex 39.7917 -19.4077 11.8387
      vertex 39.8063 -19.4007 11.8258
    endloop
  endfacet
  facet normal 0.530185 0.332022 0.78017
    outer loop
      vertex 39.7917 -19.4077 11.8387
      vertex 39.8063 -19.3718 11.8135
      vertex 39.7664 -19.3673 11.8387
    endloop
  endfacet
  facet normal -0.321867 -0.920608 -0.221095
    outer loop
      vertex 39.1115 -20.8875 9.85522
      vertex 39.0362 -20.8402 9.76789
      vertex 39.116 -20.8681 9.76789
    endloop
  endfacet
  facet normal -0.663149 -0.416943 -0.621604
    outer loop
      vertex 38.9789 -20.6763 9.61716
      vertex 38.9352 -20.7112 9.68719
      vertex 38.9452 -20.6227 9.61716
    endloop
  endfacet
  facet normal -0.333372 -0.53023 -0.779563
    outer loop
      vertex 39.0773 -20.7548 9.61716
      vertex 39.0237 -20.7211 9.61716
      vertex 39.0673 -20.6664 9.56131
    endloop
  endfacet
  facet normal -0.0249742 -0.222498 -0.974613
    outer loop
      vertex 39.2 -20.6321 9.52245
      vertex 39.1706 -20.6288 9.52245
      vertex 39.2 -20.5448 9.50252
    endloop
  endfacet
  facet normal -0.969138 -0.109605 -0.220812
    outer loop
      vertex 38.8319 -20.584 9.76789
      vertex 38.8125 -20.5884 9.85522
      vertex 38.8224 -20.5 9.76789
    endloop
  endfacet
  facet normal -0.851275 -0.298422 -0.431596
    outer loop
      vertex 38.8949 -20.647 9.68719
      vertex 38.8319 -20.584 9.76789
      vertex 38.8698 -20.5754 9.68719
    endloop
  endfacet
  facet normal -0.689606 -0.689606 -0.221104
    outer loop
      vertex 38.9646 -20.7952 9.76789
      vertex 38.8892 -20.7478 9.85522
      vertex 38.9048 -20.7354 9.76789
    endloop
  endfacet
  facet normal -0.689606 -0.689606 -0.221104
    outer loop
      vertex 38.8892 -20.7478 9.85522
      vertex 38.9646 -20.7952 9.76789
      vertex 38.9522 -20.8108 9.85522
    endloop
  endfacet
  facet normal -0.479478 -0.763833 0.432042
    outer loop
      vertex 39.053 -20.8051 11.7128
      vertex 38.9888 -20.7648 11.7128
      vertex 39.0362 -20.8402 11.6321
    endloop
  endfacet
  facet normal 0 -0.434218 0.900808
    outer loop
      vertex 39.2 -20.6321 11.8776
      vertex 39.6 -20.7128 11.8387
      vertex 39.6 -20.6321 11.8776
    endloop
  endfacet
  facet normal 0 -0.434218 0.900808
    outer loop
      vertex 39.6 -20.7128 11.8387
      vertex 39.2 -20.6321 11.8776
      vertex 39.2 -20.7128 11.8387
    endloop
  endfacet
  facet normal 0.188466 -0.119731 0.974754
    outer loop
      vertex 39.6404 -20.5194 11.8975
      vertex 39.635 -20.5279 11.8975
      vertex 39.7033 -20.5824 11.8776
    endloop
  endfacet
  facet normal -0.896199 -0.10103 0.431997
    outer loop
      vertex 38.8613 -20.5 11.7128
      vertex 38.8224 -20.5 11.6321
      vertex 38.8698 -20.5754 11.7128
    endloop
  endfacet
  facet normal -0.778399 -0.0877505 0.621607
    outer loop
      vertex 38.9172 -20.5 11.7828
      vertex 38.8613 -20.5 11.7128
      vertex 38.8698 -20.5754 11.7128
    endloop
  endfacet
  facet normal -0.518762 -0.825852 0.221031
    outer loop
      vertex 39.0362 -20.8402 11.6321
      vertex 38.9522 -20.8108 11.5448
      vertex 39.0275 -20.8581 11.5448
    endloop
  endfacet
  facet normal -0.531918 -0.846796 0
    outer loop
      vertex 38.9522 -20.8108 9.85522
      vertex 39.0275 -20.8581 11.5448
      vertex 38.9522 -20.8108 11.5448
    endloop
  endfacet
  facet normal -0.531918 -0.846796 -0
    outer loop
      vertex 39.0275 -20.8581 11.5448
      vertex 38.9522 -20.8108 9.85522
      vertex 39.0275 -20.8581 9.85522
    endloop
  endfacet
  facet normal -0.433707 0.0484947 0.899748
    outer loop
      vertex 38.9925 -19.4526 11.8387
      vertex 38.9872 -19.5 11.8387
      vertex 39.0679 -19.5 11.8776
    endloop
  endfacet
  facet normal -0.434218 0 0.900808
    outer loop
      vertex 38.9872 -19.5 11.8387
      vertex 39.0679 -20.5 11.8776
      vertex 39.0679 -19.5 11.8776
    endloop
  endfacet
  facet normal -0.434218 0 0.900808
    outer loop
      vertex 39.0679 -20.5 11.8776
      vertex 38.9872 -19.5 11.8387
      vertex 38.9872 -20.5 11.8387
    endloop
  endfacet
  facet normal -0.433707 -0.0484947 0.899748
    outer loop
      vertex 39.0679 -20.5 11.8776
      vertex 38.9872 -20.5 11.8387
      vertex 38.9925 -20.5474 11.8387
    endloop
  endfacet
  facet normal -0.369902 0.231646 0.899729
    outer loop
      vertex 39.0336 -19.3673 11.8387
      vertex 39.0083 -19.4077 11.8387
      vertex 39.081 -19.4427 11.8776
    endloop
  endfacet
  facet normal -0.411684 0.144869 0.899739
    outer loop
      vertex 39.0083 -19.4077 11.8387
      vertex 38.9925 -19.4526 11.8387
      vertex 39.081 -19.4427 11.8776
    endloop
  endfacet
  facet normal -0.590623 0.207836 0.779723
    outer loop
      vertex 39.0083 -19.4077 11.8387
      vertex 38.9452 -19.3773 11.7828
      vertex 38.9925 -19.4526 11.8387
    endloop
  endfacet
  facet normal -0.55378 0.55378 0.621816
    outer loop
      vertex 38.9888 -19.2352 11.7128
      vertex 38.9789 -19.3237 11.7828
      vertex 39.0237 -19.2789 11.7828
    endloop
  endfacet
  facet normal -0.55378 0.55378 0.621816
    outer loop
      vertex 38.9789 -19.3237 11.7828
      vertex 38.9888 -19.2352 11.7128
      vertex 38.9352 -19.2888 11.7128
    endloop
  endfacet
  facet normal -0.66304 0.416874 0.621767
    outer loop
      vertex 38.9789 -19.3237 11.7828
      vertex 38.9352 -19.2888 11.7128
      vertex 38.9452 -19.3773 11.7828
    endloop
  endfacet
  facet normal -0.518762 0.825852 0.221031
    outer loop
      vertex 39.0275 -19.1419 11.5448
      vertex 38.9522 -19.1892 11.5448
      vertex 39.0362 -19.1598 11.6321
    endloop
  endfacet
  facet normal -0.259216 0.739436 0.621322
    outer loop
      vertex 39.1246 -19.1698 11.7128
      vertex 39.053 -19.1949 11.7128
      vertex 39.0773 -19.2452 11.7828
    endloop
  endfacet
  facet normal -0.920667 0.321888 0.220816
    outer loop
      vertex 38.8598 -19.3362 11.6321
      vertex 38.8125 -19.4116 11.5448
      vertex 38.8319 -19.416 11.6321
    endloop
  endfacet
  facet normal -0.969122 0.109603 0.220885
    outer loop
      vertex 38.8319 -19.416 11.6321
      vertex 38.8125 -19.4116 11.5448
      vertex 38.8224 -19.5 11.6321
    endloop
  endfacet
  facet normal -0.846796 0.531918 0
    outer loop
      vertex 38.8419 -19.3275 9.85522
      vertex 38.8892 -19.2522 11.5448
      vertex 38.8892 -19.2522 9.85522
    endloop
  endfacet
  facet normal -0.846796 0.531918 0
    outer loop
      vertex 38.8892 -19.2522 11.5448
      vertex 38.8419 -19.3275 9.85522
      vertex 38.8419 -19.3275 11.5448
    endloop
  endfacet
  facet normal 0.321888 -0.920667 0.220816
    outer loop
      vertex 39.7638 -20.8402 11.6321
      vertex 39.684 -20.8681 11.6321
      vertex 39.6884 -20.8875 11.5448
    endloop
  endfacet
  facet normal 0 -0.97499 0.222249
    outer loop
      vertex 39.2 -20.8975 11.5448
      vertex 39.6 -20.8776 11.6321
      vertex 39.2 -20.8776 11.6321
    endloop
  endfacet
  facet normal 0 -0.97499 0.222249
    outer loop
      vertex 39.6 -20.8776 11.6321
      vertex 39.2 -20.8975 11.5448
      vertex 39.6 -20.8975 11.5448
    endloop
  endfacet
  facet normal 0.0249385 0.222179 0.974687
    outer loop
      vertex 39.6 -19.3679 11.8776
      vertex 39.6 -19.4552 11.8975
      vertex 39.6294 -19.3712 11.8776
    endloop
  endfacet
  facet normal 0.211025 0.0741235 0.974666
    outer loop
      vertex 39.719 -19.4427 11.8776
      vertex 39.6404 -19.4806 11.8975
      vertex 39.7288 -19.4706 11.8776
    endloop
  endfacet
  facet normal -0.144869 0.411684 0.899739
    outer loop
      vertex 39.1526 -19.2925 11.8387
      vertex 39.1077 -19.3083 11.8387
      vertex 39.1427 -19.381 11.8776
    endloop
  endfacet
  facet normal -0.222179 0.0249385 0.974687
    outer loop
      vertex 39.0712 -19.4706 11.8776
      vertex 39.0679 -19.5 11.8776
      vertex 39.1552 -19.5 11.8975
    endloop
  endfacet
  facet normal 0.434545 0 0.90065
    outer loop
      vertex 39.7321 -19.5 11.8776
      vertex 39.8063 -20.5 11.8418
      vertex 39.8063 -19.5 11.8418
    endloop
  endfacet
  facet normal 0.434545 0 0.90065
    outer loop
      vertex 39.8063 -20.5 11.8418
      vertex 39.7321 -19.5 11.8776
      vertex 39.7321 -20.5 11.8776
    endloop
  endfacet
  facet normal -0.21103 -0.074085 0.974668
    outer loop
      vertex 39.1563 -20.51 11.8975
      vertex 39.0712 -20.5294 11.8776
      vertex 39.1596 -20.5194 11.8975
    endloop
  endfacet
  facet normal -0.0244576 0.222342 0.974662
    outer loop
      vertex 39.2 -19.4552 11.8975
      vertex 39.1706 -19.3712 11.8776
      vertex 39.19 -19.4563 11.8975
    endloop
  endfacet
  facet normal 0.048671 -0.433615 0.899783
    outer loop
      vertex 39.6294 -20.6288 11.8776
      vertex 39.6 -20.6321 11.8776
      vertex 39.6474 -20.7075 11.8387
    endloop
  endfacet
  facet normal 0.112405 -0.993662 0
    outer loop
      vertex 39.6 -20.8975 9.85522
      vertex 39.6884 -20.8875 11.5448
      vertex 39.6 -20.8975 11.5448
    endloop
  endfacet
  facet normal 0.112405 -0.993662 0
    outer loop
      vertex 39.6884 -20.8875 11.5448
      vertex 39.6 -20.8975 9.85522
      vertex 39.6884 -20.8875 9.85522
    endloop
  endfacet
  facet normal 0 -1 0
    outer loop
      vertex 39.2 -20.8975 9.85522
      vertex 39.6 -20.8975 11.5448
      vertex 39.2 -20.8975 11.5448
    endloop
  endfacet
  facet normal 0 -1 -0
    outer loop
      vertex 39.6 -20.8975 11.5448
      vertex 39.2 -20.8975 9.85522
      vertex 39.6 -20.8975 9.85522
    endloop
  endfacet
  facet normal -0.518935 -0.825683 0.221254
    outer loop
      vertex 38.9646 -20.7952 11.6321
      vertex 38.9522 -20.8108 11.5448
      vertex 39.0362 -20.8402 11.6321
    endloop
  endfacet
  facet normal -0.322193 -0.920551 0.220858
    outer loop
      vertex 39.0362 -20.8402 11.6321
      vertex 39.0275 -20.8581 11.5448
      vertex 39.1115 -20.8875 11.5448
    endloop
  endfacet
  facet normal -0.851275 0.298422 0.431596
    outer loop
      vertex 38.8949 -19.353 11.7128
      vertex 38.8319 -19.416 11.6321
      vertex 38.8698 -19.4246 11.7128
    endloop
  endfacet
  facet normal -0.739436 0.259216 0.621322
    outer loop
      vertex 38.8949 -19.353 11.7128
      vertex 38.8698 -19.4246 11.7128
      vertex 38.9452 -19.3773 11.7828
    endloop
  endfacet
  facet normal -0.41661 0.663681 -0.621259
    outer loop
      vertex 39.0773 -19.2452 9.61716
      vertex 38.9888 -19.2352 9.68719
      vertex 39.053 -19.1949 9.68719
    endloop
  endfacet
  facet normal -0.479478 0.763833 -0.432042
    outer loop
      vertex 39.053 -19.1949 9.68719
      vertex 38.9888 -19.2352 9.68719
      vertex 39.0362 -19.1598 9.76789
    endloop
  endfacet
  facet normal 0.10963 0.96913 -0.220837
    outer loop
      vertex 39.6884 -19.1125 9.85522
      vertex 39.6 -19.1224 9.76789
      vertex 39.6 -19.1025 9.85522
    endloop
  endfacet
  facet normal 0.207408 0.590619 -0.779841
    outer loop
      vertex 39.7227 -19.2452 9.61716
      vertex 39.6474 -19.2925 9.56131
      vertex 39.6629 -19.2242 9.61716
    endloop
  endfacet
  facet normal -0.0867143 0.77919 -0.620761
    outer loop
      vertex 39.1371 -19.2242 9.61716
      vertex 39.1246 -19.1698 9.68719
      vertex 39.2 -19.2172 9.61716
    endloop
  endfacet
  facet normal -0.087765 0.778528 -0.621444
    outer loop
      vertex 39.2 -19.2172 9.61716
      vertex 39.1246 -19.1698 9.68719
      vertex 39.2 -19.1613 9.68719
    endloop
  endfacet
  facet normal -0.590619 -0.207408 -0.779841
    outer loop
      vertex 38.9452 -20.6227 9.61716
      vertex 38.9242 -20.5629 9.61716
      vertex 38.9925 -20.5474 9.56131
    endloop
  endfacet
  facet normal -0.622176 -0.0692406 -0.779809
    outer loop
      vertex 38.9242 -20.5629 9.61716
      vertex 38.9172 -20.5 9.61716
      vertex 38.9872 -20.5 9.56131
    endloop
  endfacet
  facet normal -0.433856 0 -0.900982
    outer loop
      vertex 38.9872 -20.5 9.56131
      vertex 39.0679 -19.5 9.52245
      vertex 39.0679 -20.5 9.52245
    endloop
  endfacet
  facet normal -0.433856 0 -0.900982
    outer loop
      vertex 39.0679 -19.5 9.52245
      vertex 38.9872 -20.5 9.56131
      vertex 38.9872 -19.5 9.56131
    endloop
  endfacet
  facet normal -0.781543 0 -0.623851
    outer loop
      vertex 38.9172 -20.5 9.61716
      vertex 38.8613 -19.5 9.68719
      vertex 38.9172 -19.5 9.61716
    endloop
  endfacet
  facet normal -0.781543 -0 -0.623851
    outer loop
      vertex 38.8613 -19.5 9.68719
      vertex 38.9172 -20.5 9.61716
      vertex 38.8613 -20.5 9.68719
    endloop
  endfacet
  facet normal -0.0244926 0.22266 -0.974588
    outer loop
      vertex 39.19 -19.4563 9.50252
      vertex 39.1706 -19.3712 9.52245
      vertex 39.2 -19.4552 9.50252
    endloop
  endfacet
  facet normal -0.231453 -0.369594 -0.899905
    outer loop
      vertex 39.1077 -20.6917 9.56131
      vertex 39.0673 -20.6664 9.56131
      vertex 39.1427 -20.619 9.52245
    endloop
  endfacet
  facet normal -0.433346 -0.0484543 -0.899924
    outer loop
      vertex 38.9925 -20.5474 9.56131
      vertex 38.9872 -20.5 9.56131
      vertex 39.0679 -20.5 9.52245
    endloop
  endfacet
  facet normal -0.211332 0.0741911 -0.974594
    outer loop
      vertex 39.1563 -19.49 9.50252
      vertex 39.0712 -19.4706 9.52245
      vertex 39.1596 -19.4806 9.50252
    endloop
  endfacet
  facet normal 0.530059 -0.333172 -0.779765
    outer loop
      vertex 39.8063 -20.6645 9.60202
      vertex 39.7664 -20.6327 9.56131
      vertex 39.8063 -20.6282 9.58651
    endloop
  endfacet
  facet normal 0.222498 -0.0249742 -0.974613
    outer loop
      vertex 39.7288 -20.5294 9.52245
      vertex 39.6448 -20.5 9.50252
      vertex 39.7321 -20.5 9.52245
    endloop
  endfacet
  facet normal -0.739612 0.25973 -0.620898
    outer loop
      vertex 38.9242 -19.4371 9.61716
      vertex 38.8698 -19.4246 9.68719
      vertex 38.9452 -19.3773 9.61716
    endloop
  endfacet
  facet normal 0.211332 0.0741911 -0.974594
    outer loop
      vertex 39.6437 -19.49 9.50252
      vertex 39.6404 -19.4806 9.50252
      vertex 39.7288 -19.4706 9.52245
    endloop
  endfacet
  facet normal 0.22266 0.0244926 -0.974588
    outer loop
      vertex 39.6448 -19.5 9.50252
      vertex 39.6437 -19.49 9.50252
      vertex 39.7288 -19.4706 9.52245
    endloop
  endfacet
  facet normal 0.109605 -0.969138 -0.220812
    outer loop
      vertex 39.6884 -20.8875 9.85522
      vertex 39.6 -20.8776 9.76789
      vertex 39.684 -20.8681 9.76789
    endloop
  endfacet
  facet normal 0.101366 -0.896287 -0.431735
    outer loop
      vertex 39.684 -20.8681 9.76789
      vertex 39.6 -20.8776 9.76789
      vertex 39.6754 -20.8302 9.68719
    endloop
  endfacet
  facet normal 0 -0.975007 -0.222176
    outer loop
      vertex 39.2 -20.8776 9.76789
      vertex 39.6 -20.8975 9.85522
      vertex 39.2 -20.8975 9.85522
    endloop
  endfacet
  facet normal 0 -0.975007 -0.222176
    outer loop
      vertex 39.6 -20.8975 9.85522
      vertex 39.2 -20.8776 9.76789
      vertex 39.6 -20.8776 9.76789
    endloop
  endfacet
  facet normal -0.259259 -0.739558 -0.621159
    outer loop
      vertex 39.1246 -20.8302 9.68719
      vertex 39.053 -20.8051 9.68719
      vertex 39.0773 -20.7548 9.61716
    endloop
  endfacet
  facet normal 0 -0.900808 -0.434218
    outer loop
      vertex 39.2 -20.8387 9.68719
      vertex 39.6 -20.8776 9.76789
      vertex 39.2 -20.8776 9.76789
    endloop
  endfacet
  facet normal 0 -0.900808 -0.434218
    outer loop
      vertex 39.6 -20.8776 9.76789
      vertex 39.2 -20.8387 9.68719
      vertex 39.6 -20.8387 9.68719
    endloop
  endfacet
  facet normal -0.297617 -0.851249 -0.432203
    outer loop
      vertex 39.116 -20.8681 9.76789
      vertex 39.0362 -20.8402 9.76789
      vertex 39.053 -20.8051 9.68719
    endloop
  endfacet
  facet normal -0.518771 -0.825866 -0.220958
    outer loop
      vertex 39.0275 -20.8581 9.85522
      vertex 38.9522 -20.8108 9.85522
      vertex 39.0362 -20.8402 9.76789
    endloop
  endfacet
  facet normal 0.0484543 -0.433346 -0.899924
    outer loop
      vertex 39.6474 -20.7075 9.56131
      vertex 39.6 -20.7128 9.56131
      vertex 39.6 -20.6321 9.52245
    endloop
  endfacet
  facet normal -0.0695466 -0.621983 -0.779936
    outer loop
      vertex 39.2 -20.7128 9.56131
      vertex 39.1371 -20.7758 9.61716
      vertex 39.1526 -20.7075 9.56131
    endloop
  endfacet
  facet normal 0.0695466 -0.621983 -0.779936
    outer loop
      vertex 39.6629 -20.7758 9.61716
      vertex 39.6 -20.7128 9.56131
      vertex 39.6474 -20.7075 9.56131
    endloop
  endfacet
  facet normal 0.25973 -0.739612 -0.620898
    outer loop
      vertex 39.6754 -20.8302 9.68719
      vertex 39.6629 -20.7758 9.61716
      vertex 39.7227 -20.7548 9.61716
    endloop
  endfacet
  facet normal 0.332135 -0.530365 -0.779999
    outer loop
      vertex 39.7227 -20.7548 9.61716
      vertex 39.6923 -20.6917 9.56131
      vertex 39.7327 -20.6664 9.56131
    endloop
  endfacet
  facet normal 0.222498 0.0249742 -0.974613
    outer loop
      vertex 39.7321 -19.5 9.52245
      vertex 39.6448 -19.5 9.50252
      vertex 39.7288 -19.4706 9.52245
    endloop
  endfacet
  facet normal -0.0762637 0.210847 -0.97454
    outer loop
      vertex 39.1806 -19.4597 9.50252
      vertex 39.1706 -19.3712 9.52245
      vertex 39.19 -19.4563 9.50252
    endloop
  endfacet
  facet normal -0.0244926 -0.22266 -0.974588
    outer loop
      vertex 39.2 -20.5448 9.50252
      vertex 39.1706 -20.6288 9.52245
      vertex 39.19 -20.5437 9.50252
    endloop
  endfacet
  facet normal -0.158183 -0.158183 -0.974657
    outer loop
      vertex 39.1176 -20.6033 9.52245
      vertex 39.165 -20.5279 9.50252
      vertex 39.1721 -20.535 9.50252
    endloop
  endfacet
  facet normal -0.158183 -0.158183 -0.974657
    outer loop
      vertex 39.165 -20.5279 9.50252
      vertex 39.1176 -20.6033 9.52245
      vertex 39.0967 -20.5824 9.52245
    endloop
  endfacet
  facet normal 0.479877 -0.763849 -0.431571
    outer loop
      vertex 39.8063 -20.8135 9.76789
      vertex 39.7638 -20.8402 9.76789
      vertex 39.8063 -20.7726 9.6955
    endloop
  endfacet
  facet normal 0.41296 -0.658293 -0.629376
    outer loop
      vertex 39.747 -20.8051 9.68719
      vertex 39.8063 -20.7642 9.68332
      vertex 39.8063 -20.7679 9.68719
    endloop
  endfacet
  facet normal 0.417039 -0.663437 -0.621233
    outer loop
      vertex 39.8063 -20.7642 9.68332
      vertex 39.747 -20.8051 9.68719
      vertex 39.7227 -20.7548 9.61716
    endloop
  endfacet
  facet normal -0.207408 0.590619 -0.779841
    outer loop
      vertex 39.1526 -19.2925 9.56131
      vertex 39.0773 -19.2452 9.61716
      vertex 39.1371 -19.2242 9.61716
    endloop
  endfacet
  facet normal -0.0484543 0.433346 -0.899924
    outer loop
      vertex 39.2 -19.3679 9.52245
      vertex 39.1526 -19.2925 9.56131
      vertex 39.2 -19.2872 9.56131
    endloop
  endfacet
  facet normal 0.442824 0.44226 -0.779944
    outer loop
      vertex 39.7327 -19.3336 9.56131
      vertex 39.8063 -19.3088 9.61716
      vertex 39.8063 -19.3355 9.60202
    endloop
  endfacet
  facet normal 0.442722 0.442722 -0.77974
    outer loop
      vertex 39.7327 -19.3336 9.56131
      vertex 39.8063 -19.3355 9.60202
      vertex 39.7664 -19.3673 9.56131
    endloop
  endfacet
  facet normal 0.44211 0.443589 -0.779594
    outer loop
      vertex 39.8063 -19.3088 9.61716
      vertex 39.7327 -19.3336 9.56131
      vertex 39.7763 -19.2789 9.61716
    endloop
  endfacet
  facet normal 0 0.222567 -0.974917
    outer loop
      vertex 39.2 -19.4552 9.50252
      vertex 39.6 -19.3679 9.52245
      vertex 39.6 -19.4552 9.50252
    endloop
  endfacet
  facet normal 0 0.222567 -0.974917
    outer loop
      vertex 39.6 -19.3679 9.52245
      vertex 39.2 -19.4552 9.50252
      vertex 39.2 -19.3679 9.52245
    endloop
  endfacet
  facet normal 0 0.623673 -0.781685
    outer loop
      vertex 39.2 -19.2872 9.56131
      vertex 39.6 -19.2172 9.61716
      vertex 39.6 -19.2872 9.56131
    endloop
  endfacet
  facet normal 0 0.623673 -0.781685
    outer loop
      vertex 39.6 -19.2172 9.61716
      vertex 39.2 -19.2872 9.56131
      vertex 39.2 -19.2172 9.61716
    endloop
  endfacet
  facet normal 0.118647 0.189683 -0.97465
    outer loop
      vertex 39.6824 -19.3967 9.52245
      vertex 39.6194 -19.4597 9.50252
      vertex 39.6573 -19.381 9.52245
    endloop
  endfacet
  facet normal 0.118647 -0.189683 -0.97465
    outer loop
      vertex 39.6573 -20.619 9.52245
      vertex 39.6194 -20.5403 9.50252
      vertex 39.6824 -20.6033 9.52245
    endloop
  endfacet
  facet normal 0.433239 0.0488601 -0.899954
    outer loop
      vertex 39.8063 -19.5 9.55817
      vertex 39.7321 -19.5 9.52245
      vertex 39.8063 -19.4534 9.5607
    endloop
  endfacet
  facet normal 0.479877 0.763849 -0.431571
    outer loop
      vertex 39.8063 -19.2274 9.6955
      vertex 39.7638 -19.1598 9.76789
      vertex 39.8063 -19.1865 9.76789
    endloop
  endfacet
  facet normal 0.25973 0.739612 -0.620898
    outer loop
      vertex 39.7227 -19.2452 9.61716
      vertex 39.6629 -19.2242 9.61716
      vertex 39.6754 -19.1698 9.68719
    endloop
  endfacet
  facet normal 0.109603 0.969122 0.220885
    outer loop
      vertex 39.6884 -19.1125 11.5448
      vertex 39.6 -19.1224 11.6321
      vertex 39.684 -19.1319 11.6321
    endloop
  endfacet
  facet normal 0 0.900808 0.434218
    outer loop
      vertex 39.6 -19.1224 11.6321
      vertex 39.2 -19.1613 11.7128
      vertex 39.6 -19.1613 11.7128
    endloop
  endfacet
  facet normal 0 0.900808 0.434218
    outer loop
      vertex 39.2 -19.1613 11.7128
      vertex 39.6 -19.1224 11.6321
      vertex 39.2 -19.1224 11.6321
    endloop
  endfacet
  facet normal -0.0692783 0.622515 0.779536
    outer loop
      vertex 39.2 -19.2172 11.7828
      vertex 39.1371 -19.2242 11.7828
      vertex 39.2 -19.2872 11.8387
    endloop
  endfacet
  facet normal 0.101366 0.896287 0.431735
    outer loop
      vertex 39.684 -19.1319 11.6321
      vertex 39.6 -19.1224 11.6321
      vertex 39.6754 -19.1698 11.7128
    endloop
  endfacet
  facet normal 0.442351 0.44383 0.77932
    outer loop
      vertex 39.7327 -19.3336 11.8387
      vertex 39.8063 -19.3088 11.7828
      vertex 39.7763 -19.2789 11.7828
    endloop
  endfacet
  facet normal 0.442431 0.443681 0.77936
    outer loop
      vertex 39.8063 -19.3088 11.7828
      vertex 39.7327 -19.3336 11.8387
      vertex 39.8063 -19.3355 11.798
    endloop
  endfacet
  facet normal 0.442656 0.442656 0.779815
    outer loop
      vertex 39.8063 -19.3355 11.798
      vertex 39.7327 -19.3336 11.8387
      vertex 39.7664 -19.3673 11.8387
    endloop
  endfacet
  facet normal 0.308633 0.308633 0.899717
    outer loop
      vertex 39.7327 -19.3336 11.8387
      vertex 39.7033 -19.4176 11.8776
      vertex 39.7664 -19.3673 11.8387
    endloop
  endfacet
  facet normal 0.308633 0.308633 0.899717
    outer loop
      vertex 39.7033 -19.4176 11.8776
      vertex 39.7327 -19.3336 11.8387
      vertex 39.6824 -19.3967 11.8776
    endloop
  endfacet
  facet normal -0.77919 -0.0867143 -0.620761
    outer loop
      vertex 38.9242 -20.5629 9.61716
      vertex 38.8698 -20.5754 9.68719
      vertex 38.9172 -20.5 9.61716
    endloop
  endfacet
  facet normal -0.739612 -0.25973 -0.620898
    outer loop
      vertex 38.9452 -20.6227 9.61716
      vertex 38.8698 -20.5754 9.68719
      vertex 38.9242 -20.5629 9.61716
    endloop
  endfacet
  facet normal -0.825866 -0.518771 -0.220958
    outer loop
      vertex 38.8892 -20.7478 9.85522
      vertex 38.8419 -20.6725 9.85522
      vertex 38.8598 -20.6638 9.76789
    endloop
  endfacet
  facet normal -0.763732 -0.479999 0.431641
    outer loop
      vertex 38.9352 -20.7112 11.7128
      vertex 38.8598 -20.6638 11.6321
      vertex 38.9048 -20.7354 11.6321
    endloop
  endfacet
  facet normal -0.943981 -0.33 0
    outer loop
      vertex 38.8419 -20.6725 9.85522
      vertex 38.8125 -20.5884 11.5448
      vertex 38.8125 -20.5884 9.85522
    endloop
  endfacet
  facet normal -0.943981 -0.33 0
    outer loop
      vertex 38.8125 -20.5884 11.5448
      vertex 38.8419 -20.6725 9.85522
      vertex 38.8419 -20.6725 11.5448
    endloop
  endfacet
  facet normal -0.207521 -0.59094 0.779567
    outer loop
      vertex 39.1526 -20.7075 11.8387
      vertex 39.0773 -20.7548 11.7828
      vertex 39.1371 -20.7758 11.7828
    endloop
  endfacet
  facet normal -0.074047 -0.210807 0.974719
    outer loop
      vertex 39.1806 -20.5403 11.8975
      vertex 39.1427 -20.619 11.8776
      vertex 39.1706 -20.6288 11.8776
    endloop
  endfacet
  facet normal -0.0249385 0.222179 0.974687
    outer loop
      vertex 39.2 -19.3679 11.8776
      vertex 39.1706 -19.3712 11.8776
      vertex 39.2 -19.4552 11.8975
    endloop
  endfacet
  facet normal -0.322198 -0.920566 -0.220786
    outer loop
      vertex 39.1115 -20.8875 9.85522
      vertex 39.0275 -20.8581 9.85522
      vertex 39.0362 -20.8402 9.76789
    endloop
  endfacet
  facet normal -0.622322 0.0695845 0.779663
    outer loop
      vertex 38.9925 -19.4526 11.8387
      vertex 38.9242 -19.4371 11.7828
      vertex 38.9872 -19.5 11.8387
    endloop
  endfacet
  facet normal -0.59094 0.207521 0.779567
    outer loop
      vertex 38.9452 -19.3773 11.7828
      vertex 38.9242 -19.4371 11.7828
      vertex 38.9925 -19.4526 11.8387
    endloop
  endfacet
  facet normal -0.763833 -0.479478 0.432042
    outer loop
      vertex 38.8949 -20.647 11.7128
      vertex 38.8598 -20.6638 11.6321
      vertex 38.9352 -20.7112 11.7128
    endloop
  endfacet
  facet normal -0.157957 -0.157957 0.97473
    outer loop
      vertex 39.165 -20.5279 11.8975
      vertex 39.1176 -20.6033 11.8776
      vertex 39.1721 -20.535 11.8975
    endloop
  endfacet
  facet normal -0.157957 -0.157957 0.97473
    outer loop
      vertex 39.1176 -20.6033 11.8776
      vertex 39.165 -20.5279 11.8975
      vertex 39.0967 -20.5824 11.8776
    endloop
  endfacet
  facet normal -0.624014 0 0.781413
    outer loop
      vertex 38.9172 -19.5 11.7828
      vertex 38.9872 -20.5 11.8387
      vertex 38.9872 -19.5 11.8387
    endloop
  endfacet
  facet normal -0.624014 0 0.781413
    outer loop
      vertex 38.9872 -20.5 11.8387
      vertex 38.9172 -19.5 11.7828
      vertex 38.9172 -20.5 11.7828
    endloop
  endfacet
  facet normal -0.689595 0.689595 0.221176
    outer loop
      vertex 38.8892 -19.2522 11.5448
      vertex 38.9646 -19.2048 11.6321
      vertex 38.9522 -19.1892 11.5448
    endloop
  endfacet
  facet normal -0.689595 0.689595 0.221176
    outer loop
      vertex 38.9646 -19.2048 11.6321
      vertex 38.8892 -19.2522 11.5448
      vertex 38.9048 -19.2646 11.6321
    endloop
  endfacet
  facet normal -0.479999 0.763732 0.431641
    outer loop
      vertex 39.0362 -19.1598 11.6321
      vertex 38.9646 -19.2048 11.6321
      vertex 38.9888 -19.2352 11.7128
    endloop
  endfacet
  facet normal -0.479478 0.763833 0.432042
    outer loop
      vertex 39.0362 -19.1598 11.6321
      vertex 38.9888 -19.2352 11.7128
      vertex 39.053 -19.1949 11.7128
    endloop
  endfacet
  facet normal -0.207521 0.59094 0.779567
    outer loop
      vertex 39.1371 -19.2242 11.7828
      vertex 39.0773 -19.2452 11.7828
      vertex 39.1526 -19.2925 11.8387
    endloop
  endfacet
  facet normal -0.259687 0.73949 0.621062
    outer loop
      vertex 39.1246 -19.1698 11.7128
      vertex 39.0773 -19.2452 11.7828
      vertex 39.1371 -19.2242 11.7828
    endloop
  endfacet
  facet normal -0.231646 0.369902 0.899729
    outer loop
      vertex 39.1077 -19.3083 11.8387
      vertex 39.0673 -19.3336 11.8387
      vertex 39.1427 -19.381 11.8776
    endloop
  endfacet
  facet normal -0.101366 0.896287 0.431735
    outer loop
      vertex 39.2 -19.1224 11.6321
      vertex 39.116 -19.1319 11.6321
      vertex 39.1246 -19.1698 11.7128
    endloop
  endfacet
  facet normal -0.298422 0.851275 0.431596
    outer loop
      vertex 39.116 -19.1319 11.6321
      vertex 39.053 -19.1949 11.7128
      vertex 39.1246 -19.1698 11.7128
    endloop
  endfacet
  facet normal 0.434039 0.0482618 0.8996
    outer loop
      vertex 39.8063 -19.4534 11.8393
      vertex 39.7321 -19.5 11.8776
      vertex 39.8063 -19.5 11.8418
    endloop
  endfacet
  facet normal 0.530141 -0.332052 0.780187
    outer loop
      vertex 39.7917 -20.5923 11.8387
      vertex 39.8063 -20.6282 11.8135
      vertex 39.8063 -20.5993 11.8258
    endloop
  endfacet
  facet normal 0.530185 -0.332022 0.78017
    outer loop
      vertex 39.8063 -20.6282 11.8135
      vertex 39.7917 -20.5923 11.8387
      vertex 39.7664 -20.6327 11.8387
    endloop
  endfacet
  facet normal 0.207521 -0.59094 0.779567
    outer loop
      vertex 39.7227 -20.7548 11.7828
      vertex 39.6474 -20.7075 11.8387
      vertex 39.6629 -20.7758 11.7828
    endloop
  endfacet
  facet normal -0.101366 -0.896287 0.431735
    outer loop
      vertex 39.1246 -20.8302 11.7128
      vertex 39.116 -20.8681 11.6321
      vertex 39.2 -20.8776 11.6321
    endloop
  endfacet
  facet normal 0.0249385 -0.222179 0.974687
    outer loop
      vertex 39.6 -20.5448 11.8975
      vertex 39.6 -20.6321 11.8776
      vertex 39.6294 -20.6288 11.8776
    endloop
  endfacet
  facet normal 0.0244576 0.222342 0.974662
    outer loop
      vertex 39.6294 -19.3712 11.8776
      vertex 39.6 -19.4552 11.8975
      vertex 39.61 -19.4563 11.8975
    endloop
  endfacet
  facet normal 0.0244576 -0.222342 0.974662
    outer loop
      vertex 39.61 -20.5437 11.8975
      vertex 39.6 -20.5448 11.8975
      vertex 39.6294 -20.6288 11.8776
    endloop
  endfacet
  facet normal -0.433615 0.048671 0.899783
    outer loop
      vertex 39.0712 -19.4706 11.8776
      vertex 38.9925 -19.4526 11.8387
      vertex 39.0679 -19.5 11.8776
    endloop
  endfacet
  facet normal -0.530654 0.332316 0.779726
    outer loop
      vertex 39.0336 -19.3673 11.8387
      vertex 38.9452 -19.3773 11.7828
      vertex 39.0083 -19.4077 11.8387
    endloop
  endfacet
  facet normal -0.222179 -0.0249385 0.974687
    outer loop
      vertex 39.1552 -20.5 11.8975
      vertex 39.0679 -20.5 11.8776
      vertex 39.0712 -20.5294 11.8776
    endloop
  endfacet
  facet normal -0 0.222249 0.97499
    outer loop
      vertex 39.2 -19.3679 11.8776
      vertex 39.6 -19.4552 11.8975
      vertex 39.6 -19.3679 11.8776
    endloop
  endfacet
  facet normal 0 0.222249 0.97499
    outer loop
      vertex 39.6 -19.4552 11.8975
      vertex 39.2 -19.3679 11.8776
      vertex 39.2 -19.4552 11.8975
    endloop
  endfacet
  facet normal 0.443044 0 0.8965
    outer loop
      vertex 39.7288 -19.4706 11.8776
      vertex 39.8063 -19.4534 11.8393
      vertex 39.8063 -19.4529 11.8393
    endloop
  endfacet
  facet normal 0.433812 0.0486932 0.899686
    outer loop
      vertex 39.8063 -19.4534 11.8393
      vertex 39.7288 -19.4706 11.8776
      vertex 39.7321 -19.5 11.8776
    endloop
  endfacet
  facet normal 0.390397 0.22329 0.893159
    outer loop
      vertex 39.8063 -19.4525 11.8392
      vertex 39.7288 -19.4706 11.8776
      vertex 39.8063 -19.4529 11.8393
    endloop
  endfacet
  facet normal 0.411961 0.144703 0.899638
    outer loop
      vertex 39.7288 -19.4706 11.8776
      vertex 39.8063 -19.4525 11.8392
      vertex 39.719 -19.4427 11.8776
    endloop
  endfacet
  facet normal 0.0692783 -0.622515 0.779536
    outer loop
      vertex 39.6 -20.7128 11.8387
      vertex 39.6 -20.7828 11.7828
      vertex 39.6629 -20.7758 11.7828
    endloop
  endfacet
  facet normal 0.0867 -0.779061 0.620924
    outer loop
      vertex 39.6629 -20.7758 11.7828
      vertex 39.6 -20.7828 11.7828
      vertex 39.6754 -20.8302 11.7128
    endloop
  endfacet
  facet normal 0.416731 -0.663463 0.621411
    outer loop
      vertex 39.747 -20.8051 11.7128
      vertex 39.8063 -20.7642 11.7167
      vertex 39.7227 -20.7548 11.7828
    endloop
  endfacet
  facet normal 0.414219 -0.660301 0.626439
    outer loop
      vertex 39.8063 -20.7642 11.7167
      vertex 39.747 -20.8051 11.7128
      vertex 39.8063 -20.7679 11.7128
    endloop
  endfacet
  facet normal 0.33 -0.943981 0
    outer loop
      vertex 39.6884 -20.8875 9.85522
      vertex 39.7725 -20.8581 11.5448
      vertex 39.6884 -20.8875 11.5448
    endloop
  endfacet
  facet normal 0.33 -0.943981 0
    outer loop
      vertex 39.7725 -20.8581 11.5448
      vertex 39.6884 -20.8875 9.85522
      vertex 39.7725 -20.8581 9.85522
    endloop
  endfacet
  facet normal -0.33035 -0.943858 0
    outer loop
      vertex 39.0275 -20.8581 9.85522
      vertex 39.1115 -20.8875 11.5448
      vertex 39.0275 -20.8581 11.5448
    endloop
  endfacet
  facet normal -0.33035 -0.943858 -0
    outer loop
      vertex 39.1115 -20.8875 11.5448
      vertex 39.0275 -20.8581 9.85522
      vertex 39.1115 -20.8875 9.85522
    endloop
  endfacet
  facet normal -0.109602 0.969111 -0.220932
    outer loop
      vertex 39.116 -19.1319 9.76789
      vertex 39.1115 -19.1125 9.85522
      vertex 39.2 -19.1224 9.76789
    endloop
  endfacet
  facet normal -0.298422 0.851275 -0.431596
    outer loop
      vertex 39.1246 -19.1698 9.68719
      vertex 39.053 -19.1949 9.68719
      vertex 39.116 -19.1319 9.76789
    endloop
  endfacet
  facet normal 0.087765 0.778528 -0.621444
    outer loop
      vertex 39.6754 -19.1698 9.68719
      vertex 39.6 -19.2172 9.61716
      vertex 39.6 -19.1613 9.68719
    endloop
  endfacet
  facet normal 0 0.975007 -0.222176
    outer loop
      vertex 39.6 -19.1224 9.76789
      vertex 39.2 -19.1025 9.85522
      vertex 39.6 -19.1025 9.85522
    endloop
  endfacet
  facet normal 0 0.975007 -0.222176
    outer loop
      vertex 39.2 -19.1025 9.85522
      vertex 39.6 -19.1224 9.76789
      vertex 39.2 -19.1224 9.76789
    endloop
  endfacet
  facet normal -0.25973 0.739612 -0.620898
    outer loop
      vertex 39.1371 -19.2242 9.61716
      vertex 39.0773 -19.2452 9.61716
      vertex 39.1246 -19.1698 9.68719
    endloop
  endfacet
  facet normal -0.207723 0.590302 -0.779997
    outer loop
      vertex 39.1077 -19.3083 9.56131
      vertex 39.0773 -19.2452 9.61716
      vertex 39.1526 -19.2925 9.56131
    endloop
  endfacet
  facet normal 0.0867143 0.77919 -0.620761
    outer loop
      vertex 39.6629 -19.2242 9.61716
      vertex 39.6 -19.2172 9.61716
      vertex 39.6754 -19.1698 9.68719
    endloop
  endfacet
  facet normal 0.0692406 0.622176 -0.779809
    outer loop
      vertex 39.6629 -19.2242 9.61716
      vertex 39.6 -19.2872 9.56131
      vertex 39.6 -19.2172 9.61716
    endloop
  endfacet
  facet normal -0.118415 -0.18991 -0.974634
    outer loop
      vertex 39.1806 -20.5403 9.50252
      vertex 39.1176 -20.6033 9.52245
      vertex 39.1721 -20.535 9.50252
    endloop
  endfacet
  facet normal -0.663149 0.416943 -0.621604
    outer loop
      vertex 38.9452 -19.3773 9.61716
      vertex 38.9352 -19.2888 9.68719
      vertex 38.9789 -19.3237 9.61716
    endloop
  endfacet
  facet normal -0.622176 0.0692406 -0.779809
    outer loop
      vertex 38.9872 -19.5 9.56131
      vertex 38.9172 -19.5 9.61716
      vertex 38.9242 -19.4371 9.61716
    endloop
  endfacet
  facet normal -0.0486305 -0.433254 -0.899959
    outer loop
      vertex 39.2 -20.6321 9.52245
      vertex 39.1526 -20.7075 9.56131
      vertex 39.1706 -20.6288 9.52245
    endloop
  endfacet
  facet normal 0.22266 -0.0244926 -0.974588
    outer loop
      vertex 39.7288 -20.5294 9.52245
      vertex 39.6437 -20.51 9.50252
      vertex 39.6448 -20.5 9.50252
    endloop
  endfacet
  facet normal -0.308376 -0.308376 -0.899893
    outer loop
      vertex 39.0673 -20.6664 9.56131
      vertex 39.0967 -20.5824 9.52245
      vertex 39.1176 -20.6033 9.52245
    endloop
  endfacet
  facet normal -0.308376 -0.308376 -0.899893
    outer loop
      vertex 39.0967 -20.5824 9.52245
      vertex 39.0673 -20.6664 9.56131
      vertex 39.0336 -20.6327 9.56131
    endloop
  endfacet
  facet normal -0.222498 -0.0249742 -0.974613
    outer loop
      vertex 39.0712 -20.5294 9.52245
      vertex 39.0679 -20.5 9.52245
      vertex 39.1552 -20.5 9.50252
    endloop
  endfacet
  facet normal -0.369794 0.231305 -0.899861
    outer loop
      vertex 39.081 -19.4427 9.52245
      vertex 39.0336 -19.3673 9.56131
      vertex 39.0967 -19.4176 9.52245
    endloop
  endfacet
  facet normal 0.144482 -0.411332 -0.899962
    outer loop
      vertex 39.6474 -20.7075 9.56131
      vertex 39.6294 -20.6288 9.52245
      vertex 39.6573 -20.619 9.52245
    endloop
  endfacet
  facet normal -0.118647 0.189683 -0.97465
    outer loop
      vertex 39.1806 -19.4597 9.50252
      vertex 39.1176 -19.3967 9.52245
      vertex 39.1427 -19.381 9.52245
    endloop
  endfacet
  facet normal -0.308376 0.308376 -0.899893
    outer loop
      vertex 39.0967 -19.4176 9.52245
      vertex 39.0673 -19.3336 9.56131
      vertex 39.1176 -19.3967 9.52245
    endloop
  endfacet
  facet normal -0.308376 0.308376 -0.899893
    outer loop
      vertex 39.0673 -19.3336 9.56131
      vertex 39.0967 -19.4176 9.52245
      vertex 39.0336 -19.3673 9.56131
    endloop
  endfacet
  facet normal -0.222567 0 -0.974917
    outer loop
      vertex 39.0679 -20.5 9.52245
      vertex 39.1552 -19.5 9.50252
      vertex 39.1552 -20.5 9.50252
    endloop
  endfacet
  facet normal -0.222567 0 -0.974917
    outer loop
      vertex 39.1552 -19.5 9.50252
      vertex 39.0679 -20.5 9.52245
      vertex 39.0679 -19.5 9.52245
    endloop
  endfacet
  facet normal 0.432269 -0.0540075 -0.900126
    outer loop
      vertex 39.7288 -20.5294 9.52245
      vertex 39.8063 -20.5466 9.5607
      vertex 39.8063 -20.5471 9.56073
    endloop
  endfacet
  facet normal 0.433354 -0.0486418 -0.89991
    outer loop
      vertex 39.8063 -20.5466 9.5607
      vertex 39.7288 -20.5294 9.52245
      vertex 39.7321 -20.5 9.52245
    endloop
  endfacet
  facet normal -0.621983 0.0695466 -0.779936
    outer loop
      vertex 38.9872 -19.5 9.56131
      vertex 38.9242 -19.4371 9.61716
      vertex 38.9925 -19.4526 9.56131
    endloop
  endfacet
  facet normal -0.433346 0.0484543 -0.899924
    outer loop
      vertex 39.0679 -19.5 9.52245
      vertex 38.9872 -19.5 9.56131
      vertex 38.9925 -19.4526 9.56131
    endloop
  endfacet
  facet normal 0.087765 -0.778528 -0.621444
    outer loop
      vertex 39.6754 -20.8302 9.68719
      vertex 39.6 -20.8387 9.68719
      vertex 39.6 -20.7828 9.61716
    endloop
  endfacet
  facet normal -0.637867 -0.637867 -0.431568
    outer loop
      vertex 38.9352 -20.7112 9.68719
      vertex 38.9646 -20.7952 9.76789
      vertex 38.9048 -20.7354 9.76789
    endloop
  endfacet
  facet normal -0.637867 -0.637867 -0.431568
    outer loop
      vertex 38.9646 -20.7952 9.76789
      vertex 38.9352 -20.7112 9.68719
      vertex 38.9888 -20.7648 9.68719
    endloop
  endfacet
  facet normal -0.298422 -0.851275 -0.431596
    outer loop
      vertex 39.116 -20.8681 9.76789
      vertex 39.053 -20.8051 9.68719
      vertex 39.1246 -20.8302 9.68719
    endloop
  endfacet
  facet normal -0.25973 -0.739612 -0.620898
    outer loop
      vertex 39.1246 -20.8302 9.68719
      vertex 39.0773 -20.7548 9.61716
      vertex 39.1371 -20.7758 9.61716
    endloop
  endfacet
  facet normal -0.144748 -0.411341 -0.899915
    outer loop
      vertex 39.1526 -20.7075 9.56131
      vertex 39.1077 -20.6917 9.56131
      vertex 39.1427 -20.619 9.52245
    endloop
  endfacet
  facet normal -0.207723 -0.590302 -0.779997
    outer loop
      vertex 39.1526 -20.7075 9.56131
      vertex 39.0773 -20.7548 9.61716
      vertex 39.1077 -20.6917 9.56131
    endloop
  endfacet
  facet normal 0.144748 -0.411341 -0.899915
    outer loop
      vertex 39.6923 -20.6917 9.56131
      vertex 39.6474 -20.7075 9.56131
      vertex 39.6573 -20.619 9.52245
    endloop
  endfacet
  facet normal 0.207723 -0.590302 -0.779997
    outer loop
      vertex 39.7227 -20.7548 9.61716
      vertex 39.6474 -20.7075 9.56131
      vertex 39.6923 -20.6917 9.56131
    endloop
  endfacet
  facet normal 0.369594 0.231453 -0.899905
    outer loop
      vertex 39.7917 -19.4077 9.56131
      vertex 39.719 -19.4427 9.52245
      vertex 39.7664 -19.3673 9.56131
    endloop
  endfacet
  facet normal 0.52909 0.332766 -0.780596
    outer loop
      vertex 39.7917 -19.4077 9.56131
      vertex 39.8063 -19.3718 9.58651
      vertex 39.8063 -19.4007 9.57419
    endloop
  endfacet
  facet normal 0.530185 0.332022 -0.78017
    outer loop
      vertex 39.8063 -19.3718 9.58651
      vertex 39.7917 -19.4077 9.56131
      vertex 39.7664 -19.3673 9.56131
    endloop
  endfacet
  facet normal 0.413838 0.135042 -0.900279
    outer loop
      vertex 39.7288 -19.4706 9.52245
      vertex 39.8063 -19.4525 9.56079
      vertex 39.8063 -19.4529 9.56073
    endloop
  endfacet
  facet normal 0.41144 0.14452 -0.899906
    outer loop
      vertex 39.8063 -19.4525 9.56079
      vertex 39.7288 -19.4706 9.52245
      vertex 39.719 -19.4427 9.52245
    endloop
  endfacet
  facet normal 0.433354 0.0486418 -0.89991
    outer loop
      vertex 39.7288 -19.4706 9.52245
      vertex 39.8063 -19.4534 9.5607
      vertex 39.7321 -19.5 9.52245
    endloop
  endfacet
  facet normal 0.432269 0.0540075 -0.900126
    outer loop
      vertex 39.8063 -19.4534 9.5607
      vertex 39.7288 -19.4706 9.52245
      vertex 39.8063 -19.4529 9.56073
    endloop
  endfacet
  facet normal -0.231305 -0.369794 -0.899861
    outer loop
      vertex 39.1427 -20.619 9.52245
      vertex 39.0673 -20.6664 9.56131
      vertex 39.1176 -20.6033 9.52245
    endloop
  endfacet
  facet normal -0.211327 -0.0742297 -0.974593
    outer loop
      vertex 39.081 -20.5573 9.52245
      vertex 39.0712 -20.5294 9.52245
      vertex 39.1596 -20.5194 9.50252
    endloop
  endfacet
  facet normal 0.369794 -0.231305 -0.899861
    outer loop
      vertex 39.7664 -20.6327 9.56131
      vertex 39.7033 -20.5824 9.52245
      vertex 39.719 -20.5573 9.52245
    endloop
  endfacet
  facet normal 0.413838 -0.135042 -0.900279
    outer loop
      vertex 39.8063 -20.5475 9.56079
      vertex 39.7288 -20.5294 9.52245
      vertex 39.8063 -20.5471 9.56073
    endloop
  endfacet
  facet normal 0.41144 -0.14452 -0.899906
    outer loop
      vertex 39.7288 -20.5294 9.52245
      vertex 39.8063 -20.5475 9.56079
      vertex 39.719 -20.5573 9.52245
    endloop
  endfacet
  facet normal 0.413859 -0.668491 -0.617933
    outer loop
      vertex 39.7227 -20.7548 9.61716
      vertex 39.8063 -20.7587 9.67737
      vertex 39.8063 -20.7642 9.68332
    endloop
  endfacet
  facet normal 0.416874 -0.66304 -0.621766
    outer loop
      vertex 39.8063 -20.7587 9.67737
      vertex 39.7227 -20.7548 9.61716
      vertex 39.7763 -20.7211 9.61716
    endloop
  endfacet
  facet normal 0.211327 -0.0742297 -0.974593
    outer loop
      vertex 39.719 -20.5573 9.52245
      vertex 39.6404 -20.5194 9.50252
      vertex 39.7288 -20.5294 9.52245
    endloop
  endfacet
  facet normal -0.118415 0.18991 -0.974634
    outer loop
      vertex 39.1721 -19.465 9.50252
      vertex 39.1176 -19.3967 9.52245
      vertex 39.1806 -19.4597 9.50252
    endloop
  endfacet
  facet normal -0.158183 0.158183 -0.974657
    outer loop
      vertex 39.165 -19.4721 9.50252
      vertex 39.1176 -19.3967 9.52245
      vertex 39.1721 -19.465 9.50252
    endloop
  endfacet
  facet normal -0.158183 0.158183 -0.974657
    outer loop
      vertex 39.1176 -19.3967 9.52245
      vertex 39.165 -19.4721 9.50252
      vertex 39.0967 -19.4176 9.52245
    endloop
  endfacet
  facet normal -0.22266 -0.0244926 -0.974588
    outer loop
      vertex 39.1563 -20.51 9.50252
      vertex 39.0712 -20.5294 9.52245
      vertex 39.1552 -20.5 9.50252
    endloop
  endfacet
  facet normal 0.158183 -0.158183 -0.974657
    outer loop
      vertex 39.6824 -20.6033 9.52245
      vertex 39.635 -20.5279 9.50252
      vertex 39.7033 -20.5824 9.52245
    endloop
  endfacet
  facet normal 0.158183 -0.158183 -0.974657
    outer loop
      vertex 39.635 -20.5279 9.50252
      vertex 39.6824 -20.6033 9.52245
      vertex 39.6279 -20.535 9.50252
    endloop
  endfacet
  facet normal 0.297617 -0.851249 -0.432203
    outer loop
      vertex 39.7638 -20.8402 9.76789
      vertex 39.684 -20.8681 9.76789
      vertex 39.747 -20.8051 9.68719
    endloop
  endfacet
  facet normal 0.298422 -0.851275 -0.431596
    outer loop
      vertex 39.684 -20.8681 9.76789
      vertex 39.6754 -20.8302 9.68719
      vertex 39.747 -20.8051 9.68719
    endloop
  endfacet
  facet normal 0.52909 -0.332766 -0.780596
    outer loop
      vertex 39.8063 -20.6282 9.58651
      vertex 39.7917 -20.5923 9.56131
      vertex 39.8063 -20.5993 9.57419
    endloop
  endfacet
  facet normal 0.530185 -0.332022 -0.78017
    outer loop
      vertex 39.7917 -20.5923 9.56131
      vertex 39.8063 -20.6282 9.58651
      vertex 39.7664 -20.6327 9.56131
    endloop
  endfacet
  facet normal -0.416943 0.663149 -0.621604
    outer loop
      vertex 39.0237 -19.2789 9.61716
      vertex 38.9888 -19.2352 9.68719
      vertex 39.0773 -19.2452 9.61716
    endloop
  endfacet
  facet normal 0.144482 0.411332 -0.899962
    outer loop
      vertex 39.6573 -19.381 9.52245
      vertex 39.6294 -19.3712 9.52245
      vertex 39.6474 -19.2925 9.56131
    endloop
  endfacet
  facet normal 0.074153 0.211109 -0.974646
    outer loop
      vertex 39.6573 -19.381 9.52245
      vertex 39.6194 -19.4597 9.50252
      vertex 39.6294 -19.3712 9.52245
    endloop
  endfacet
  facet normal 0.308376 0.308376 -0.899893
    outer loop
      vertex 39.7033 -19.4176 9.52245
      vertex 39.7327 -19.3336 9.56131
      vertex 39.7664 -19.3673 9.56131
    endloop
  endfacet
  facet normal 0.308376 0.308376 -0.899893
    outer loop
      vertex 39.7327 -19.3336 9.56131
      vertex 39.7033 -19.4176 9.52245
      vertex 39.6824 -19.3967 9.52245
    endloop
  endfacet
  facet normal 0.369794 0.231305 -0.899861
    outer loop
      vertex 39.719 -19.4427 9.52245
      vertex 39.7033 -19.4176 9.52245
      vertex 39.7664 -19.3673 9.56131
    endloop
  endfacet
  facet normal 0.321893 0.920683 -0.220744
    outer loop
      vertex 39.7638 -19.1598 9.76789
      vertex 39.684 -19.1319 9.76789
      vertex 39.6884 -19.1125 9.85522
    endloop
  endfacet
  facet normal 0.297617 0.851249 -0.432203
    outer loop
      vertex 39.747 -19.1949 9.68719
      vertex 39.684 -19.1319 9.76789
      vertex 39.7638 -19.1598 9.76789
    endloop
  endfacet
  facet normal 0.231305 0.369794 -0.899861
    outer loop
      vertex 39.6824 -19.3967 9.52245
      vertex 39.6573 -19.381 9.52245
      vertex 39.7327 -19.3336 9.56131
    endloop
  endfacet
  facet normal 0.416874 0.66304 -0.621766
    outer loop
      vertex 39.7227 -19.2452 9.61716
      vertex 39.8063 -19.2413 9.67737
      vertex 39.7763 -19.2789 9.61716
    endloop
  endfacet
  facet normal 0.413859 0.668491 -0.617933
    outer loop
      vertex 39.8063 -19.2413 9.67737
      vertex 39.7227 -19.2452 9.61716
      vertex 39.8063 -19.2358 9.68332
    endloop
  endfacet
  facet normal 0.109628 0.969113 0.220909
    outer loop
      vertex 39.6 -19.1025 11.5448
      vertex 39.6 -19.1224 11.6321
      vertex 39.6884 -19.1125 11.5448
    endloop
  endfacet
  facet normal 0.0867 0.779061 0.620924
    outer loop
      vertex 39.6754 -19.1698 11.7128
      vertex 39.6 -19.2172 11.7828
      vertex 39.6629 -19.2242 11.7828
    endloop
  endfacet
  facet normal 0.0877505 0.778399 0.621607
    outer loop
      vertex 39.6 -19.1613 11.7128
      vertex 39.6 -19.2172 11.7828
      vertex 39.6754 -19.1698 11.7128
    endloop
  endfacet
  facet normal 0.479889 0.763868 0.431522
    outer loop
      vertex 39.8063 -19.1865 11.6321
      vertex 39.7638 -19.1598 11.6321
      vertex 39.8063 -19.2274 11.7045
    endloop
  endfacet
  facet normal 0.518114 0.82605 0.22181
    outer loop
      vertex 39.7725 -19.1419 11.5448
      vertex 39.8063 -19.1747 11.588
      vertex 39.8063 -19.1631 11.5448
    endloop
  endfacet
  facet normal 0.518861 0.82579 0.221028
    outer loop
      vertex 39.8063 -19.1747 11.588
      vertex 39.7725 -19.1419 11.5448
      vertex 39.7638 -19.1598 11.6321
    endloop
  endfacet
  facet normal 0.0692783 0.622515 0.779536
    outer loop
      vertex 39.6 -19.2172 11.7828
      vertex 39.6 -19.2872 11.8387
      vertex 39.6629 -19.2242 11.7828
    endloop
  endfacet
  facet normal 0.53008 0.332986 0.779831
    outer loop
      vertex 39.8063 -19.3355 11.798
      vertex 39.7664 -19.3673 11.8387
      vertex 39.8063 -19.3718 11.8135
    endloop
  endfacet
  facet normal 0.189588 0.118587 0.974676
    outer loop
      vertex 39.7033 -19.4176 11.8776
      vertex 39.6404 -19.4806 11.8975
      vertex 39.719 -19.4427 11.8776
    endloop
  endfacet
  facet normal -0.846796 -0.531918 0
    outer loop
      vertex 38.8892 -20.7478 9.85522
      vertex 38.8419 -20.6725 11.5448
      vertex 38.8419 -20.6725 9.85522
    endloop
  endfacet
  facet normal -0.846796 -0.531918 0
    outer loop
      vertex 38.8419 -20.6725 11.5448
      vertex 38.8892 -20.7478 9.85522
      vertex 38.8892 -20.7478 11.5448
    endloop
  endfacet
  facet normal -0.663572 -0.416541 0.621423
    outer loop
      vertex 38.9452 -20.6227 11.7828
      vertex 38.8949 -20.647 11.7128
      vertex 38.9352 -20.7112 11.7128
    endloop
  endfacet
  facet normal -0.851249 -0.297617 0.432203
    outer loop
      vertex 38.8949 -20.647 11.7128
      vertex 38.8319 -20.584 11.6321
      vertex 38.8598 -20.6638 11.6321
    endloop
  endfacet
  facet normal -0.637867 -0.637867 0.431568
    outer loop
      vertex 38.9646 -20.7952 11.6321
      vertex 38.9352 -20.7112 11.7128
      vertex 38.9048 -20.7354 11.6321
    endloop
  endfacet
  facet normal -0.637867 -0.637867 0.431568
    outer loop
      vertex 38.9352 -20.7112 11.7128
      vertex 38.9646 -20.7952 11.6321
      vertex 38.9888 -20.7648 11.7128
    endloop
  endfacet
  facet normal -0.920667 -0.321888 0.220816
    outer loop
      vertex 38.8319 -20.584 11.6321
      vertex 38.8125 -20.5884 11.5448
      vertex 38.8598 -20.6638 11.6321
    endloop
  endfacet
  facet normal -0.332316 -0.530654 0.779726
    outer loop
      vertex 39.1077 -20.6917 11.8387
      vertex 39.0673 -20.6664 11.8387
      vertex 39.0773 -20.7548 11.7828
    endloop
  endfacet
  facet normal -0.0484947 -0.433707 0.899748
    outer loop
      vertex 39.2 -20.6321 11.8776
      vertex 39.1526 -20.7075 11.8387
      vertex 39.2 -20.7128 11.8387
    endloop
  endfacet
  facet normal -0.222342 -0.0244576 0.974662
    outer loop
      vertex 39.1552 -20.5 11.8975
      vertex 39.0712 -20.5294 11.8776
      vertex 39.1563 -20.51 11.8975
    endloop
  endfacet
  facet normal 0.118477 0.189412 0.974724
    outer loop
      vertex 39.6573 -19.381 11.8776
      vertex 39.6194 -19.4597 11.8975
      vertex 39.6824 -19.3967 11.8776
    endloop
  endfacet
  facet normal -0.118477 0.189412 0.974724
    outer loop
      vertex 39.1427 -19.381 11.8776
      vertex 39.1176 -19.3967 11.8776
      vertex 39.1806 -19.4597 11.8975
    endloop
  endfacet
  facet normal 0.118245 0.189639 0.974708
    outer loop
      vertex 39.6824 -19.3967 11.8776
      vertex 39.6194 -19.4597 11.8975
      vertex 39.6279 -19.465 11.8975
    endloop
  endfacet
  facet normal -0.59094 -0.207521 0.779567
    outer loop
      vertex 38.9925 -20.5474 11.8387
      vertex 38.9242 -20.5629 11.7828
      vertex 38.9452 -20.6227 11.7828
    endloop
  endfacet
  facet normal -0.433615 -0.048671 0.899783
    outer loop
      vertex 39.0679 -20.5 11.8776
      vertex 38.9925 -20.5474 11.8387
      vertex 39.0712 -20.5294 11.8776
    endloop
  endfacet
  facet normal -0.207836 -0.590623 0.779723
    outer loop
      vertex 39.1077 -20.6917 11.8387
      vertex 39.0773 -20.7548 11.7828
      vertex 39.1526 -20.7075 11.8387
    endloop
  endfacet
  facet normal -0.231646 -0.369902 0.899729
    outer loop
      vertex 39.1427 -20.619 11.8776
      vertex 39.0673 -20.6664 11.8387
      vertex 39.1077 -20.6917 11.8387
    endloop
  endfacet
  facet normal -0.73949 -0.259687 0.621062
    outer loop
      vertex 38.9242 -20.5629 11.7828
      vertex 38.8698 -20.5754 11.7128
      vertex 38.9452 -20.6227 11.7828
    endloop
  endfacet
  facet normal -0.0695845 0.622322 0.779663
    outer loop
      vertex 39.2 -19.2872 11.8387
      vertex 39.1371 -19.2242 11.7828
      vertex 39.1526 -19.2925 11.8387
    endloop
  endfacet
  facet normal -0 0.434218 0.900808
    outer loop
      vertex 39.2 -19.2872 11.8387
      vertex 39.6 -19.3679 11.8776
      vertex 39.6 -19.2872 11.8387
    endloop
  endfacet
  facet normal 0 0.434218 0.900808
    outer loop
      vertex 39.6 -19.3679 11.8776
      vertex 39.2 -19.2872 11.8387
      vertex 39.2 -19.3679 11.8776
    endloop
  endfacet
  facet normal -0.207836 0.590623 0.779723
    outer loop
      vertex 39.1526 -19.2925 11.8387
      vertex 39.0773 -19.2452 11.7828
      vertex 39.1077 -19.3083 11.8387
    endloop
  endfacet
  facet normal -0.332316 0.530654 0.779726
    outer loop
      vertex 39.0773 -19.2452 11.7828
      vertex 39.0673 -19.3336 11.8387
      vertex 39.1077 -19.3083 11.8387
    endloop
  endfacet
  facet normal 0.10103 -0.896199 0.431997
    outer loop
      vertex 39.6 -20.8387 11.7128
      vertex 39.6 -20.8776 11.6321
      vertex 39.6754 -20.8302 11.7128
    endloop
  endfacet
  facet normal 0.416848 -0.662998 0.62183
    outer loop
      vertex 39.7227 -20.7548 11.7828
      vertex 39.8063 -20.7587 11.7226
      vertex 39.7763 -20.7211 11.7828
    endloop
  endfacet
  facet normal 0.415572 -0.665314 0.620208
    outer loop
      vertex 39.8063 -20.7587 11.7226
      vertex 39.7227 -20.7548 11.7828
      vertex 39.8063 -20.7642 11.7167
    endloop
  endfacet
  facet normal 0.157957 -0.157957 0.97473
    outer loop
      vertex 39.635 -20.5279 11.8975
      vertex 39.6824 -20.6033 11.8776
      vertex 39.7033 -20.5824 11.8776
    endloop
  endfacet
  facet normal 0.157957 -0.157957 0.97473
    outer loop
      vertex 39.6824 -20.6033 11.8776
      vertex 39.635 -20.5279 11.8975
      vertex 39.6279 -20.535 11.8975
    endloop
  endfacet
  facet normal 0.390397 -0.22329 0.893159
    outer loop
      vertex 39.7288 -20.5294 11.8776
      vertex 39.8063 -20.5475 11.8392
      vertex 39.8063 -20.5471 11.8393
    endloop
  endfacet
  facet normal 0.411961 -0.144703 0.899638
    outer loop
      vertex 39.8063 -20.5475 11.8392
      vertex 39.7288 -20.5294 11.8776
      vertex 39.719 -20.5573 11.8776
    endloop
  endfacet
  facet normal -0.0867 -0.779061 0.620924
    outer loop
      vertex 39.1371 -20.7758 11.7828
      vertex 39.1246 -20.8302 11.7128
      vertex 39.2 -20.7828 11.7828
    endloop
  endfacet
  facet normal -0.1096 -0.969095 0.221004
    outer loop
      vertex 39.116 -20.8681 11.6321
      vertex 39.1115 -20.8875 11.5448
      vertex 39.2 -20.8776 11.6321
    endloop
  endfacet
  facet normal 0.369902 -0.231646 0.899729
    outer loop
      vertex 39.7917 -20.5923 11.8387
      vertex 39.719 -20.5573 11.8776
      vertex 39.7664 -20.6327 11.8387
    endloop
  endfacet
  facet normal 0.433812 -0.0486932 0.899686
    outer loop
      vertex 39.7288 -20.5294 11.8776
      vertex 39.8063 -20.5466 11.8393
      vertex 39.7321 -20.5 11.8776
    endloop
  endfacet
  facet normal 0.443044 0 0.8965
    outer loop
      vertex 39.8063 -20.5466 11.8393
      vertex 39.7288 -20.5294 11.8776
      vertex 39.8063 -20.5471 11.8393
    endloop
  endfacet
  facet normal 0.074047 0.210807 0.974719
    outer loop
      vertex 39.6294 -19.3712 11.8776
      vertex 39.6194 -19.4597 11.8975
      vertex 39.6573 -19.381 11.8776
    endloop
  endfacet
  facet normal -0.0484947 0.433707 0.899748
    outer loop
      vertex 39.2 -19.2872 11.8387
      vertex 39.1526 -19.2925 11.8387
      vertex 39.2 -19.3679 11.8776
    endloop
  endfacet
  facet normal -0.048671 0.433615 0.899783
    outer loop
      vertex 39.2 -19.3679 11.8776
      vertex 39.1526 -19.2925 11.8387
      vertex 39.1706 -19.3712 11.8776
    endloop
  endfacet
  facet normal 0.048671 0.433615 0.899783
    outer loop
      vertex 39.6474 -19.2925 11.8387
      vertex 39.6 -19.3679 11.8776
      vertex 39.6294 -19.3712 11.8776
    endloop
  endfacet
  facet normal 0.144603 0.411675 0.899785
    outer loop
      vertex 39.6474 -19.2925 11.8387
      vertex 39.6294 -19.3712 11.8776
      vertex 39.6573 -19.381 11.8776
    endloop
  endfacet
  facet normal -0.231498 0.370102 0.899685
    outer loop
      vertex 39.1427 -19.381 11.8776
      vertex 39.0673 -19.3336 11.8387
      vertex 39.1176 -19.3967 11.8776
    endloop
  endfacet
  facet normal -0.308633 0.308633 0.899717
    outer loop
      vertex 39.0673 -19.3336 11.8387
      vertex 39.0967 -19.4176 11.8776
      vertex 39.1176 -19.3967 11.8776
    endloop
  endfacet
  facet normal -0.308633 0.308633 0.899717
    outer loop
      vertex 39.0967 -19.4176 11.8776
      vertex 39.0673 -19.3336 11.8387
      vertex 39.0336 -19.3673 11.8387
    endloop
  endfacet
  facet normal 0.0761547 -0.210545 0.974613
    outer loop
      vertex 39.6194 -20.5403 11.8975
      vertex 39.61 -20.5437 11.8975
      vertex 39.6294 -20.6288 11.8776
    endloop
  endfacet
  facet normal -0.0761547 0.210545 0.974613
    outer loop
      vertex 39.19 -19.4563 11.8975
      vertex 39.1706 -19.3712 11.8776
      vertex 39.1806 -19.4597 11.8975
    endloop
  endfacet
  facet normal -0.189588 0.118587 0.974676
    outer loop
      vertex 39.0967 -19.4176 11.8776
      vertex 39.081 -19.4427 11.8776
      vertex 39.1596 -19.4806 11.8975
    endloop
  endfacet
  facet normal -0.370102 0.231498 0.899685
    outer loop
      vertex 39.0967 -19.4176 11.8776
      vertex 39.0336 -19.3673 11.8387
      vertex 39.081 -19.4427 11.8776
    endloop
  endfacet
  facet normal 0.590131 0.207113 0.780288
    outer loop
      vertex 39.8063 -19.4007 11.8258
      vertex 39.7917 -19.4077 11.8387
      vertex 39.8063 -19.4493 11.8387
    endloop
  endfacet
  facet normal -0.188466 -0.119731 0.974754
    outer loop
      vertex 39.1596 -20.5194 11.8975
      vertex 39.0967 -20.5824 11.8776
      vertex 39.165 -20.5279 11.8975
    endloop
  endfacet
  facet normal 0.518861 -0.82579 0.221028
    outer loop
      vertex 39.7725 -20.8581 11.5448
      vertex 39.8063 -20.8253 11.588
      vertex 39.7638 -20.8402 11.6321
    endloop
  endfacet
  facet normal 0.518114 -0.82605 0.22181
    outer loop
      vertex 39.8063 -20.8253 11.588
      vertex 39.7725 -20.8581 11.5448
      vertex 39.8063 -20.8369 11.5448
    endloop
  endfacet
  facet normal 0.144869 -0.411684 0.899739
    outer loop
      vertex 39.6573 -20.619 11.8776
      vertex 39.6474 -20.7075 11.8387
      vertex 39.6923 -20.6917 11.8387
    endloop
  endfacet
  facet normal -0.297617 0.851249 -0.432203
    outer loop
      vertex 39.053 -19.1949 9.68719
      vertex 39.0362 -19.1598 9.76789
      vertex 39.116 -19.1319 9.76789
    endloop
  endfacet
  facet normal -0.259259 0.739558 -0.621159
    outer loop
      vertex 39.0773 -19.2452 9.61716
      vertex 39.053 -19.1949 9.68719
      vertex 39.1246 -19.1698 9.68719
    endloop
  endfacet
  facet normal 0.333372 0.53023 -0.779563
    outer loop
      vertex 39.7327 -19.3336 9.56131
      vertex 39.7227 -19.2452 9.61716
      vertex 39.7763 -19.2789 9.61716
    endloop
  endfacet
  facet normal 0.41296 0.658293 -0.629376
    outer loop
      vertex 39.8063 -19.2358 9.68332
      vertex 39.747 -19.1949 9.68719
      vertex 39.8063 -19.2321 9.68719
    endloop
  endfacet
  facet normal 0.417039 0.663437 -0.621233
    outer loop
      vertex 39.747 -19.1949 9.68719
      vertex 39.8063 -19.2358 9.68332
      vertex 39.7227 -19.2452 9.61716
    endloop
  endfacet
  facet normal 0 0.781543 -0.623851
    outer loop
      vertex 39.6 -19.2172 9.61716
      vertex 39.2 -19.1613 9.68719
      vertex 39.6 -19.1613 9.68719
    endloop
  endfacet
  facet normal 0 0.781543 -0.623851
    outer loop
      vertex 39.2 -19.1613 9.68719
      vertex 39.6 -19.2172 9.61716
      vertex 39.2 -19.2172 9.61716
    endloop
  endfacet
  facet normal -0.590302 -0.207723 -0.779997
    outer loop
      vertex 39.0083 -20.5923 9.56131
      vertex 38.9452 -20.6227 9.61716
      vertex 38.9925 -20.5474 9.56131
    endloop
  endfacet
  facet normal -0.411341 -0.144748 -0.899915
    outer loop
      vertex 39.0083 -20.5923 9.56131
      vertex 38.9925 -20.5474 9.56131
      vertex 39.081 -20.5573 9.52245
    endloop
  endfacet
  facet normal 0 -0.433856 -0.900982
    outer loop
      vertex 39.2 -20.7128 9.56131
      vertex 39.6 -20.6321 9.52245
      vertex 39.6 -20.7128 9.56131
    endloop
  endfacet
  facet normal -0 -0.433856 -0.900982
    outer loop
      vertex 39.6 -20.6321 9.52245
      vertex 39.2 -20.7128 9.56131
      vertex 39.2 -20.6321 9.52245
    endloop
  endfacet
  facet normal 0 -0.222567 -0.974917
    outer loop
      vertex 39.2 -20.6321 9.52245
      vertex 39.6 -20.5448 9.50252
      vertex 39.6 -20.6321 9.52245
    endloop
  endfacet
  facet normal -0 -0.222567 -0.974917
    outer loop
      vertex 39.6 -20.5448 9.50252
      vertex 39.2 -20.6321 9.52245
      vertex 39.2 -20.5448 9.50252
    endloop
  endfacet
  facet normal -0.22266 0.0244926 -0.974588
    outer loop
      vertex 39.1552 -19.5 9.50252
      vertex 39.0712 -19.4706 9.52245
      vertex 39.1563 -19.49 9.50252
    endloop
  endfacet
  facet normal -0.369794 -0.231305 -0.899861
    outer loop
      vertex 39.0967 -20.5824 9.52245
      vertex 39.0336 -20.6327 9.56131
      vertex 39.081 -20.5573 9.52245
    endloop
  endfacet
  facet normal -0.188736 0.119903 -0.97468
    outer loop
      vertex 39.1596 -19.4806 9.50252
      vertex 39.0967 -19.4176 9.52245
      vertex 39.165 -19.4721 9.50252
    endloop
  endfacet
  facet normal -0.189859 0.118757 -0.974603
    outer loop
      vertex 39.1596 -19.4806 9.50252
      vertex 39.081 -19.4427 9.52245
      vertex 39.0967 -19.4176 9.52245
    endloop
  endfacet
  facet normal 0.188736 -0.119903 -0.97468
    outer loop
      vertex 39.7033 -20.5824 9.52245
      vertex 39.635 -20.5279 9.50252
      vertex 39.6404 -20.5194 9.50252
    endloop
  endfacet
  facet normal -0.188736 -0.119903 -0.97468
    outer loop
      vertex 39.165 -20.5279 9.50252
      vertex 39.0967 -20.5824 9.52245
      vertex 39.1596 -20.5194 9.50252
    endloop
  endfacet
  facet normal 0.211332 -0.0741911 -0.974594
    outer loop
      vertex 39.7288 -20.5294 9.52245
      vertex 39.6404 -20.5194 9.50252
      vertex 39.6437 -20.51 9.50252
    endloop
  endfacet
  facet normal -0.211332 -0.0741911 -0.974594
    outer loop
      vertex 39.1596 -20.5194 9.50252
      vertex 39.0712 -20.5294 9.52245
      vertex 39.1563 -20.51 9.50252
    endloop
  endfacet
  facet normal -0.10103 -0.896199 -0.431997
    outer loop
      vertex 39.2 -20.8776 9.76789
      vertex 39.1246 -20.8302 9.68719
      vertex 39.2 -20.8387 9.68719
    endloop
  endfacet
  facet normal 0 -0.623673 -0.781685
    outer loop
      vertex 39.2 -20.7828 9.61716
      vertex 39.6 -20.7128 9.56131
      vertex 39.6 -20.7828 9.61716
    endloop
  endfacet
  facet normal -0 -0.623673 -0.781685
    outer loop
      vertex 39.6 -20.7128 9.56131
      vertex 39.2 -20.7828 9.61716
      vertex 39.2 -20.7128 9.56131
    endloop
  endfacet
  facet normal -0.101366 -0.896287 -0.431735
    outer loop
      vertex 39.2 -20.8776 9.76789
      vertex 39.116 -20.8681 9.76789
      vertex 39.1246 -20.8302 9.68719
    endloop
  endfacet
  facet normal -0.109602 -0.969111 -0.220932
    outer loop
      vertex 39.2 -20.8776 9.76789
      vertex 39.1115 -20.8875 9.85522
      vertex 39.116 -20.8681 9.76789
    endloop
  endfacet
  facet normal -0.479478 -0.763833 -0.432042
    outer loop
      vertex 39.0362 -20.8402 9.76789
      vertex 38.9888 -20.7648 9.68719
      vertex 39.053 -20.8051 9.68719
    endloop
  endfacet
  facet normal -0.41661 -0.663681 -0.621259
    outer loop
      vertex 39.053 -20.8051 9.68719
      vertex 38.9888 -20.7648 9.68719
      vertex 39.0773 -20.7548 9.61716
    endloop
  endfacet
  facet normal -0.118647 -0.189683 -0.97465
    outer loop
      vertex 39.1427 -20.619 9.52245
      vertex 39.1176 -20.6033 9.52245
      vertex 39.1806 -20.5403 9.50252
    endloop
  endfacet
  facet normal -0.144482 -0.411332 -0.899962
    outer loop
      vertex 39.1526 -20.7075 9.56131
      vertex 39.1427 -20.619 9.52245
      vertex 39.1706 -20.6288 9.52245
    endloop
  endfacet
  facet normal -0.189859 -0.118757 -0.974603
    outer loop
      vertex 39.0967 -20.5824 9.52245
      vertex 39.081 -20.5573 9.52245
      vertex 39.1596 -20.5194 9.50252
    endloop
  endfacet
  facet normal 0.433757 0 -0.90103
    outer loop
      vertex 39.7321 -20.5 9.52245
      vertex 39.8063 -19.5 9.55817
      vertex 39.8063 -20.5 9.55817
    endloop
  endfacet
  facet normal 0.433757 0 -0.90103
    outer loop
      vertex 39.8063 -19.5 9.55817
      vertex 39.7321 -20.5 9.52245
      vertex 39.7321 -19.5 9.52245
    endloop
  endfacet
  facet normal 0.44211 -0.443589 -0.779594
    outer loop
      vertex 39.7327 -20.6664 9.56131
      vertex 39.8063 -20.6912 9.61716
      vertex 39.7763 -20.7211 9.61716
    endloop
  endfacet
  facet normal 0.442824 -0.44226 -0.779944
    outer loop
      vertex 39.8063 -20.6912 9.61716
      vertex 39.7327 -20.6664 9.56131
      vertex 39.8063 -20.6645 9.60202
    endloop
  endfacet
  facet normal 0.442722 -0.442722 -0.77974
    outer loop
      vertex 39.8063 -20.6645 9.60202
      vertex 39.7327 -20.6664 9.56131
      vertex 39.7664 -20.6327 9.56131
    endloop
  endfacet
  facet normal -0.332135 0.530365 -0.779999
    outer loop
      vertex 39.1077 -19.3083 9.56131
      vertex 39.0673 -19.3336 9.56131
      vertex 39.0773 -19.2452 9.61716
    endloop
  endfacet
  facet normal -0.53023 0.333372 -0.779563
    outer loop
      vertex 39.0336 -19.3673 9.56131
      vertex 38.9452 -19.3773 9.61716
      vertex 38.9789 -19.3237 9.61716
    endloop
  endfacet
  facet normal -0.590302 0.207723 -0.779997
    outer loop
      vertex 38.9925 -19.4526 9.56131
      vertex 38.9452 -19.3773 9.61716
      vertex 39.0083 -19.4077 9.56131
    endloop
  endfacet
  facet normal -0.739558 0.259259 -0.621159
    outer loop
      vertex 38.9452 -19.3773 9.61716
      vertex 38.8698 -19.4246 9.68719
      vertex 38.8949 -19.353 9.68719
    endloop
  endfacet
  facet normal -0.663681 0.41661 -0.621259
    outer loop
      vertex 38.9452 -19.3773 9.61716
      vertex 38.8949 -19.353 9.68719
      vertex 38.9352 -19.2888 9.68719
    endloop
  endfacet
  facet normal 0.0244926 0.22266 -0.974588
    outer loop
      vertex 39.61 -19.4563 9.50252
      vertex 39.6 -19.4552 9.50252
      vertex 39.6294 -19.3712 9.52245
    endloop
  endfacet
  facet normal 0.0762637 0.210847 -0.97454
    outer loop
      vertex 39.6194 -19.4597 9.50252
      vertex 39.61 -19.4563 9.50252
      vertex 39.6294 -19.3712 9.52245
    endloop
  endfacet
  facet normal 0.189859 0.118757 -0.974603
    outer loop
      vertex 39.719 -19.4427 9.52245
      vertex 39.6404 -19.4806 9.50252
      vertex 39.7033 -19.4176 9.52245
    endloop
  endfacet
  facet normal 0.518102 0.826031 -0.221907
    outer loop
      vertex 39.8063 -19.1747 9.81204
      vertex 39.7725 -19.1419 9.85522
      vertex 39.8063 -19.1631 9.85522
    endloop
  endfacet
  facet normal 0.519015 0.825714 -0.220952
    outer loop
      vertex 39.7725 -19.1419 9.85522
      vertex 39.8063 -19.1747 9.81204
      vertex 39.7638 -19.1598 9.76789
    endloop
  endfacet
  facet normal 0.321857 0.920687 -0.220777
    outer loop
      vertex 39.7638 -19.1598 9.76789
      vertex 39.6884 -19.1125 9.85522
      vertex 39.7725 -19.1419 9.85522
    endloop
  endfacet
  facet normal 0.298422 0.851275 -0.431596
    outer loop
      vertex 39.747 -19.1949 9.68719
      vertex 39.6754 -19.1698 9.68719
      vertex 39.684 -19.1319 9.76789
    endloop
  endfacet
  facet normal 0.479245 0.763957 -0.432082
    outer loop
      vertex 39.747 -19.1949 9.68719
      vertex 39.8063 -19.2274 9.6955
      vertex 39.8063 -19.2321 9.68719
    endloop
  endfacet
  facet normal 0.479248 0.763971 -0.432054
    outer loop
      vertex 39.8063 -19.2274 9.6955
      vertex 39.747 -19.1949 9.68719
      vertex 39.7638 -19.1598 9.76789
    endloop
  endfacet
  facet normal 0.101366 0.896287 -0.431735
    outer loop
      vertex 39.6754 -19.1698 9.68719
      vertex 39.6 -19.1224 9.76789
      vertex 39.684 -19.1319 9.76789
    endloop
  endfacet
  facet normal 0.109605 0.969138 -0.220812
    outer loop
      vertex 39.684 -19.1319 9.76789
      vertex 39.6 -19.1224 9.76789
      vertex 39.6884 -19.1125 9.85522
    endloop
  endfacet
  facet normal 0.10103 0.896199 0.431997
    outer loop
      vertex 39.6 -19.1224 11.6321
      vertex 39.6 -19.1613 11.7128
      vertex 39.6754 -19.1698 11.7128
    endloop
  endfacet
  facet normal 0 0.781413 0.624014
    outer loop
      vertex 39.6 -19.1613 11.7128
      vertex 39.2 -19.2172 11.7828
      vertex 39.6 -19.2172 11.7828
    endloop
  endfacet
  facet normal 0 0.781413 0.624014
    outer loop
      vertex 39.2 -19.2172 11.7828
      vertex 39.6 -19.1613 11.7128
      vertex 39.2 -19.1613 11.7128
    endloop
  endfacet
  facet normal 0.552802 0.554651 0.62191
    outer loop
      vertex 39.8063 -19.2413 11.7226
      vertex 39.7763 -19.2789 11.7828
      vertex 39.8063 -19.3088 11.7828
    endloop
  endfacet
  facet normal 0.479137 0.763785 0.432505
    outer loop
      vertex 39.8063 -19.2274 11.7045
      vertex 39.747 -19.1949 11.7128
      vertex 39.8063 -19.2321 11.7128
    endloop
  endfacet
  facet normal 0.479193 0.764003 0.432057
    outer loop
      vertex 39.747 -19.1949 11.7128
      vertex 39.8063 -19.2274 11.7045
      vertex 39.7638 -19.1598 11.6321
    endloop
  endfacet
  facet normal 0.297617 0.851249 0.432203
    outer loop
      vertex 39.7638 -19.1598 11.6321
      vertex 39.684 -19.1319 11.6321
      vertex 39.747 -19.1949 11.7128
    endloop
  endfacet
  facet normal 0.321888 0.920667 0.220816
    outer loop
      vertex 39.6884 -19.1125 11.5448
      vertex 39.684 -19.1319 11.6321
      vertex 39.7638 -19.1598 11.6321
    endloop
  endfacet
  facet normal 0.207521 0.59094 0.779567
    outer loop
      vertex 39.6629 -19.2242 11.7828
      vertex 39.6474 -19.2925 11.8387
      vertex 39.7227 -19.2452 11.7828
    endloop
  endfacet
  facet normal 0.231646 0.369902 0.899729
    outer loop
      vertex 39.6923 -19.3083 11.8387
      vertex 39.6573 -19.381 11.8776
      vertex 39.7327 -19.3336 11.8387
    endloop
  endfacet
  facet normal 0.370102 0.231498 0.899685
    outer loop
      vertex 39.7664 -19.3673 11.8387
      vertex 39.7033 -19.4176 11.8776
      vertex 39.719 -19.4427 11.8776
    endloop
  endfacet
  facet normal 0.369902 0.231646 0.899729
    outer loop
      vertex 39.7664 -19.3673 11.8387
      vertex 39.719 -19.4427 11.8776
      vertex 39.7917 -19.4077 11.8387
    endloop
  endfacet
  facet normal -0.896287 -0.101366 0.431735
    outer loop
      vertex 38.8698 -20.5754 11.7128
      vertex 38.8224 -20.5 11.6321
      vertex 38.8319 -20.584 11.6321
    endloop
  endfacet
  facet normal -0.969122 -0.109603 0.220885
    outer loop
      vertex 38.8224 -20.5 11.6321
      vertex 38.8125 -20.5884 11.5448
      vertex 38.8319 -20.584 11.6321
    endloop
  endfacet
  facet normal 0.0877505 -0.778399 0.621607
    outer loop
      vertex 39.6 -20.7828 11.7828
      vertex 39.6 -20.8387 11.7128
      vertex 39.6754 -20.8302 11.7128
    endloop
  endfacet
  facet normal -0.0695845 -0.622322 0.779663
    outer loop
      vertex 39.1526 -20.7075 11.8387
      vertex 39.1371 -20.7758 11.7828
      vertex 39.2 -20.7128 11.8387
    endloop
  endfacet
  facet normal -0.370102 -0.231498 0.899685
    outer loop
      vertex 39.081 -20.5573 11.8776
      vertex 39.0336 -20.6327 11.8387
      vertex 39.0967 -20.5824 11.8776
    endloop
  endfacet
  facet normal -0.157957 0.157957 0.97473
    outer loop
      vertex 39.1176 -19.3967 11.8776
      vertex 39.165 -19.4721 11.8975
      vertex 39.1721 -19.465 11.8975
    endloop
  endfacet
  facet normal -0.157957 0.157957 0.97473
    outer loop
      vertex 39.165 -19.4721 11.8975
      vertex 39.1176 -19.3967 11.8776
      vertex 39.0967 -19.4176 11.8776
    endloop
  endfacet
  facet normal 0.074047 -0.210807 0.974719
    outer loop
      vertex 39.6573 -20.619 11.8776
      vertex 39.6194 -20.5403 11.8975
      vertex 39.6294 -20.6288 11.8776
    endloop
  endfacet
  facet normal -0.144869 -0.411684 0.899739
    outer loop
      vertex 39.1427 -20.619 11.8776
      vertex 39.1077 -20.6917 11.8387
      vertex 39.1526 -20.7075 11.8387
    endloop
  endfacet
  facet normal -0.144603 -0.411675 0.899785
    outer loop
      vertex 39.1706 -20.6288 11.8776
      vertex 39.1427 -20.619 11.8776
      vertex 39.1526 -20.7075 11.8387
    endloop
  endfacet
  facet normal -0.048671 -0.433615 0.899783
    outer loop
      vertex 39.1706 -20.6288 11.8776
      vertex 39.1526 -20.7075 11.8387
      vertex 39.2 -20.6321 11.8776
    endloop
  endfacet
  facet normal -0.308633 -0.308633 0.899717
    outer loop
      vertex 39.0967 -20.5824 11.8776
      vertex 39.0673 -20.6664 11.8387
      vertex 39.1176 -20.6033 11.8776
    endloop
  endfacet
  facet normal -0.308633 -0.308633 0.899717
    outer loop
      vertex 39.0673 -20.6664 11.8387
      vertex 39.0967 -20.5824 11.8776
      vertex 39.0336 -20.6327 11.8387
    endloop
  endfacet
  facet normal -0.622515 -0.0692783 0.779536
    outer loop
      vertex 38.9872 -20.5 11.8387
      vertex 38.9172 -20.5 11.7828
      vertex 38.9242 -20.5629 11.7828
    endloop
  endfacet
  facet normal -0.739436 -0.259216 0.621322
    outer loop
      vertex 38.9452 -20.6227 11.7828
      vertex 38.8698 -20.5754 11.7128
      vertex 38.8949 -20.647 11.7128
    endloop
  endfacet
  facet normal -0.851275 -0.298422 0.431596
    outer loop
      vertex 38.8698 -20.5754 11.7128
      vertex 38.8319 -20.584 11.6321
      vertex 38.8949 -20.647 11.7128
    endloop
  endfacet
  facet normal -0.590623 -0.207836 0.779723
    outer loop
      vertex 38.9925 -20.5474 11.8387
      vertex 38.9452 -20.6227 11.7828
      vertex 39.0083 -20.5923 11.8387
    endloop
  endfacet
  facet normal 0.53008 -0.332986 0.779831
    outer loop
      vertex 39.8063 -20.6282 11.8135
      vertex 39.7664 -20.6327 11.8387
      vertex 39.8063 -20.6645 11.798
    endloop
  endfacet
  facet normal 0.370102 -0.231498 0.899685
    outer loop
      vertex 39.719 -20.5573 11.8776
      vertex 39.7033 -20.5824 11.8776
      vertex 39.7664 -20.6327 11.8387
    endloop
  endfacet
  facet normal 0 -0.222249 0.97499
    outer loop
      vertex 39.2 -20.5448 11.8975
      vertex 39.6 -20.6321 11.8776
      vertex 39.6 -20.5448 11.8975
    endloop
  endfacet
  facet normal 0 -0.222249 0.97499
    outer loop
      vertex 39.6 -20.6321 11.8776
      vertex 39.2 -20.5448 11.8975
      vertex 39.2 -20.6321 11.8776
    endloop
  endfacet
  facet normal 0.434039 -0.0482618 0.8996
    outer loop
      vertex 39.8063 -20.5 11.8418
      vertex 39.7321 -20.5 11.8776
      vertex 39.8063 -20.5466 11.8393
    endloop
  endfacet
  facet normal 0.21103 -0.074085 0.974668
    outer loop
      vertex 39.6437 -20.51 11.8975
      vertex 39.6404 -20.5194 11.8975
      vertex 39.7288 -20.5294 11.8776
    endloop
  endfacet
  facet normal 0.211025 -0.0741235 0.974666
    outer loop
      vertex 39.7288 -20.5294 11.8776
      vertex 39.6404 -20.5194 11.8975
      vertex 39.719 -20.5573 11.8776
    endloop
  endfacet
  facet normal 0.259687 -0.73949 0.621062
    outer loop
      vertex 39.7227 -20.7548 11.7828
      vertex 39.6629 -20.7758 11.7828
      vertex 39.6754 -20.8302 11.7128
    endloop
  endfacet
  facet normal 0.321852 -0.920672 0.220849
    outer loop
      vertex 39.7638 -20.8402 11.6321
      vertex 39.6884 -20.8875 11.5448
      vertex 39.7725 -20.8581 11.5448
    endloop
  endfacet
  facet normal 0.53135 -0.847152 0
    outer loop
      vertex 39.7725 -20.8581 9.85522
      vertex 39.8063 -20.8369 11.5448
      vertex 39.7725 -20.8581 11.5448
    endloop
  endfacet
  facet normal 0.53135 -0.847152 0
    outer loop
      vertex 39.8063 -20.8369 11.5448
      vertex 39.7725 -20.8581 9.85522
      vertex 39.8063 -20.8369 9.85522
    endloop
  endfacet
  facet normal -0.118245 0.189639 0.974708
    outer loop
      vertex 39.1806 -19.4597 11.8975
      vertex 39.1176 -19.3967 11.8776
      vertex 39.1721 -19.465 11.8975
    endloop
  endfacet
  facet normal -0.211025 0.0741235 0.974666
    outer loop
      vertex 39.081 -19.4427 11.8776
      vertex 39.0712 -19.4706 11.8776
      vertex 39.1596 -19.4806 11.8975
    endloop
  endfacet
  facet normal -0.411675 0.144603 0.899785
    outer loop
      vertex 39.081 -19.4427 11.8776
      vertex 38.9925 -19.4526 11.8387
      vertex 39.0712 -19.4706 11.8776
    endloop
  endfacet
  facet normal 0.231646 -0.369902 0.899729
    outer loop
      vertex 39.7327 -20.6664 11.8387
      vertex 39.6573 -20.619 11.8776
      vertex 39.6923 -20.6917 11.8387
    endloop
  endfacet
  facet normal 0.308633 -0.308633 0.899717
    outer loop
      vertex 39.7033 -20.5824 11.8776
      vertex 39.7327 -20.6664 11.8387
      vertex 39.7664 -20.6327 11.8387
    endloop
  endfacet
  facet normal 0.308633 -0.308633 0.899717
    outer loop
      vertex 39.7327 -20.6664 11.8387
      vertex 39.7033 -20.5824 11.8776
      vertex 39.6824 -20.6033 11.8776
    endloop
  endfacet
  facet normal -0.101366 0.896287 -0.431735
    outer loop
      vertex 39.1246 -19.1698 9.68719
      vertex 39.116 -19.1319 9.76789
      vertex 39.2 -19.1224 9.76789
    endloop
  endfacet
  facet normal -0.10103 0.896199 -0.431997
    outer loop
      vertex 39.2 -19.1613 9.68719
      vertex 39.1246 -19.1698 9.68719
      vertex 39.2 -19.1224 9.76789
    endloop
  endfacet
  facet normal 0.231453 0.369594 -0.899905
    outer loop
      vertex 39.7327 -19.3336 9.56131
      vertex 39.6573 -19.381 9.52245
      vertex 39.6923 -19.3083 9.56131
    endloop
  endfacet
  facet normal 0.144748 0.411341 -0.899915
    outer loop
      vertex 39.6573 -19.381 9.52245
      vertex 39.6474 -19.2925 9.56131
      vertex 39.6923 -19.3083 9.56131
    endloop
  endfacet
  facet normal -0.411332 -0.144482 -0.899962
    outer loop
      vertex 39.081 -20.5573 9.52245
      vertex 38.9925 -20.5474 9.56131
      vertex 39.0712 -20.5294 9.52245
    endloop
  endfacet
  facet normal -0.433254 -0.0486305 -0.899959
    outer loop
      vertex 39.0712 -20.5294 9.52245
      vertex 38.9925 -20.5474 9.56131
      vertex 39.0679 -20.5 9.52245
    endloop
  endfacet
  facet normal -0.442901 -0.442901 -0.779537
    outer loop
      vertex 39.0237 -20.7211 9.61716
      vertex 39.0336 -20.6327 9.56131
      vertex 39.0673 -20.6664 9.56131
    endloop
  endfacet
  facet normal -0.442901 -0.442901 -0.779537
    outer loop
      vertex 39.0336 -20.6327 9.56131
      vertex 39.0237 -20.7211 9.61716
      vertex 38.9789 -20.6763 9.61716
    endloop
  endfacet
  facet normal -0.53023 -0.333372 -0.779563
    outer loop
      vertex 38.9789 -20.6763 9.61716
      vertex 38.9452 -20.6227 9.61716
      vertex 39.0336 -20.6327 9.56131
    endloop
  endfacet
  facet normal 0.0486305 -0.433254 -0.899959
    outer loop
      vertex 39.6474 -20.7075 9.56131
      vertex 39.6 -20.6321 9.52245
      vertex 39.6294 -20.6288 9.52245
    endloop
  endfacet
  facet normal 0.0249742 -0.222498 -0.974613
    outer loop
      vertex 39.6294 -20.6288 9.52245
      vertex 39.6 -20.6321 9.52245
      vertex 39.6 -20.5448 9.50252
    endloop
  endfacet
  facet normal -0.087765 -0.778528 -0.621444
    outer loop
      vertex 39.2 -20.8387 9.68719
      vertex 39.1246 -20.8302 9.68719
      vertex 39.2 -20.7828 9.61716
    endloop
  endfacet
  facet normal -0.0867143 -0.77919 -0.620761
    outer loop
      vertex 39.2 -20.7828 9.61716
      vertex 39.1246 -20.8302 9.68719
      vertex 39.1371 -20.7758 9.61716
    endloop
  endfacet
  facet normal -0.074153 -0.211109 -0.974646
    outer loop
      vertex 39.1706 -20.6288 9.52245
      vertex 39.1427 -20.619 9.52245
      vertex 39.1806 -20.5403 9.50252
    endloop
  endfacet
  facet normal 0.433239 -0.0488601 -0.899954
    outer loop
      vertex 39.8063 -20.5466 9.5607
      vertex 39.7321 -20.5 9.52245
      vertex 39.8063 -20.5 9.55817
    endloop
  endfacet
  facet normal 0.222567 0 -0.974917
    outer loop
      vertex 39.6448 -20.5 9.50252
      vertex 39.7321 -19.5 9.52245
      vertex 39.7321 -20.5 9.52245
    endloop
  endfacet
  facet normal 0.222567 0 -0.974917
    outer loop
      vertex 39.7321 -19.5 9.52245
      vertex 39.6448 -20.5 9.50252
      vertex 39.6448 -19.5 9.50252
    endloop
  endfacet
  facet normal 0 0 -1
    outer loop
      vertex 39.6 -20.5448 9.50252
      vertex 39.6448 -20.5 9.50252
      vertex 39.6437 -20.51 9.50252
    endloop
  endfacet
  facet normal 0 0 -1
    outer loop
      vertex 39.6448 -20.5 9.50252
      vertex 39.1552 -20.5 9.50252
      vertex 39.6448 -19.5 9.50252
    endloop
  endfacet
  facet normal 0 0 -1
    outer loop
      vertex 39.6 -20.5448 9.50252
      vertex 39.6437 -20.51 9.50252
      vertex 39.6404 -20.5194 9.50252
    endloop
  endfacet
  facet normal 0 0 -1
    outer loop
      vertex 39.1552 -19.5 9.50252
      vertex 39.6448 -19.5 9.50252
      vertex 39.1552 -20.5 9.50252
    endloop
  endfacet
  facet normal 0 0 -1
    outer loop
      vertex 39.6 -20.5448 9.50252
      vertex 39.6404 -20.5194 9.50252
      vertex 39.635 -20.5279 9.50252
    endloop
  endfacet
  facet normal 0 -0 -1
    outer loop
      vertex 39.6 -19.4552 9.50252
      vertex 39.6448 -19.5 9.50252
      vertex 39.1552 -19.5 9.50252
    endloop
  endfacet
  facet normal 0 0 -1
    outer loop
      vertex 39.6 -20.5448 9.50252
      vertex 39.635 -20.5279 9.50252
      vertex 39.6279 -20.535 9.50252
    endloop
  endfacet
  facet normal -0 0 -1
    outer loop
      vertex 39.6448 -20.5 9.50252
      vertex 39.6 -20.5448 9.50252
      vertex 39.1552 -20.5 9.50252
    endloop
  endfacet
  facet normal 0 0 -1
    outer loop
      vertex 39.6 -20.5448 9.50252
      vertex 39.6279 -20.535 9.50252
      vertex 39.6194 -20.5403 9.50252
    endloop
  endfacet
  facet normal 0 0 -1
    outer loop
      vertex 39.6448 -19.5 9.50252
      vertex 39.6 -19.4552 9.50252
      vertex 39.6437 -19.49 9.50252
    endloop
  endfacet
  facet normal 0 0 -1
    outer loop
      vertex 39.6 -20.5448 9.50252
      vertex 39.6194 -20.5403 9.50252
      vertex 39.61 -20.5437 9.50252
    endloop
  endfacet
  facet normal 0 0 -1
    outer loop
      vertex 39.635 -19.4721 9.50252
      vertex 39.6 -19.4552 9.50252
      vertex 39.6279 -19.465 9.50252
    endloop
  endfacet
  facet normal 0 0 -1
    outer loop
      vertex 39.6279 -19.465 9.50252
      vertex 39.6 -19.4552 9.50252
      vertex 39.6194 -19.4597 9.50252
    endloop
  endfacet
  facet normal 0 0 -1
    outer loop
      vertex 39.6194 -19.4597 9.50252
      vertex 39.6 -19.4552 9.50252
      vertex 39.61 -19.4563 9.50252
    endloop
  endfacet
  facet normal 0 0 -1
    outer loop
      vertex 39.1552 -20.5 9.50252
      vertex 39.6 -20.5448 9.50252
      vertex 39.2 -20.5448 9.50252
    endloop
  endfacet
  facet normal 0 0 -1
    outer loop
      vertex 39.6437 -19.49 9.50252
      vertex 39.6 -19.4552 9.50252
      vertex 39.6404 -19.4806 9.50252
    endloop
  endfacet
  facet normal 0 0 -1
    outer loop
      vertex 39.1552 -20.5 9.50252
      vertex 39.2 -20.5448 9.50252
      vertex 39.19 -20.5437 9.50252
    endloop
  endfacet
  facet normal 0 0 -1
    outer loop
      vertex 39.6404 -19.4806 9.50252
      vertex 39.6 -19.4552 9.50252
      vertex 39.635 -19.4721 9.50252
    endloop
  endfacet
  facet normal 0 0 -1
    outer loop
      vertex 39.1552 -20.5 9.50252
      vertex 39.19 -20.5437 9.50252
      vertex 39.1806 -20.5403 9.50252
    endloop
  endfacet
  facet normal -0 0 -1
    outer loop
      vertex 39.6 -19.4552 9.50252
      vertex 39.1552 -19.5 9.50252
      vertex 39.2 -19.4552 9.50252
    endloop
  endfacet
  facet normal 0 0 -1
    outer loop
      vertex 39.1552 -20.5 9.50252
      vertex 39.1806 -20.5403 9.50252
      vertex 39.1721 -20.535 9.50252
    endloop
  endfacet
  facet normal 0 0 -1
    outer loop
      vertex 39.2 -19.4552 9.50252
      vertex 39.1552 -19.5 9.50252
      vertex 39.19 -19.4563 9.50252
    endloop
  endfacet
  facet normal 0 0 -1
    outer loop
      vertex 39.1552 -20.5 9.50252
      vertex 39.1721 -20.535 9.50252
      vertex 39.165 -20.5279 9.50252
    endloop
  endfacet
  facet normal 0 0 -1
    outer loop
      vertex 39.19 -19.4563 9.50252
      vertex 39.1552 -19.5 9.50252
      vertex 39.1806 -19.4597 9.50252
    endloop
  endfacet
  facet normal 0 0 -1
    outer loop
      vertex 39.1552 -20.5 9.50252
      vertex 39.165 -20.5279 9.50252
      vertex 39.1596 -20.5194 9.50252
    endloop
  endfacet
  facet normal 0 0 -1
    outer loop
      vertex 39.1806 -19.4597 9.50252
      vertex 39.1552 -19.5 9.50252
      vertex 39.1721 -19.465 9.50252
    endloop
  endfacet
  facet normal 0 0 -1
    outer loop
      vertex 39.1552 -20.5 9.50252
      vertex 39.1596 -20.5194 9.50252
      vertex 39.1563 -20.51 9.50252
    endloop
  endfacet
  facet normal 0 0 -1
    outer loop
      vertex 39.1721 -19.465 9.50252
      vertex 39.1552 -19.5 9.50252
      vertex 39.165 -19.4721 9.50252
    endloop
  endfacet
  facet normal 0 0 -1
    outer loop
      vertex 39.165 -19.4721 9.50252
      vertex 39.1552 -19.5 9.50252
      vertex 39.1596 -19.4806 9.50252
    endloop
  endfacet
  facet normal 0 0 -1
    outer loop
      vertex 39.1596 -19.4806 9.50252
      vertex 39.1552 -19.5 9.50252
      vertex 39.1563 -19.49 9.50252
    endloop
  endfacet
  facet normal 0.118415 -0.18991 -0.974634
    outer loop
      vertex 39.6824 -20.6033 9.52245
      vertex 39.6194 -20.5403 9.50252
      vertex 39.6279 -20.535 9.50252
    endloop
  endfacet
  facet normal -0.442901 0.442901 -0.779537
    outer loop
      vertex 39.0336 -19.3673 9.56131
      vertex 39.0237 -19.2789 9.61716
      vertex 39.0673 -19.3336 9.56131
    endloop
  endfacet
  facet normal -0.442901 0.442901 -0.779537
    outer loop
      vertex 39.0237 -19.2789 9.61716
      vertex 39.0336 -19.3673 9.56131
      vertex 38.9789 -19.3237 9.61716
    endloop
  endfacet
  facet normal -0.553872 0.553872 -0.621653
    outer loop
      vertex 38.9789 -19.3237 9.61716
      vertex 38.9888 -19.2352 9.68719
      vertex 39.0237 -19.2789 9.61716
    endloop
  endfacet
  facet normal -0.553872 0.553872 -0.621653
    outer loop
      vertex 38.9888 -19.2352 9.68719
      vertex 38.9789 -19.3237 9.61716
      vertex 38.9352 -19.2888 9.68719
    endloop
  endfacet
  facet normal -0.530365 0.332135 -0.779999
    outer loop
      vertex 39.0083 -19.4077 9.56131
      vertex 38.9452 -19.3773 9.61716
      vertex 39.0336 -19.3673 9.56131
    endloop
  endfacet
  facet normal -0.369594 0.231453 -0.899905
    outer loop
      vertex 39.081 -19.4427 9.52245
      vertex 39.0083 -19.4077 9.56131
      vertex 39.0336 -19.3673 9.56131
    endloop
  endfacet
  facet normal 0.332135 0.530365 -0.779999
    outer loop
      vertex 39.7327 -19.3336 9.56131
      vertex 39.6923 -19.3083 9.56131
      vertex 39.7227 -19.2452 9.61716
    endloop
  endfacet
  facet normal 0.207723 0.590302 -0.779997
    outer loop
      vertex 39.6923 -19.3083 9.56131
      vertex 39.6474 -19.2925 9.56131
      vertex 39.7227 -19.2452 9.61716
    endloop
  endfacet
  facet normal 0.416848 0.662998 0.62183
    outer loop
      vertex 39.8063 -19.2413 11.7226
      vertex 39.7227 -19.2452 11.7828
      vertex 39.7763 -19.2789 11.7828
    endloop
  endfacet
  facet normal 0.415572 0.665314 0.620208
    outer loop
      vertex 39.7227 -19.2452 11.7828
      vertex 39.8063 -19.2413 11.7226
      vertex 39.8063 -19.2358 11.7167
    endloop
  endfacet
  facet normal 0.144869 0.411684 0.899739
    outer loop
      vertex 39.6923 -19.3083 11.8387
      vertex 39.6474 -19.2925 11.8387
      vertex 39.6573 -19.381 11.8776
    endloop
  endfacet
  facet normal 0.298422 0.851275 0.431596
    outer loop
      vertex 39.684 -19.1319 11.6321
      vertex 39.6754 -19.1698 11.7128
      vertex 39.747 -19.1949 11.7128
    endloop
  endfacet
  facet normal 0.333554 0.530518 0.77929
    outer loop
      vertex 39.7763 -19.2789 11.7828
      vertex 39.7227 -19.2452 11.7828
      vertex 39.7327 -19.3336 11.8387
    endloop
  endfacet
  facet normal -0.920672 -0.321852 0.220849
    outer loop
      vertex 38.8598 -20.6638 11.6321
      vertex 38.8125 -20.5884 11.5448
      vertex 38.8419 -20.6725 11.5448
    endloop
  endfacet
  facet normal -0.825852 -0.518762 0.221031
    outer loop
      vertex 38.8598 -20.6638 11.6321
      vertex 38.8419 -20.6725 11.5448
      vertex 38.8892 -20.7478 11.5448
    endloop
  endfacet
  facet normal -0.259216 -0.739436 0.621322
    outer loop
      vertex 39.0773 -20.7548 11.7828
      vertex 39.053 -20.8051 11.7128
      vertex 39.1246 -20.8302 11.7128
    endloop
  endfacet
  facet normal -0.298422 -0.851275 0.431596
    outer loop
      vertex 39.1246 -20.8302 11.7128
      vertex 39.053 -20.8051 11.7128
      vertex 39.116 -20.8681 11.6321
    endloop
  endfacet
  facet normal 0.0695845 -0.622322 0.779663
    outer loop
      vertex 39.6474 -20.7075 11.8387
      vertex 39.6 -20.7128 11.8387
      vertex 39.6629 -20.7758 11.7828
    endloop
  endfacet
  facet normal 0.0484947 -0.433707 0.899748
    outer loop
      vertex 39.6 -20.6321 11.8776
      vertex 39.6 -20.7128 11.8387
      vertex 39.6474 -20.7075 11.8387
    endloop
  endfacet
  facet normal -0.189588 -0.118587 0.974676
    outer loop
      vertex 39.1596 -20.5194 11.8975
      vertex 39.081 -20.5573 11.8776
      vertex 39.0967 -20.5824 11.8776
    endloop
  endfacet
  facet normal -0.211025 -0.0741235 0.974666
    outer loop
      vertex 39.1596 -20.5194 11.8975
      vertex 39.0712 -20.5294 11.8776
      vertex 39.081 -20.5573 11.8776
    endloop
  endfacet
  facet normal 0.118477 -0.189412 0.974724
    outer loop
      vertex 39.6824 -20.6033 11.8776
      vertex 39.6194 -20.5403 11.8975
      vertex 39.6573 -20.619 11.8776
    endloop
  endfacet
  facet normal -0.443142 -0.443142 0.779263
    outer loop
      vertex 39.0336 -20.6327 11.8387
      vertex 39.0237 -20.7211 11.7828
      vertex 39.0673 -20.6664 11.8387
    endloop
  endfacet
  facet normal -0.443142 -0.443142 0.779263
    outer loop
      vertex 39.0237 -20.7211 11.7828
      vertex 39.0336 -20.6327 11.8387
      vertex 38.9789 -20.6763 11.7828
    endloop
  endfacet
  facet normal 0.118245 -0.189639 0.974708
    outer loop
      vertex 39.6279 -20.535 11.8975
      vertex 39.6194 -20.5403 11.8975
      vertex 39.6824 -20.6033 11.8776
    endloop
  endfacet
  facet normal -0.118477 -0.189412 0.974724
    outer loop
      vertex 39.1806 -20.5403 11.8975
      vertex 39.1176 -20.6033 11.8776
      vertex 39.1427 -20.619 11.8776
    endloop
  endfacet
  facet normal -0.0244576 -0.222342 0.974662
    outer loop
      vertex 39.19 -20.5437 11.8975
      vertex 39.1706 -20.6288 11.8776
      vertex 39.2 -20.5448 11.8975
    endloop
  endfacet
  facet normal -0.0761547 -0.210545 0.974613
    outer loop
      vertex 39.1806 -20.5403 11.8975
      vertex 39.1706 -20.6288 11.8776
      vertex 39.19 -20.5437 11.8975
    endloop
  endfacet
  facet normal -0.55378 -0.55378 0.621816
    outer loop
      vertex 38.9789 -20.6763 11.7828
      vertex 38.9888 -20.7648 11.7128
      vertex 39.0237 -20.7211 11.7828
    endloop
  endfacet
  facet normal -0.55378 -0.55378 0.621816
    outer loop
      vertex 38.9888 -20.7648 11.7128
      vertex 38.9789 -20.6763 11.7828
      vertex 38.9352 -20.7112 11.7128
    endloop
  endfacet
  facet normal -0.416874 -0.66304 0.621767
    outer loop
      vertex 39.0237 -20.7211 11.7828
      vertex 38.9888 -20.7648 11.7128
      vertex 39.0773 -20.7548 11.7828
    endloop
  endfacet
  facet normal -0.369902 -0.231646 0.899729
    outer loop
      vertex 39.081 -20.5573 11.8776
      vertex 39.0083 -20.5923 11.8387
      vertex 39.0336 -20.6327 11.8387
    endloop
  endfacet
  facet normal -0.622322 -0.0695845 0.779663
    outer loop
      vertex 38.9872 -20.5 11.8387
      vertex 38.9242 -20.5629 11.7828
      vertex 38.9925 -20.5474 11.8387
    endloop
  endfacet
  facet normal 0.590131 -0.207113 0.780288
    outer loop
      vertex 39.8063 -20.5507 11.8387
      vertex 39.7917 -20.5923 11.8387
      vertex 39.8063 -20.5993 11.8258
    endloop
  endfacet
  facet normal 0.411819 -0.140678 0.900342
    outer loop
      vertex 39.719 -20.5573 11.8776
      vertex 39.8063 -20.5507 11.8387
      vertex 39.8063 -20.5475 11.8392
    endloop
  endfacet
  facet normal 0.411835 -0.144538 0.899723
    outer loop
      vertex 39.8063 -20.5507 11.8387
      vertex 39.719 -20.5573 11.8776
      vertex 39.7917 -20.5923 11.8387
    endloop
  endfacet
  facet normal 0.552802 -0.554651 0.62191
    outer loop
      vertex 39.8063 -20.6912 11.7828
      vertex 39.7763 -20.7211 11.7828
      vertex 39.8063 -20.7587 11.7226
    endloop
  endfacet
  facet normal -0.0877505 -0.778399 0.621607
    outer loop
      vertex 39.2 -20.7828 11.7828
      vertex 39.1246 -20.8302 11.7128
      vertex 39.2 -20.8387 11.7128
    endloop
  endfacet
  facet normal 0.157957 0.157957 0.97473
    outer loop
      vertex 39.6824 -19.3967 11.8776
      vertex 39.635 -19.4721 11.8975
      vertex 39.7033 -19.4176 11.8776
    endloop
  endfacet
  facet normal 0.157957 0.157957 0.97473
    outer loop
      vertex 39.635 -19.4721 11.8975
      vertex 39.6824 -19.3967 11.8776
      vertex 39.6279 -19.465 11.8975
    endloop
  endfacet
  facet normal 0.0761547 0.210545 0.974613
    outer loop
      vertex 39.6294 -19.3712 11.8776
      vertex 39.61 -19.4563 11.8975
      vertex 39.6194 -19.4597 11.8975
    endloop
  endfacet
  facet normal -0.21103 0.074085 0.974668
    outer loop
      vertex 39.1596 -19.4806 11.8975
      vertex 39.0712 -19.4706 11.8776
      vertex 39.1563 -19.49 11.8975
    endloop
  endfacet
  facet normal -0.222342 0.0244576 0.974662
    outer loop
      vertex 39.1563 -19.49 11.8975
      vertex 39.0712 -19.4706 11.8776
      vertex 39.1552 -19.5 11.8975
    endloop
  endfacet
  facet normal -0.0692406 0.622176 -0.779809
    outer loop
      vertex 39.2 -19.2872 9.56131
      vertex 39.1371 -19.2242 9.61716
      vertex 39.2 -19.2172 9.61716
    endloop
  endfacet
  facet normal -0.0695466 0.621983 -0.779936
    outer loop
      vertex 39.1526 -19.2925 9.56131
      vertex 39.1371 -19.2242 9.61716
      vertex 39.2 -19.2872 9.56131
    endloop
  endfacet
  facet normal -0.369594 -0.231453 -0.899905
    outer loop
      vertex 39.0336 -20.6327 9.56131
      vertex 39.0083 -20.5923 9.56131
      vertex 39.081 -20.5573 9.52245
    endloop
  endfacet
  facet normal -0.530365 -0.332135 -0.779999
    outer loop
      vertex 39.0336 -20.6327 9.56131
      vertex 38.9452 -20.6227 9.61716
      vertex 39.0083 -20.5923 9.56131
    endloop
  endfacet
  facet normal 0.308376 -0.308376 -0.899893
    outer loop
      vertex 39.7327 -20.6664 9.56131
      vertex 39.7033 -20.5824 9.52245
      vertex 39.7664 -20.6327 9.56131
    endloop
  endfacet
  facet normal 0.308376 -0.308376 -0.899893
    outer loop
      vertex 39.7033 -20.5824 9.52245
      vertex 39.7327 -20.6664 9.56131
      vertex 39.6824 -20.6033 9.52245
    endloop
  endfacet
  facet normal 0.414219 0.660301 0.626439
    outer loop
      vertex 39.747 -19.1949 11.7128
      vertex 39.8063 -19.2358 11.7167
      vertex 39.8063 -19.2321 11.7128
    endloop
  endfacet
  facet normal 0.416731 0.663463 0.621411
    outer loop
      vertex 39.8063 -19.2358 11.7167
      vertex 39.747 -19.1949 11.7128
      vertex 39.7227 -19.2452 11.7828
    endloop
  endfacet
  facet normal 0.332316 0.530654 0.779726
    outer loop
      vertex 39.7227 -19.2452 11.7828
      vertex 39.6923 -19.3083 11.8387
      vertex 39.7327 -19.3336 11.8387
    endloop
  endfacet
  facet normal 0.259216 0.739436 0.621322
    outer loop
      vertex 39.747 -19.1949 11.7128
      vertex 39.6754 -19.1698 11.7128
      vertex 39.7227 -19.2452 11.7828
    endloop
  endfacet
  facet normal 0.259687 0.73949 0.621062
    outer loop
      vertex 39.6754 -19.1698 11.7128
      vertex 39.6629 -19.2242 11.7828
      vertex 39.7227 -19.2452 11.7828
    endloop
  endfacet
  facet normal 0 -0.624014 0.781413
    outer loop
      vertex 39.2 -20.7128 11.8387
      vertex 39.6 -20.7828 11.7828
      vertex 39.6 -20.7128 11.8387
    endloop
  endfacet
  facet normal 0 -0.624014 0.781413
    outer loop
      vertex 39.6 -20.7828 11.7828
      vertex 39.2 -20.7128 11.8387
      vertex 39.2 -20.7828 11.7828
    endloop
  endfacet
  facet normal -0.0692783 -0.622515 0.779536
    outer loop
      vertex 39.2 -20.7128 11.8387
      vertex 39.1371 -20.7758 11.7828
      vertex 39.2 -20.7828 11.7828
    endloop
  endfacet
  facet normal 0.231498 -0.370102 0.899685
    outer loop
      vertex 39.6824 -20.6033 11.8776
      vertex 39.6573 -20.619 11.8776
      vertex 39.7327 -20.6664 11.8387
    endloop
  endfacet
  facet normal 0.144603 -0.411675 0.899785
    outer loop
      vertex 39.6573 -20.619 11.8776
      vertex 39.6294 -20.6288 11.8776
      vertex 39.6474 -20.7075 11.8387
    endloop
  endfacet
  facet normal -0.333554 -0.530518 0.77929
    outer loop
      vertex 39.0673 -20.6664 11.8387
      vertex 39.0237 -20.7211 11.7828
      vertex 39.0773 -20.7548 11.7828
    endloop
  endfacet
  facet normal -0.411684 -0.144869 0.899739
    outer loop
      vertex 39.081 -20.5573 11.8776
      vertex 38.9925 -20.5474 11.8387
      vertex 39.0083 -20.5923 11.8387
    endloop
  endfacet
  facet normal -0.411675 -0.144603 0.899785
    outer loop
      vertex 39.0712 -20.5294 11.8776
      vertex 38.9925 -20.5474 11.8387
      vertex 39.081 -20.5573 11.8776
    endloop
  endfacet
  facet normal -0.530654 -0.332316 0.779726
    outer loop
      vertex 39.0083 -20.5923 11.8387
      vertex 38.9452 -20.6227 11.7828
      vertex 39.0336 -20.6327 11.8387
    endloop
  endfacet
  facet normal -0.530518 -0.333554 0.77929
    outer loop
      vertex 39.0336 -20.6327 11.8387
      vertex 38.9452 -20.6227 11.7828
      vertex 38.9789 -20.6763 11.7828
    endloop
  endfacet
  facet normal 0.479889 -0.763868 0.431522
    outer loop
      vertex 39.8063 -20.7726 11.7045
      vertex 39.7638 -20.8402 11.6321
      vertex 39.8063 -20.8135 11.6321
    endloop
  endfacet
  facet normal 0.101366 -0.896287 0.431735
    outer loop
      vertex 39.6754 -20.8302 11.7128
      vertex 39.6 -20.8776 11.6321
      vertex 39.684 -20.8681 11.6321
    endloop
  endfacet
  facet normal 0.369594 -0.231453 -0.899905
    outer loop
      vertex 39.7664 -20.6327 9.56131
      vertex 39.719 -20.5573 9.52245
      vertex 39.7917 -20.5923 9.56131
    endloop
  endfacet
  facet normal 0.411492 -0.144418 -0.899899
    outer loop
      vertex 39.719 -20.5573 9.52245
      vertex 39.8063 -20.5507 9.56131
      vertex 39.7917 -20.5923 9.56131
    endloop
  endfacet
  facet normal 0.411497 -0.146187 -0.899611
    outer loop
      vertex 39.8063 -20.5507 9.56131
      vertex 39.719 -20.5573 9.52245
      vertex 39.8063 -20.5475 9.56079
    endloop
  endfacet
  facet normal 0 -0.781413 0.624014
    outer loop
      vertex 39.2 -20.8387 11.7128
      vertex 39.6 -20.7828 11.7828
      vertex 39.2 -20.7828 11.7828
    endloop
  endfacet
  facet normal 0 -0.781413 0.624014
    outer loop
      vertex 39.6 -20.7828 11.7828
      vertex 39.2 -20.8387 11.7128
      vertex 39.6 -20.8387 11.7128
    endloop
  endfacet
  facet normal -0.10103 -0.896199 0.431997
    outer loop
      vertex 39.2 -20.8387 11.7128
      vertex 39.1246 -20.8302 11.7128
      vertex 39.2 -20.8776 11.6321
    endloop
  endfacet
  facet normal 0.442431 -0.443681 0.77936
    outer loop
      vertex 39.7327 -20.6664 11.8387
      vertex 39.8063 -20.6912 11.7828
      vertex 39.8063 -20.6645 11.798
    endloop
  endfacet
  facet normal 0.442656 -0.442656 0.779815
    outer loop
      vertex 39.7327 -20.6664 11.8387
      vertex 39.8063 -20.6645 11.798
      vertex 39.7664 -20.6327 11.8387
    endloop
  endfacet
  facet normal 0.442351 -0.44383 0.77932
    outer loop
      vertex 39.8063 -20.6912 11.7828
      vertex 39.7327 -20.6664 11.8387
      vertex 39.7763 -20.7211 11.7828
    endloop
  endfacet
  facet normal 0.297617 -0.851249 0.432203
    outer loop
      vertex 39.747 -20.8051 11.7128
      vertex 39.684 -20.8681 11.6321
      vertex 39.7638 -20.8402 11.6321
    endloop
  endfacet
  facet normal 0.479137 -0.763785 0.432505
    outer loop
      vertex 39.747 -20.8051 11.7128
      vertex 39.8063 -20.7726 11.7045
      vertex 39.8063 -20.7679 11.7128
    endloop
  endfacet
  facet normal 0.479193 -0.764003 0.432057
    outer loop
      vertex 39.8063 -20.7726 11.7045
      vertex 39.747 -20.8051 11.7128
      vertex 39.7638 -20.8402 11.6321
    endloop
  endfacet
  facet normal 0 -0.900808 0.434218
    outer loop
      vertex 39.2 -20.8776 11.6321
      vertex 39.6 -20.8387 11.7128
      vertex 39.2 -20.8387 11.7128
    endloop
  endfacet
  facet normal 0 -0.900808 0.434218
    outer loop
      vertex 39.6 -20.8387 11.7128
      vertex 39.2 -20.8776 11.6321
      vertex 39.6 -20.8776 11.6321
    endloop
  endfacet
  facet normal 0.207836 -0.590623 0.779723
    outer loop
      vertex 39.6923 -20.6917 11.8387
      vertex 39.6474 -20.7075 11.8387
      vertex 39.7227 -20.7548 11.7828
    endloop
  endfacet
  facet normal 0.332316 -0.530654 0.779726
    outer loop
      vertex 39.7327 -20.6664 11.8387
      vertex 39.6923 -20.6917 11.8387
      vertex 39.7227 -20.7548 11.7828
    endloop
  endfacet
  facet normal 0.259216 -0.739436 0.621322
    outer loop
      vertex 39.7227 -20.7548 11.7828
      vertex 39.6754 -20.8302 11.7128
      vertex 39.747 -20.8051 11.7128
    endloop
  endfacet
  facet normal 0.298422 -0.851275 0.431596
    outer loop
      vertex 39.747 -20.8051 11.7128
      vertex 39.6754 -20.8302 11.7128
      vertex 39.684 -20.8681 11.6321
    endloop
  endfacet
  facet normal -0.112405 -0.993662 0
    outer loop
      vertex 71.3116 -20.8875 9.85522
      vertex 71.4 -20.8975 11.5448
      vertex 71.3116 -20.8875 11.5448
    endloop
  endfacet
  facet normal -0.112405 -0.993662 -0
    outer loop
      vertex 71.4 -20.8975 11.5448
      vertex 71.3116 -20.8875 9.85522
      vertex 71.4 -20.8975 9.85522
    endloop
  endfacet
  facet normal -0.518846 0.825879 -0.220733
    outer loop
      vertex 71.2362 -19.1598 9.76789
      vertex 71.1937 -19.1865 9.76789
      vertex 71.1937 -19.1747 9.81204
    endloop
  endfacet
  facet normal -0.231305 0.369794 -0.899861
    outer loop
      vertex 71.3176 -19.3967 9.52245
      vertex 71.2673 -19.3336 9.56131
      vertex 71.3427 -19.381 9.52245
    endloop
  endfacet
  facet normal 0.96913 0.10963 -0.220837
    outer loop
      vertex 72.1975 -19.5 9.85522
      vertex 72.1776 -19.5 9.76789
      vertex 72.1875 -19.4116 9.85522
    endloop
  endfacet
  facet normal -0.479864 0.763829 -0.431619
    outer loop
      vertex 71.2362 -19.1598 9.76789
      vertex 71.1937 -19.2274 9.69551
      vertex 71.1937 -19.1865 9.76789
    endloop
  endfacet
  facet normal -0.321888 0.920667 0.220816
    outer loop
      vertex 71.3116 -19.1125 11.5448
      vertex 71.2362 -19.1598 11.6321
      vertex 71.316 -19.1319 11.6321
    endloop
  endfacet
  facet normal -0.332791 0.530294 -0.779768
    outer loop
      vertex 71.2673 -19.3336 9.56131
      vertex 71.2236 -19.2789 9.61716
      vertex 71.2773 -19.2452 9.61716
    endloop
  endfacet
  facet normal 0 0 1
    outer loop
      vertex 71.8 -19.4552 11.8975
      vertex 71.8448 -19.5 11.8975
      vertex 71.8437 -19.49 11.8975
    endloop
  endfacet
  facet normal 0 0 1
    outer loop
      vertex 71.8448 -19.5 11.8975
      vertex 71.3552 -19.5 11.8975
      vertex 71.8448 -20.5 11.8975
    endloop
  endfacet
  facet normal 0 0 1
    outer loop
      vertex 71.8 -19.4552 11.8975
      vertex 71.8437 -19.49 11.8975
      vertex 71.8403 -19.4806 11.8975
    endloop
  endfacet
  facet normal 0 0 1
    outer loop
      vertex 71.3552 -20.5 11.8975
      vertex 71.8448 -20.5 11.8975
      vertex 71.3552 -19.5 11.8975
    endloop
  endfacet
  facet normal 0 0 1
    outer loop
      vertex 71.8 -19.4552 11.8975
      vertex 71.8403 -19.4806 11.8975
      vertex 71.835 -19.4721 11.8975
    endloop
  endfacet
  facet normal 0 -0 1
    outer loop
      vertex 71.8 -20.5448 11.8975
      vertex 71.8448 -20.5 11.8975
      vertex 71.3552 -20.5 11.8975
    endloop
  endfacet
  facet normal 0 0 1
    outer loop
      vertex 71.8 -19.4552 11.8975
      vertex 71.835 -19.4721 11.8975
      vertex 71.8279 -19.465 11.8975
    endloop
  endfacet
  facet normal 0 0 1
    outer loop
      vertex 71.8448 -19.5 11.8975
      vertex 71.8 -19.4552 11.8975
      vertex 71.3552 -19.5 11.8975
    endloop
  endfacet
  facet normal 0 0 1
    outer loop
      vertex 71.8 -19.4552 11.8975
      vertex 71.8279 -19.465 11.8975
      vertex 71.8194 -19.4597 11.8975
    endloop
  endfacet
  facet normal 0 0 1
    outer loop
      vertex 71.8448 -20.5 11.8975
      vertex 71.8 -20.5448 11.8975
      vertex 71.8437 -20.51 11.8975
    endloop
  endfacet
  facet normal 0 0 1
    outer loop
      vertex 71.8 -19.4552 11.8975
      vertex 71.8194 -19.4597 11.8975
      vertex 71.81 -19.4563 11.8975
    endloop
  endfacet
  facet normal 0 0 1
    outer loop
      vertex 71.835 -20.5279 11.8975
      vertex 71.8 -20.5448 11.8975
      vertex 71.8279 -20.535 11.8975
    endloop
  endfacet
  facet normal 0 0 1
    outer loop
      vertex 71.8279 -20.535 11.8975
      vertex 71.8 -20.5448 11.8975
      vertex 71.8194 -20.5403 11.8975
    endloop
  endfacet
  facet normal 0 0 1
    outer loop
      vertex 71.8194 -20.5403 11.8975
      vertex 71.8 -20.5448 11.8975
      vertex 71.81 -20.5437 11.8975
    endloop
  endfacet
  facet normal 0 0 1
    outer loop
      vertex 71.3552 -19.5 11.8975
      vertex 71.8 -19.4552 11.8975
      vertex 71.4 -19.4552 11.8975
    endloop
  endfacet
  facet normal 0 0 1
    outer loop
      vertex 71.8437 -20.51 11.8975
      vertex 71.8 -20.5448 11.8975
      vertex 71.8403 -20.5194 11.8975
    endloop
  endfacet
  facet normal 0 0 1
    outer loop
      vertex 71.3552 -19.5 11.8975
      vertex 71.4 -19.4552 11.8975
      vertex 71.39 -19.4563 11.8975
    endloop
  endfacet
  facet normal 0 0 1
    outer loop
      vertex 71.8403 -20.5194 11.8975
      vertex 71.8 -20.5448 11.8975
      vertex 71.835 -20.5279 11.8975
    endloop
  endfacet
  facet normal 0 0 1
    outer loop
      vertex 71.3552 -19.5 11.8975
      vertex 71.39 -19.4563 11.8975
      vertex 71.3806 -19.4597 11.8975
    endloop
  endfacet
  facet normal 0 0 1
    outer loop
      vertex 71.8 -20.5448 11.8975
      vertex 71.3552 -20.5 11.8975
      vertex 71.4 -20.5448 11.8975
    endloop
  endfacet
  facet normal 0 0 1
    outer loop
      vertex 71.3552 -19.5 11.8975
      vertex 71.3806 -19.4597 11.8975
      vertex 71.3721 -19.465 11.8975
    endloop
  endfacet
  facet normal 0 0 1
    outer loop
      vertex 71.4 -20.5448 11.8975
      vertex 71.3552 -20.5 11.8975
      vertex 71.39 -20.5437 11.8975
    endloop
  endfacet
  facet normal 0 0 1
    outer loop
      vertex 71.3552 -19.5 11.8975
      vertex 71.3721 -19.465 11.8975
      vertex 71.365 -19.4721 11.8975
    endloop
  endfacet
  facet normal 0 0 1
    outer loop
      vertex 71.39 -20.5437 11.8975
      vertex 71.3552 -20.5 11.8975
      vertex 71.3806 -20.5403 11.8975
    endloop
  endfacet
  facet normal 0 0 1
    outer loop
      vertex 71.3552 -19.5 11.8975
      vertex 71.365 -19.4721 11.8975
      vertex 71.3596 -19.4806 11.8975
    endloop
  endfacet
  facet normal 0 0 1
    outer loop
      vertex 71.3806 -20.5403 11.8975
      vertex 71.3552 -20.5 11.8975
      vertex 71.3721 -20.535 11.8975
    endloop
  endfacet
  facet normal 0 0 1
    outer loop
      vertex 71.3552 -19.5 11.8975
      vertex 71.3596 -19.4806 11.8975
      vertex 71.3563 -19.49 11.8975
    endloop
  endfacet
  facet normal 0 0 1
    outer loop
      vertex 71.3721 -20.535 11.8975
      vertex 71.3552 -20.5 11.8975
      vertex 71.365 -20.5279 11.8975
    endloop
  endfacet
  facet normal 0 0 1
    outer loop
      vertex 71.365 -20.5279 11.8975
      vertex 71.3552 -20.5 11.8975
      vertex 71.3596 -20.5194 11.8975
    endloop
  endfacet
  facet normal 0 0 1
    outer loop
      vertex 71.3596 -20.5194 11.8975
      vertex 71.3552 -20.5 11.8975
      vertex 71.3563 -20.51 11.8975
    endloop
  endfacet
  facet normal -0.518846 -0.825879 -0.220733
    outer loop
      vertex 71.2362 -20.8402 9.76789
      vertex 71.1937 -20.8253 9.81204
      vertex 71.1937 -20.8135 9.76789
    endloop
  endfacet
  facet normal 0.479478 -0.763833 -0.432042
    outer loop
      vertex 71.9638 -20.8402 9.76789
      vertex 71.947 -20.8051 9.68719
      vertex 72.0112 -20.7648 9.68719
    endloop
  endfacet
  facet normal 0.211109 0.074153 -0.974646
    outer loop
      vertex 71.9288 -19.4706 9.52245
      vertex 71.8403 -19.4806 9.50252
      vertex 71.919 -19.4427 9.52245
    endloop
  endfacet
  facet normal 0.900808 -0 0.434218
    outer loop
      vertex 72.1387 -20.5 11.7128
      vertex 72.1776 -19.5 11.6321
      vertex 72.1387 -19.5 11.7128
    endloop
  endfacet
  facet normal 0.900808 0 0.434218
    outer loop
      vertex 72.1776 -19.5 11.6321
      vertex 72.1387 -20.5 11.7128
      vertex 72.1776 -20.5 11.6321
    endloop
  endfacet
  facet normal -0 0.434218 0.900808
    outer loop
      vertex 71.4 -19.2872 11.8387
      vertex 71.8 -19.3679 11.8776
      vertex 71.8 -19.2872 11.8387
    endloop
  endfacet
  facet normal 0 0.434218 0.900808
    outer loop
      vertex 71.8 -19.3679 11.8776
      vertex 71.4 -19.2872 11.8387
      vertex 71.4 -19.3679 11.8776
    endloop
  endfacet
  facet normal -0.53135 0.847152 0
    outer loop
      vertex 71.2275 -19.1419 9.85522
      vertex 71.1937 -19.1631 11.5448
      vertex 71.2275 -19.1419 11.5448
    endloop
  endfacet
  facet normal -0.53135 0.847152 0
    outer loop
      vertex 71.1937 -19.1631 11.5448
      vertex 71.2275 -19.1419 9.85522
      vertex 71.1937 -19.1631 9.85522
    endloop
  endfacet
  facet normal -0.55412 -0.55412 -0.621211
    outer loop
      vertex 71.2236 -20.7211 9.61716
      vertex 71.1937 -20.7587 9.67737
      vertex 71.1937 -20.6912 9.61716
    endloop
  endfacet
  facet normal 0.763732 -0.479999 -0.431641
    outer loop
      vertex 72.0952 -20.7354 9.76789
      vertex 72.0648 -20.7112 9.68719
      vertex 72.1402 -20.6638 9.76789
    endloop
  endfacet
  facet normal 0.207408 -0.590619 -0.779841
    outer loop
      vertex 71.8629 -20.7758 9.61716
      vertex 71.8474 -20.7075 9.56131
      vertex 71.9227 -20.7548 9.61716
    endloop
  endfacet
  facet normal -0.33 0.943981 0
    outer loop
      vertex 71.3116 -19.1125 9.85522
      vertex 71.2275 -19.1419 11.5448
      vertex 71.3116 -19.1125 11.5448
    endloop
  endfacet
  facet normal -0.33 0.943981 0
    outer loop
      vertex 71.2275 -19.1419 11.5448
      vertex 71.3116 -19.1125 9.85522
      vertex 71.2275 -19.1419 9.85522
    endloop
  endfacet
  facet normal -0.0877505 0.778399 0.621607
    outer loop
      vertex 71.4 -19.1613 11.7128
      vertex 71.3246 -19.1698 11.7128
      vertex 71.4 -19.2172 11.7828
    endloop
  endfacet
  facet normal -0.416408 0.66398 0.621075
    outer loop
      vertex 71.2531 -19.1949 11.7128
      vertex 71.1937 -19.2358 11.7167
      vertex 71.2773 -19.2452 11.7828
    endloop
  endfacet
  facet normal -0.413641 0.660491 0.62662
    outer loop
      vertex 71.1937 -19.2358 11.7167
      vertex 71.2531 -19.1949 11.7128
      vertex 71.1937 -19.2321 11.7128
    endloop
  endfacet
  facet normal 0.96913 -0.10963 -0.220837
    outer loop
      vertex 72.1875 -20.5884 9.85522
      vertex 72.1776 -20.5 9.76789
      vertex 72.1975 -20.5 9.85522
    endloop
  endfacet
  facet normal -0.231453 0.369594 -0.899905
    outer loop
      vertex 71.3427 -19.381 9.52245
      vertex 71.2673 -19.3336 9.56131
      vertex 71.3077 -19.3083 9.56131
    endloop
  endfacet
  facet normal -0.332972 0.530582 0.779495
    outer loop
      vertex 71.2773 -19.2452 11.7828
      vertex 71.2236 -19.2789 11.7828
      vertex 71.2673 -19.3336 11.8387
    endloop
  endfacet
  facet normal 0 0.97499 0.222249
    outer loop
      vertex 71.8 -19.1025 11.5448
      vertex 71.4 -19.1224 11.6321
      vertex 71.8 -19.1224 11.6321
    endloop
  endfacet
  facet normal 0 0.97499 0.222249
    outer loop
      vertex 71.4 -19.1224 11.6321
      vertex 71.8 -19.1025 11.5448
      vertex 71.4 -19.1025 11.5448
    endloop
  endfacet
  facet normal 0.663681 0.41661 -0.621259
    outer loop
      vertex 72.1051 -19.353 9.68719
      vertex 72.0548 -19.3773 9.61716
      vertex 72.0648 -19.2888 9.68719
    endloop
  endfacet
  facet normal -0.144748 0.411341 -0.899915
    outer loop
      vertex 71.3427 -19.381 9.52245
      vertex 71.3077 -19.3083 9.56131
      vertex 71.3526 -19.2925 9.56131
    endloop
  endfacet
  facet normal 0.10103 0.896199 -0.431997
    outer loop
      vertex 71.8754 -19.1698 9.68719
      vertex 71.8 -19.1613 9.68719
      vertex 71.8 -19.1224 9.76789
    endloop
  endfacet
  facet normal -0.259687 -0.73949 0.621062
    outer loop
      vertex 71.3371 -20.7758 11.7828
      vertex 71.2773 -20.7548 11.7828
      vertex 71.3246 -20.8302 11.7128
    endloop
  endfacet
  facet normal 0.109506 -0.969127 0.220912
    outer loop
      vertex 71.8 -20.8776 11.6321
      vertex 71.8 -20.8975 11.5448
      vertex 71.8885 -20.8875 11.5448
    endloop
  endfacet
  facet normal -0.0249742 0.222498 -0.974613
    outer loop
      vertex 71.4 -19.4552 9.50252
      vertex 71.3706 -19.3712 9.52245
      vertex 71.4 -19.3679 9.52245
    endloop
  endfacet
  facet normal 0.993662 0.112405 0
    outer loop
      vertex 72.1975 -19.5 11.5448
      vertex 72.1875 -19.4116 9.85522
      vertex 72.1875 -19.4116 11.5448
    endloop
  endfacet
  facet normal 0.993662 0.112405 0
    outer loop
      vertex 72.1875 -19.4116 9.85522
      vertex 72.1975 -19.5 11.5448
      vertex 72.1975 -19.5 9.85522
    endloop
  endfacet
  facet normal 0.0486305 0.433254 -0.899959
    outer loop
      vertex 71.8294 -19.3712 9.52245
      vertex 71.8 -19.3679 9.52245
      vertex 71.8474 -19.2925 9.56131
    endloop
  endfacet
  facet normal 0.11228 0.993677 -0
    outer loop
      vertex 71.8885 -19.1125 9.85522
      vertex 71.8 -19.1025 11.5448
      vertex 71.8885 -19.1125 11.5448
    endloop
  endfacet
  facet normal 0.11228 0.993677 0
    outer loop
      vertex 71.8 -19.1025 11.5448
      vertex 71.8885 -19.1125 9.85522
      vertex 71.8 -19.1025 9.85522
    endloop
  endfacet
  facet normal -0.416485 0.663657 0.621369
    outer loop
      vertex 71.2773 -19.2452 11.7828
      vertex 71.1937 -19.2413 11.7226
      vertex 71.2236 -19.2789 11.7828
    endloop
  endfacet
  facet normal -0.415572 0.665314 0.620208
    outer loop
      vertex 71.1937 -19.2413 11.7226
      vertex 71.2773 -19.2452 11.7828
      vertex 71.1937 -19.2358 11.7167
    endloop
  endfacet
  facet normal 0.689595 0.689595 0.221176
    outer loop
      vertex 72.0354 -19.2048 11.6321
      vertex 72.1108 -19.2522 11.5448
      vertex 72.0478 -19.1892 11.5448
    endloop
  endfacet
  facet normal 0.689595 0.689595 0.221176
    outer loop
      vertex 72.1108 -19.2522 11.5448
      vertex 72.0354 -19.2048 11.6321
      vertex 72.0952 -19.2646 11.6321
    endloop
  endfacet
  facet normal -0 0.624014 0.781413
    outer loop
      vertex 71.4 -19.2172 11.7828
      vertex 71.8 -19.2872 11.8387
      vertex 71.8 -19.2172 11.7828
    endloop
  endfacet
  facet normal 0 0.624014 0.781413
    outer loop
      vertex 71.8 -19.2872 11.8387
      vertex 71.4 -19.2172 11.7828
      vertex 71.4 -19.2872 11.8387
    endloop
  endfacet
  facet normal -0.112405 0.993662 0
    outer loop
      vertex 71.4 -19.1025 9.85522
      vertex 71.3116 -19.1125 11.5448
      vertex 71.4 -19.1025 11.5448
    endloop
  endfacet
  facet normal -0.112405 0.993662 0
    outer loop
      vertex 71.3116 -19.1125 11.5448
      vertex 71.4 -19.1025 9.85522
      vertex 71.3116 -19.1125 9.85522
    endloop
  endfacet
  facet normal 0.969113 -0.109628 0.220909
    outer loop
      vertex 72.1975 -20.5 11.5448
      vertex 72.1776 -20.5 11.6321
      vertex 72.1875 -20.5884 11.5448
    endloop
  endfacet
  facet normal 0.590619 0.207408 -0.779841
    outer loop
      vertex 72.0758 -19.4371 9.61716
      vertex 72.0075 -19.4526 9.56131
      vertex 72.0548 -19.3773 9.61716
    endloop
  endfacet
  facet normal 0.222179 -0.0249385 0.974687
    outer loop
      vertex 71.9321 -20.5 11.8776
      vertex 71.8448 -20.5 11.8975
      vertex 71.9288 -20.5294 11.8776
    endloop
  endfacet
  facet normal -0.144603 0.411675 0.899785
    outer loop
      vertex 71.3526 -19.2925 11.8387
      vertex 71.3427 -19.381 11.8776
      vertex 71.3706 -19.3712 11.8776
    endloop
  endfacet
  facet normal 0.33035 0.943858 -0
    outer loop
      vertex 71.9725 -19.1419 9.85522
      vertex 71.8885 -19.1125 11.5448
      vertex 71.9725 -19.1419 11.5448
    endloop
  endfacet
  facet normal 0.33035 0.943858 0
    outer loop
      vertex 71.8885 -19.1125 11.5448
      vertex 71.9725 -19.1419 9.85522
      vertex 71.8885 -19.1125 9.85522
    endloop
  endfacet
  facet normal 0.763732 0.479999 0.431641
    outer loop
      vertex 72.0952 -19.2646 11.6321
      vertex 72.0648 -19.2888 11.7128
      vertex 72.1402 -19.3362 11.6321
    endloop
  endfacet
  facet normal 0.896287 -0.101366 -0.431735
    outer loop
      vertex 72.1681 -20.584 9.76789
      vertex 72.1302 -20.5754 9.68719
      vertex 72.1776 -20.5 9.76789
    endloop
  endfacet
  facet normal 0.825866 0.518771 -0.220958
    outer loop
      vertex 72.1402 -19.3362 9.76789
      vertex 72.1108 -19.2522 9.85522
      vertex 72.1581 -19.3275 9.85522
    endloop
  endfacet
  facet normal 0.518771 -0.825866 -0.220958
    outer loop
      vertex 71.9725 -20.8581 9.85522
      vertex 71.9638 -20.8402 9.76789
      vertex 72.0478 -20.8108 9.85522
    endloop
  endfacet
  facet normal -0.0762637 -0.210847 -0.97454
    outer loop
      vertex 71.39 -20.5437 9.50252
      vertex 71.3706 -20.6288 9.52245
      vertex 71.3806 -20.5403 9.50252
    endloop
  endfacet
  facet normal -0.0484543 -0.433346 -0.899924
    outer loop
      vertex 71.4 -20.7128 9.56131
      vertex 71.3526 -20.7075 9.56131
      vertex 71.4 -20.6321 9.52245
    endloop
  endfacet
  facet normal 0.993662 -0.112405 0
    outer loop
      vertex 72.1875 -20.5884 11.5448
      vertex 72.1975 -20.5 9.85522
      vertex 72.1975 -20.5 11.5448
    endloop
  endfacet
  facet normal 0.993662 -0.112405 0
    outer loop
      vertex 72.1975 -20.5 9.85522
      vertex 72.1875 -20.5884 11.5448
      vertex 72.1875 -20.5884 9.85522
    endloop
  endfacet
  facet normal 0.259259 -0.739558 -0.621159
    outer loop
      vertex 71.947 -20.8051 9.68719
      vertex 71.8754 -20.8302 9.68719
      vertex 71.9227 -20.7548 9.61716
    endloop
  endfacet
  facet normal 0.518944 -0.825697 -0.221182
    outer loop
      vertex 72.0478 -20.8108 9.85522
      vertex 71.9638 -20.8402 9.76789
      vertex 72.0354 -20.7952 9.76789
    endloop
  endfacet
  facet normal 0.231453 -0.369594 -0.899905
    outer loop
      vertex 71.8923 -20.6917 9.56131
      vertex 71.8573 -20.619 9.52245
      vertex 71.9327 -20.6664 9.56131
    endloop
  endfacet
  facet normal 0.333554 -0.530518 0.77929
    outer loop
      vertex 71.9327 -20.6664 11.8387
      vertex 71.9227 -20.7548 11.7828
      vertex 71.9763 -20.7211 11.7828
    endloop
  endfacet
  facet normal -0.479889 -0.763868 0.431522
    outer loop
      vertex 71.1937 -20.7726 11.7045
      vertex 71.1937 -20.8135 11.6321
      vertex 71.2362 -20.8402 11.6321
    endloop
  endfacet
  facet normal 0.1096 -0.969095 0.221004
    outer loop
      vertex 71.884 -20.8681 11.6321
      vertex 71.8 -20.8776 11.6321
      vertex 71.8885 -20.8875 11.5448
    endloop
  endfacet
  facet normal 0.231498 0.370102 0.899685
    outer loop
      vertex 71.9327 -19.3336 11.8387
      vertex 71.8573 -19.381 11.8776
      vertex 71.8824 -19.3967 11.8776
    endloop
  endfacet
  facet normal -0.442868 0.442868 0.779574
    outer loop
      vertex 71.1937 -19.3088 11.7828
      vertex 71.2673 -19.3336 11.8387
      vertex 71.2236 -19.2789 11.7828
    endloop
  endfacet
  facet normal -0.442431 0.443681 0.77936
    outer loop
      vertex 71.1937 -19.3355 11.798
      vertex 71.2673 -19.3336 11.8387
      vertex 71.1937 -19.3088 11.7828
    endloop
  endfacet
  facet normal -0.442656 0.442656 0.779815
    outer loop
      vertex 71.2673 -19.3336 11.8387
      vertex 71.1937 -19.3355 11.798
      vertex 71.2336 -19.3673 11.8387
    endloop
  endfacet
  facet normal 0.207836 0.590623 0.779723
    outer loop
      vertex 71.9227 -19.2452 11.7828
      vertex 71.8474 -19.2925 11.8387
      vertex 71.8923 -19.3083 11.8387
    endloop
  endfacet
  facet normal -0.109628 -0.969113 0.220909
    outer loop
      vertex 71.4 -20.8776 11.6321
      vertex 71.3116 -20.8875 11.5448
      vertex 71.4 -20.8975 11.5448
    endloop
  endfacet
  facet normal -0.10103 0.896199 0.431997
    outer loop
      vertex 71.4 -19.1224 11.6321
      vertex 71.3246 -19.1698 11.7128
      vertex 71.4 -19.1613 11.7128
    endloop
  endfacet
  facet normal -0.109628 0.969113 0.220909
    outer loop
      vertex 71.4 -19.1025 11.5448
      vertex 71.3116 -19.1125 11.5448
      vertex 71.4 -19.1224 11.6321
    endloop
  endfacet
  facet normal 0.920667 0.321888 0.220816
    outer loop
      vertex 72.1875 -19.4116 11.5448
      vertex 72.1402 -19.3362 11.6321
      vertex 72.1681 -19.416 11.6321
    endloop
  endfacet
  facet normal 0.222179 0.0249385 0.974687
    outer loop
      vertex 71.9288 -19.4706 11.8776
      vertex 71.8448 -19.5 11.8975
      vertex 71.9321 -19.5 11.8776
    endloop
  endfacet
  facet normal 0.896199 0.10103 0.431997
    outer loop
      vertex 72.1776 -19.5 11.6321
      vertex 72.1302 -19.4246 11.7128
      vertex 72.1387 -19.5 11.7128
    endloop
  endfacet
  facet normal 0.189412 -0.118477 0.974724
    outer loop
      vertex 71.919 -20.5573 11.8776
      vertex 71.8403 -20.5194 11.8975
      vertex 71.9033 -20.5824 11.8776
    endloop
  endfacet
  facet normal 0.0484947 0.433707 0.899748
    outer loop
      vertex 71.8 -19.2872 11.8387
      vertex 71.8 -19.3679 11.8776
      vertex 71.8474 -19.2925 11.8387
    endloop
  endfacet
  facet normal 0.518935 -0.825683 0.221254
    outer loop
      vertex 72.0354 -20.7952 11.6321
      vertex 71.9638 -20.8402 11.6321
      vertex 72.0478 -20.8108 11.5448
    endloop
  endfacet
  facet normal 0.825697 -0.518944 -0.221182
    outer loop
      vertex 72.1108 -20.7478 9.85522
      vertex 72.0952 -20.7354 9.76789
      vertex 72.1402 -20.6638 9.76789
    endloop
  endfacet
  facet normal 0.531918 0.846796 -0
    outer loop
      vertex 72.0478 -19.1892 9.85522
      vertex 71.9725 -19.1419 11.5448
      vertex 72.0478 -19.1892 11.5448
    endloop
  endfacet
  facet normal 0.531918 0.846796 0
    outer loop
      vertex 71.9725 -19.1419 11.5448
      vertex 72.0478 -19.1892 9.85522
      vertex 71.9725 -19.1419 9.85522
    endloop
  endfacet
  facet normal -0.413838 0.135042 -0.900279
    outer loop
      vertex 71.1937 -19.4525 9.56079
      vertex 71.2712 -19.4706 9.52245
      vertex 71.1937 -19.4529 9.56073
    endloop
  endfacet
  facet normal -0.41144 0.14452 -0.899906
    outer loop
      vertex 71.2712 -19.4706 9.52245
      vertex 71.1937 -19.4525 9.56079
      vertex 71.281 -19.4427 9.52245
    endloop
  endfacet
  facet normal -0.222498 0.0249742 -0.974613
    outer loop
      vertex 71.3552 -19.5 9.50252
      vertex 71.2679 -19.5 9.52245
      vertex 71.2712 -19.4706 9.52245
    endloop
  endfacet
  facet normal -0.518102 0.826031 -0.221907
    outer loop
      vertex 71.2275 -19.1419 9.85522
      vertex 71.1937 -19.1747 9.81204
      vertex 71.1937 -19.1631 9.85522
    endloop
  endfacet
  facet normal -0.519015 0.825714 -0.220952
    outer loop
      vertex 71.1937 -19.1747 9.81204
      vertex 71.2275 -19.1419 9.85522
      vertex 71.2362 -19.1598 9.76789
    endloop
  endfacet
  facet normal 0.53023 0.333372 -0.779563
    outer loop
      vertex 72.0548 -19.3773 9.61716
      vertex 71.9664 -19.3673 9.56131
      vertex 72.0211 -19.3237 9.61716
    endloop
  endfacet
  facet normal 0 1 -0
    outer loop
      vertex 71.8 -19.1025 9.85522
      vertex 71.4 -19.1025 11.5448
      vertex 71.8 -19.1025 11.5448
    endloop
  endfacet
  facet normal 0 1 0
    outer loop
      vertex 71.4 -19.1025 11.5448
      vertex 71.8 -19.1025 9.85522
      vertex 71.4 -19.1025 9.85522
    endloop
  endfacet
  facet normal -0.0692406 -0.622176 -0.779809
    outer loop
      vertex 71.4 -20.7828 9.61716
      vertex 71.3371 -20.7758 9.61716
      vertex 71.4 -20.7128 9.56131
    endloop
  endfacet
  facet normal 0.321867 -0.920608 -0.221095
    outer loop
      vertex 71.8885 -20.8875 9.85522
      vertex 71.884 -20.8681 9.76789
      vertex 71.9638 -20.8402 9.76789
    endloop
  endfacet
  facet normal 0.0867143 -0.77919 -0.620761
    outer loop
      vertex 71.8754 -20.8302 9.68719
      vertex 71.8 -20.7828 9.61716
      vertex 71.8629 -20.7758 9.61716
    endloop
  endfacet
  facet normal 0.0692406 -0.622176 -0.779809
    outer loop
      vertex 71.8629 -20.7758 9.61716
      vertex 71.8 -20.7828 9.61716
      vertex 71.8 -20.7128 9.56131
    endloop
  endfacet
  facet normal 0.0244926 -0.22266 -0.974588
    outer loop
      vertex 71.8294 -20.6288 9.52245
      vertex 71.8 -20.5448 9.50252
      vertex 71.81 -20.5437 9.50252
    endloop
  endfacet
  facet normal 0.074153 -0.211109 -0.974646
    outer loop
      vertex 71.8294 -20.6288 9.52245
      vertex 71.8194 -20.5403 9.50252
      vertex 71.8573 -20.619 9.52245
    endloop
  endfacet
  facet normal 0.739558 0.259259 -0.621159
    outer loop
      vertex 72.1302 -19.4246 9.68719
      vertex 72.0548 -19.3773 9.61716
      vertex 72.1051 -19.353 9.68719
    endloop
  endfacet
  facet normal 0.689606 0.689606 -0.221104
    outer loop
      vertex 72.1108 -19.2522 9.85522
      vertex 72.0354 -19.2048 9.76789
      vertex 72.0478 -19.1892 9.85522
    endloop
  endfacet
  facet normal 0.689606 0.689606 -0.221104
    outer loop
      vertex 72.0354 -19.2048 9.76789
      vertex 72.1108 -19.2522 9.85522
      vertex 72.0952 -19.2646 9.76789
    endloop
  endfacet
  facet normal 0.322198 -0.920566 -0.220786
    outer loop
      vertex 71.9725 -20.8581 9.85522
      vertex 71.8885 -20.8875 9.85522
      vertex 71.9638 -20.8402 9.76789
    endloop
  endfacet
  facet normal 0.109508 -0.969143 -0.22084
    outer loop
      vertex 71.8885 -20.8875 9.85522
      vertex 71.8 -20.8975 9.85522
      vertex 71.8 -20.8776 9.76789
    endloop
  endfacet
  facet normal 0.590302 -0.207723 -0.779997
    outer loop
      vertex 72.0548 -20.6227 9.61716
      vertex 71.9917 -20.5923 9.56131
      vertex 72.0075 -20.5474 9.56131
    endloop
  endfacet
  facet normal 0.77919 -0.0867143 -0.620761
    outer loop
      vertex 72.1302 -20.5754 9.68719
      vertex 72.0758 -20.5629 9.61716
      vertex 72.0828 -20.5 9.61716
    endloop
  endfacet
  facet normal 0.689595 -0.689595 0.221176
    outer loop
      vertex 72.0354 -20.7952 11.6321
      vertex 72.1108 -20.7478 11.5448
      vertex 72.0952 -20.7354 11.6321
    endloop
  endfacet
  facet normal 0.689595 -0.689595 0.221176
    outer loop
      vertex 72.1108 -20.7478 11.5448
      vertex 72.0354 -20.7952 11.6321
      vertex 72.0478 -20.8108 11.5448
    endloop
  endfacet
  facet normal 0.825866 -0.518771 -0.220958
    outer loop
      vertex 72.1581 -20.6725 9.85522
      vertex 72.1108 -20.7478 9.85522
      vertex 72.1402 -20.6638 9.76789
    endloop
  endfacet
  facet normal 0.553872 0.553872 -0.621653
    outer loop
      vertex 72.0211 -19.3237 9.61716
      vertex 72.0112 -19.2352 9.68719
      vertex 72.0648 -19.2888 9.68719
    endloop
  endfacet
  facet normal 0.553872 0.553872 -0.621653
    outer loop
      vertex 72.0112 -19.2352 9.68719
      vertex 72.0211 -19.3237 9.61716
      vertex 71.9763 -19.2789 9.61716
    endloop
  endfacet
  facet normal -0.0486305 0.433254 -0.899959
    outer loop
      vertex 71.3706 -19.3712 9.52245
      vertex 71.3526 -19.2925 9.56131
      vertex 71.4 -19.3679 9.52245
    endloop
  endfacet
  facet normal 0.637867 0.637867 -0.431568
    outer loop
      vertex 72.0648 -19.2888 9.68719
      vertex 72.0354 -19.2048 9.76789
      vertex 72.0952 -19.2646 9.76789
    endloop
  endfacet
  facet normal 0.637867 0.637867 -0.431568
    outer loop
      vertex 72.0354 -19.2048 9.76789
      vertex 72.0648 -19.2888 9.68719
      vertex 72.0112 -19.2352 9.68719
    endloop
  endfacet
  facet normal 0.763833 0.479478 -0.432042
    outer loop
      vertex 72.1051 -19.353 9.68719
      vertex 72.0648 -19.2888 9.68719
      vertex 72.1402 -19.3362 9.76789
    endloop
  endfacet
  facet normal 0 0.900808 -0.434218
    outer loop
      vertex 71.8 -19.1613 9.68719
      vertex 71.4 -19.1224 9.76789
      vertex 71.8 -19.1224 9.76789
    endloop
  endfacet
  facet normal 0 0.900808 -0.434218
    outer loop
      vertex 71.4 -19.1224 9.76789
      vertex 71.8 -19.1613 9.68719
      vertex 71.4 -19.1613 9.68719
    endloop
  endfacet
  facet normal 0.518944 0.825697 -0.221182
    outer loop
      vertex 72.0354 -19.2048 9.76789
      vertex 71.9638 -19.1598 9.76789
      vertex 72.0478 -19.1892 9.85522
    endloop
  endfacet
  facet normal 0.851249 0.297617 0.432203
    outer loop
      vertex 72.1402 -19.3362 11.6321
      vertex 72.1051 -19.353 11.7128
      vertex 72.1681 -19.416 11.6321
    endloop
  endfacet
  facet normal 0.707107 0.707107 0
    outer loop
      vertex 72.1108 -19.2522 11.5448
      vertex 72.0478 -19.1892 9.85522
      vertex 72.0478 -19.1892 11.5448
    endloop
  endfacet
  facet normal 0.707107 0.707107 0
    outer loop
      vertex 72.0478 -19.1892 9.85522
      vertex 72.1108 -19.2522 11.5448
      vertex 72.1108 -19.2522 9.85522
    endloop
  endfacet
  facet normal -0.416512 -0.6637 -0.621306
    outer loop
      vertex 71.2773 -20.7548 9.61716
      vertex 71.1937 -20.7587 9.67737
      vertex 71.2236 -20.7211 9.61716
    endloop
  endfacet
  facet normal -0.413859 -0.668491 -0.617933
    outer loop
      vertex 71.1937 -20.7587 9.67737
      vertex 71.2773 -20.7548 9.61716
      vertex 71.1937 -20.7642 9.68332
    endloop
  endfacet
  facet normal -0.479864 -0.763829 -0.431619
    outer loop
      vertex 71.2362 -20.8402 9.76789
      vertex 71.1937 -20.8135 9.76789
      vertex 71.1937 -20.7726 9.69551
    endloop
  endfacet
  facet normal 0.222342 -0.0244576 0.974662
    outer loop
      vertex 71.8448 -20.5 11.8975
      vertex 71.8437 -20.51 11.8975
      vertex 71.9288 -20.5294 11.8776
    endloop
  endfacet
  facet normal 0.222342 0.0244576 0.974662
    outer loop
      vertex 71.9288 -19.4706 11.8776
      vertex 71.8437 -19.49 11.8975
      vertex 71.8448 -19.5 11.8975
    endloop
  endfacet
  facet normal -0.413641 -0.660491 0.62662
    outer loop
      vertex 71.2531 -20.8051 11.7128
      vertex 71.1937 -20.7642 11.7167
      vertex 71.1937 -20.7679 11.7128
    endloop
  endfacet
  facet normal -0.416408 -0.66398 0.621075
    outer loop
      vertex 71.1937 -20.7642 11.7167
      vertex 71.2531 -20.8051 11.7128
      vertex 71.2773 -20.7548 11.7828
    endloop
  endfacet
  facet normal -0.231498 -0.370102 0.899685
    outer loop
      vertex 71.3176 -20.6033 11.8776
      vertex 71.2673 -20.6664 11.8387
      vertex 71.3427 -20.619 11.8776
    endloop
  endfacet
  facet normal 0.210545 0.0761547 0.974613
    outer loop
      vertex 71.9288 -19.4706 11.8776
      vertex 71.8403 -19.4806 11.8975
      vertex 71.8437 -19.49 11.8975
    endloop
  endfacet
  facet normal -0.53008 0.332986 0.779831
    outer loop
      vertex 71.1937 -19.3355 11.798
      vertex 71.1937 -19.3718 11.8135
      vertex 71.2336 -19.3673 11.8387
    endloop
  endfacet
  facet normal -0.29757 0.851113 0.432503
    outer loop
      vertex 71.316 -19.1319 11.6321
      vertex 71.2362 -19.1598 11.6321
      vertex 71.2531 -19.1949 11.7128
    endloop
  endfacet
  facet normal -0.0867 0.779061 0.620924
    outer loop
      vertex 71.4 -19.2172 11.7828
      vertex 71.3246 -19.1698 11.7128
      vertex 71.3371 -19.2242 11.7828
    endloop
  endfacet
  facet normal -0.109603 0.969122 0.220885
    outer loop
      vertex 71.4 -19.1224 11.6321
      vertex 71.3116 -19.1125 11.5448
      vertex 71.316 -19.1319 11.6321
    endloop
  endfacet
  facet normal -0.518817 0.825833 0.220971
    outer loop
      vertex 71.1937 -19.1747 11.588
      vertex 71.1937 -19.1865 11.6321
      vertex 71.2362 -19.1598 11.6321
    endloop
  endfacet
  facet normal -0.321852 0.920672 0.220849
    outer loop
      vertex 71.3116 -19.1125 11.5448
      vertex 71.2275 -19.1419 11.5448
      vertex 71.2362 -19.1598 11.6321
    endloop
  endfacet
  facet normal 0.781413 -0 0.624014
    outer loop
      vertex 72.0828 -20.5 11.7828
      vertex 72.1387 -19.5 11.7128
      vertex 72.0828 -19.5 11.7828
    endloop
  endfacet
  facet normal 0.781413 0 0.624014
    outer loop
      vertex 72.1387 -19.5 11.7128
      vertex 72.0828 -20.5 11.7828
      vertex 72.1387 -20.5 11.7128
    endloop
  endfacet
  facet normal 0.97499 -0 0.222249
    outer loop
      vertex 72.1776 -20.5 11.6321
      vertex 72.1975 -19.5 11.5448
      vertex 72.1776 -19.5 11.6321
    endloop
  endfacet
  facet normal 0.97499 0 0.222249
    outer loop
      vertex 72.1975 -19.5 11.5448
      vertex 72.1776 -20.5 11.6321
      vertex 72.1975 -20.5 11.5448
    endloop
  endfacet
  facet normal 0.969113 0.109628 0.220909
    outer loop
      vertex 72.1875 -19.4116 11.5448
      vertex 72.1776 -19.5 11.6321
      vertex 72.1975 -19.5 11.5448
    endloop
  endfacet
  facet normal -0.188466 0.119731 0.974754
    outer loop
      vertex 71.365 -19.4721 11.8975
      vertex 71.2967 -19.4176 11.8776
      vertex 71.3596 -19.4806 11.8975
    endloop
  endfacet
  facet normal -0.074047 0.210807 0.974719
    outer loop
      vertex 71.3706 -19.3712 11.8776
      vertex 71.3427 -19.381 11.8776
      vertex 71.3806 -19.4597 11.8975
    endloop
  endfacet
  facet normal 0.189639 0.118245 0.974708
    outer loop
      vertex 71.9033 -19.4176 11.8776
      vertex 71.835 -19.4721 11.8975
      vertex 71.8403 -19.4806 11.8975
    endloop
  endfacet
  facet normal -0.222249 0 0.97499
    outer loop
      vertex 71.2679 -19.5 11.8776
      vertex 71.3552 -20.5 11.8975
      vertex 71.3552 -19.5 11.8975
    endloop
  endfacet
  facet normal -0.222249 0 0.97499
    outer loop
      vertex 71.3552 -20.5 11.8975
      vertex 71.2679 -19.5 11.8776
      vertex 71.2679 -20.5 11.8776
    endloop
  endfacet
  facet normal 0.411684 0.144869 0.899739
    outer loop
      vertex 71.9917 -19.4077 11.8387
      vertex 71.919 -19.4427 11.8776
      vertex 72.0075 -19.4526 11.8387
    endloop
  endfacet
  facet normal 0.222249 0 0.97499
    outer loop
      vertex 71.8448 -19.5 11.8975
      vertex 71.9321 -20.5 11.8776
      vertex 71.9321 -19.5 11.8776
    endloop
  endfacet
  facet normal 0.222249 0 0.97499
    outer loop
      vertex 71.9321 -20.5 11.8776
      vertex 71.8448 -19.5 11.8975
      vertex 71.8448 -20.5 11.8975
    endloop
  endfacet
  facet normal -0.0249385 -0.222179 0.974687
    outer loop
      vertex 71.4 -20.5448 11.8975
      vertex 71.3706 -20.6288 11.8776
      vertex 71.4 -20.6321 11.8776
    endloop
  endfacet
  facet normal -0.321888 -0.920667 0.220816
    outer loop
      vertex 71.316 -20.8681 11.6321
      vertex 71.2362 -20.8402 11.6321
      vertex 71.3116 -20.8875 11.5448
    endloop
  endfacet
  facet normal -0.29757 -0.851113 0.432503
    outer loop
      vertex 71.2531 -20.8051 11.7128
      vertex 71.2362 -20.8402 11.6321
      vertex 71.316 -20.8681 11.6321
    endloop
  endfacet
  facet normal -0.118245 -0.189639 0.974708
    outer loop
      vertex 71.3721 -20.535 11.8975
      vertex 71.3176 -20.6033 11.8776
      vertex 71.3806 -20.5403 11.8975
    endloop
  endfacet
  facet normal 0.763833 0.479478 0.432042
    outer loop
      vertex 72.1402 -19.3362 11.6321
      vertex 72.0648 -19.2888 11.7128
      vertex 72.1051 -19.353 11.7128
    endloop
  endfacet
  facet normal 0.518935 0.825683 0.221254
    outer loop
      vertex 72.0478 -19.1892 11.5448
      vertex 71.9638 -19.1598 11.6321
      vertex 72.0354 -19.2048 11.6321
    endloop
  endfacet
  facet normal -0.321893 0.920683 -0.220744
    outer loop
      vertex 71.316 -19.1319 9.76789
      vertex 71.2362 -19.1598 9.76789
      vertex 71.3116 -19.1125 9.85522
    endloop
  endfacet
  facet normal 0.0695466 0.621983 -0.779936
    outer loop
      vertex 71.8474 -19.2925 9.56131
      vertex 71.8 -19.2872 9.56131
      vertex 71.8629 -19.2242 9.61716
    endloop
  endfacet
  facet normal -0.321857 0.920687 -0.220777
    outer loop
      vertex 71.2362 -19.1598 9.76789
      vertex 71.2275 -19.1419 9.85522
      vertex 71.3116 -19.1125 9.85522
    endloop
  endfacet
  facet normal -0.10963 0.96913 -0.220837
    outer loop
      vertex 71.4 -19.1224 9.76789
      vertex 71.3116 -19.1125 9.85522
      vertex 71.4 -19.1025 9.85522
    endloop
  endfacet
  facet normal 0.158183 0.158183 -0.974657
    outer loop
      vertex 71.835 -19.4721 9.50252
      vertex 71.8824 -19.3967 9.52245
      vertex 71.9033 -19.4176 9.52245
    endloop
  endfacet
  facet normal 0.158183 0.158183 -0.974657
    outer loop
      vertex 71.8824 -19.3967 9.52245
      vertex 71.835 -19.4721 9.50252
      vertex 71.8279 -19.465 9.50252
    endloop
  endfacet
  facet normal 0.0762637 -0.210847 -0.97454
    outer loop
      vertex 71.8294 -20.6288 9.52245
      vertex 71.81 -20.5437 9.50252
      vertex 71.8194 -20.5403 9.50252
    endloop
  endfacet
  facet normal 0.18991 0.118415 -0.974634
    outer loop
      vertex 71.8403 -19.4806 9.50252
      vertex 71.835 -19.4721 9.50252
      vertex 71.9033 -19.4176 9.52245
    endloop
  endfacet
  facet normal 0.0484543 0.433346 -0.899924
    outer loop
      vertex 71.8474 -19.2925 9.56131
      vertex 71.8 -19.3679 9.52245
      vertex 71.8 -19.2872 9.56131
    endloop
  endfacet
  facet normal -0.211327 0.0742297 -0.974593
    outer loop
      vertex 71.3596 -19.4806 9.50252
      vertex 71.2712 -19.4706 9.52245
      vertex 71.281 -19.4427 9.52245
    endloop
  endfacet
  facet normal -0.411347 0.141876 -0.900369
    outer loop
      vertex 71.1937 -19.4492 9.56131
      vertex 71.281 -19.4427 9.52245
      vertex 71.1937 -19.4525 9.56079
    endloop
  endfacet
  facet normal -0.411355 0.144718 -0.899913
    outer loop
      vertex 71.281 -19.4427 9.52245
      vertex 71.1937 -19.4492 9.56131
      vertex 71.2083 -19.4077 9.56131
    endloop
  endfacet
  facet normal 0 0.433856 -0.900982
    outer loop
      vertex 71.4 -19.3679 9.52245
      vertex 71.8 -19.2872 9.56131
      vertex 71.8 -19.3679 9.52245
    endloop
  endfacet
  facet normal 0 0.433856 -0.900982
    outer loop
      vertex 71.8 -19.2872 9.56131
      vertex 71.4 -19.3679 9.52245
      vertex 71.4 -19.2872 9.56131
    endloop
  endfacet
  facet normal -0.074153 0.211109 -0.974646
    outer loop
      vertex 71.3806 -19.4597 9.50252
      vertex 71.3427 -19.381 9.52245
      vertex 71.3706 -19.3712 9.52245
    endloop
  endfacet
  facet normal 0.10103 -0.896199 -0.431997
    outer loop
      vertex 71.8754 -20.8302 9.68719
      vertex 71.8 -20.8776 9.76789
      vertex 71.8 -20.8387 9.68719
    endloop
  endfacet
  facet normal -0.10963 -0.96913 -0.220837
    outer loop
      vertex 71.4 -20.8975 9.85522
      vertex 71.3116 -20.8875 9.85522
      vertex 71.4 -20.8776 9.76789
    endloop
  endfacet
  facet normal 0 -0.781543 -0.623851
    outer loop
      vertex 71.4 -20.7828 9.61716
      vertex 71.8 -20.8387 9.68719
      vertex 71.4 -20.8387 9.68719
    endloop
  endfacet
  facet normal 0 -0.781543 -0.623851
    outer loop
      vertex 71.8 -20.8387 9.68719
      vertex 71.4 -20.7828 9.61716
      vertex 71.8 -20.7828 9.61716
    endloop
  endfacet
  facet normal 0.189683 -0.118647 -0.97465
    outer loop
      vertex 71.9033 -20.5824 9.52245
      vertex 71.8403 -20.5194 9.50252
      vertex 71.919 -20.5573 9.52245
    endloop
  endfacet
  facet normal -0.207408 -0.590619 -0.779841
    outer loop
      vertex 71.3371 -20.7758 9.61716
      vertex 71.2773 -20.7548 9.61716
      vertex 71.3526 -20.7075 9.56131
    endloop
  endfacet
  facet normal -0.332135 -0.530365 -0.779999
    outer loop
      vertex 71.2773 -20.7548 9.61716
      vertex 71.2673 -20.6664 9.56131
      vertex 71.3077 -20.6917 9.56131
    endloop
  endfacet
  facet normal 0.333372 -0.53023 -0.779563
    outer loop
      vertex 71.9763 -20.7211 9.61716
      vertex 71.9227 -20.7548 9.61716
      vertex 71.9327 -20.6664 9.56131
    endloop
  endfacet
  facet normal 0.553872 -0.553872 -0.621653
    outer loop
      vertex 72.0112 -20.7648 9.68719
      vertex 72.0211 -20.6763 9.61716
      vertex 72.0648 -20.7112 9.68719
    endloop
  endfacet
  facet normal 0.553872 -0.553872 -0.621653
    outer loop
      vertex 72.0211 -20.6763 9.61716
      vertex 72.0112 -20.7648 9.68719
      vertex 71.9763 -20.7211 9.61716
    endloop
  endfacet
  facet normal 0.637867 -0.637867 -0.431568
    outer loop
      vertex 72.0648 -20.7112 9.68719
      vertex 72.0354 -20.7952 9.76789
      vertex 72.0112 -20.7648 9.68719
    endloop
  endfacet
  facet normal 0.637867 -0.637867 -0.431568
    outer loop
      vertex 72.0354 -20.7952 9.76789
      vertex 72.0648 -20.7112 9.68719
      vertex 72.0952 -20.7354 9.76789
    endloop
  endfacet
  facet normal 0.118415 0.18991 -0.974634
    outer loop
      vertex 71.8279 -19.465 9.50252
      vertex 71.8194 -19.4597 9.50252
      vertex 71.8824 -19.3967 9.52245
    endloop
  endfacet
  facet normal 0.623673 0 -0.781685
    outer loop
      vertex 72.0128 -20.5 9.56131
      vertex 72.0828 -19.5 9.61716
      vertex 72.0828 -20.5 9.61716
    endloop
  endfacet
  facet normal 0.623673 0 -0.781685
    outer loop
      vertex 72.0828 -19.5 9.61716
      vertex 72.0128 -20.5 9.56131
      vertex 72.0128 -19.5 9.56131
    endloop
  endfacet
  facet normal 0.0249742 0.222498 -0.974613
    outer loop
      vertex 71.8294 -19.3712 9.52245
      vertex 71.8 -19.4552 9.50252
      vertex 71.8 -19.3679 9.52245
    endloop
  endfacet
  facet normal -0.144482 0.411332 -0.899962
    outer loop
      vertex 71.3706 -19.3712 9.52245
      vertex 71.3427 -19.381 9.52245
      vertex 71.3526 -19.2925 9.56131
    endloop
  endfacet
  facet normal 0.969138 0.109605 -0.220812
    outer loop
      vertex 72.1776 -19.5 9.76789
      vertex 72.1681 -19.416 9.76789
      vertex 72.1875 -19.4116 9.85522
    endloop
  endfacet
  facet normal 0.943981 0.33 0
    outer loop
      vertex 72.1875 -19.4116 11.5448
      vertex 72.1581 -19.3275 9.85522
      vertex 72.1581 -19.3275 11.5448
    endloop
  endfacet
  facet normal 0.943981 0.33 0
    outer loop
      vertex 72.1581 -19.3275 9.85522
      vertex 72.1875 -19.4116 11.5448
      vertex 72.1875 -19.4116 9.85522
    endloop
  endfacet
  facet normal 1 -0 0
    outer loop
      vertex 72.1975 -20.5 11.5448
      vertex 72.1975 -19.5 9.85522
      vertex 72.1975 -19.5 11.5448
    endloop
  endfacet
  facet normal 1 0 0
    outer loop
      vertex 72.1975 -19.5 9.85522
      vertex 72.1975 -20.5 11.5448
      vertex 72.1975 -20.5 9.85522
    endloop
  endfacet
  facet normal 0.975007 0 -0.222176
    outer loop
      vertex 72.1975 -20.5 9.85522
      vertex 72.1776 -19.5 9.76789
      vertex 72.1975 -19.5 9.85522
    endloop
  endfacet
  facet normal 0.975007 0 -0.222176
    outer loop
      vertex 72.1776 -19.5 9.76789
      vertex 72.1975 -20.5 9.85522
      vertex 72.1776 -20.5 9.76789
    endloop
  endfacet
  facet normal 0.920683 -0.321893 -0.220744
    outer loop
      vertex 72.1875 -20.5884 9.85522
      vertex 72.1402 -20.6638 9.76789
      vertex 72.1681 -20.584 9.76789
    endloop
  endfacet
  facet normal 0.689606 -0.689606 -0.221104
    outer loop
      vertex 72.1108 -20.7478 9.85522
      vertex 72.0354 -20.7952 9.76789
      vertex 72.0952 -20.7354 9.76789
    endloop
  endfacet
  facet normal 0.689606 -0.689606 -0.221104
    outer loop
      vertex 72.0354 -20.7952 9.76789
      vertex 72.1108 -20.7478 9.85522
      vertex 72.0478 -20.8108 9.85522
    endloop
  endfacet
  facet normal 0.920687 -0.321857 -0.220777
    outer loop
      vertex 72.1581 -20.6725 9.85522
      vertex 72.1402 -20.6638 9.76789
      vertex 72.1875 -20.5884 9.85522
    endloop
  endfacet
  facet normal -0.433354 0.0486418 -0.89991
    outer loop
      vertex 71.1937 -19.4534 9.5607
      vertex 71.2712 -19.4706 9.52245
      vertex 71.2679 -19.5 9.52245
    endloop
  endfacet
  facet normal -0.432269 0.0540075 -0.900126
    outer loop
      vertex 71.2712 -19.4706 9.52245
      vertex 71.1937 -19.4534 9.5607
      vertex 71.1937 -19.4529 9.56073
    endloop
  endfacet
  facet normal 0.231305 -0.369794 -0.899861
    outer loop
      vertex 71.9327 -20.6664 9.56131
      vertex 71.8573 -20.619 9.52245
      vertex 71.8824 -20.6033 9.52245
    endloop
  endfacet
  facet normal 0.590302 0.207723 -0.779997
    outer loop
      vertex 72.0075 -19.4526 9.56131
      vertex 71.9917 -19.4077 9.56131
      vertex 72.0548 -19.3773 9.61716
    endloop
  endfacet
  facet normal 0.411341 0.144748 -0.899915
    outer loop
      vertex 72.0075 -19.4526 9.56131
      vertex 71.919 -19.4427 9.52245
      vertex 71.9917 -19.4077 9.56131
    endloop
  endfacet
  facet normal 0.622176 0.0692406 -0.779809
    outer loop
      vertex 72.0828 -19.5 9.61716
      vertex 72.0128 -19.5 9.56131
      vertex 72.0758 -19.4371 9.61716
    endloop
  endfacet
  facet normal 0.259259 0.739558 -0.621159
    outer loop
      vertex 71.9227 -19.2452 9.61716
      vertex 71.8754 -19.1698 9.68719
      vertex 71.947 -19.1949 9.68719
    endloop
  endfacet
  facet normal 0.825852 0.518762 0.221031
    outer loop
      vertex 72.1581 -19.3275 11.5448
      vertex 72.1108 -19.2522 11.5448
      vertex 72.1402 -19.3362 11.6321
    endloop
  endfacet
  facet normal 0.920672 0.321852 0.220849
    outer loop
      vertex 72.1581 -19.3275 11.5448
      vertex 72.1402 -19.3362 11.6321
      vertex 72.1875 -19.4116 11.5448
    endloop
  endfacet
  facet normal 0.322193 0.920551 0.220858
    outer loop
      vertex 71.9725 -19.1419 11.5448
      vertex 71.8885 -19.1125 11.5448
      vertex 71.9638 -19.1598 11.6321
    endloop
  endfacet
  facet normal 0.0695845 0.622322 0.779663
    outer loop
      vertex 71.8629 -19.2242 11.7828
      vertex 71.8 -19.2872 11.8387
      vertex 71.8474 -19.2925 11.8387
    endloop
  endfacet
  facet normal 0.530654 0.332316 0.779726
    outer loop
      vertex 72.0548 -19.3773 11.7828
      vertex 71.9664 -19.3673 11.8387
      vertex 71.9917 -19.4077 11.8387
    endloop
  endfacet
  facet normal -0.321893 -0.920683 -0.220744
    outer loop
      vertex 71.3116 -20.8875 9.85522
      vertex 71.2362 -20.8402 9.76789
      vertex 71.316 -20.8681 9.76789
    endloop
  endfacet
  facet normal -0.332791 -0.530294 -0.779768
    outer loop
      vertex 71.2773 -20.7548 9.61716
      vertex 71.2236 -20.7211 9.61716
      vertex 71.2673 -20.6664 9.56131
    endloop
  endfacet
  facet normal -0.0249742 -0.222498 -0.974613
    outer loop
      vertex 71.4 -20.6321 9.52245
      vertex 71.3706 -20.6288 9.52245
      vertex 71.4 -20.5448 9.50252
    endloop
  endfacet
  facet normal 0.707107 -0.707107 0
    outer loop
      vertex 72.0478 -20.8108 11.5448
      vertex 72.1108 -20.7478 9.85522
      vertex 72.1108 -20.7478 11.5448
    endloop
  endfacet
  facet normal 0.707107 -0.707107 0
    outer loop
      vertex 72.1108 -20.7478 9.85522
      vertex 72.0478 -20.8108 11.5448
      vertex 72.0478 -20.8108 9.85522
    endloop
  endfacet
  facet normal -0.478515 -0.76408 0.432672
    outer loop
      vertex 71.1937 -20.7726 11.7045
      vertex 71.2531 -20.8051 11.7128
      vertex 71.1937 -20.7679 11.7128
    endloop
  endfacet
  facet normal -0.478528 -0.764131 0.432567
    outer loop
      vertex 71.2531 -20.8051 11.7128
      vertex 71.1937 -20.7726 11.7045
      vertex 71.2362 -20.8402 11.6321
    endloop
  endfacet
  facet normal 0 -0.434218 0.900808
    outer loop
      vertex 71.4 -20.6321 11.8776
      vertex 71.8 -20.7128 11.8387
      vertex 71.8 -20.6321 11.8776
    endloop
  endfacet
  facet normal 0 -0.434218 0.900808
    outer loop
      vertex 71.8 -20.7128 11.8387
      vertex 71.4 -20.6321 11.8776
      vertex 71.4 -20.7128 11.8387
    endloop
  endfacet
  facet normal 0.189639 -0.118245 0.974708
    outer loop
      vertex 71.8403 -20.5194 11.8975
      vertex 71.835 -20.5279 11.8975
      vertex 71.9033 -20.5824 11.8776
    endloop
  endfacet
  facet normal -0.518114 -0.82605 0.22181
    outer loop
      vertex 71.2275 -20.8581 11.5448
      vertex 71.1937 -20.8253 11.588
      vertex 71.1937 -20.8369 11.5448
    endloop
  endfacet
  facet normal -0.518861 -0.82579 0.221028
    outer loop
      vertex 71.1937 -20.8253 11.588
      vertex 71.2275 -20.8581 11.5448
      vertex 71.2362 -20.8402 11.6321
    endloop
  endfacet
  facet normal -0.53135 -0.847152 0
    outer loop
      vertex 71.1937 -20.8369 9.85522
      vertex 71.2275 -20.8581 11.5448
      vertex 71.1937 -20.8369 11.5448
    endloop
  endfacet
  facet normal -0.53135 -0.847152 -0
    outer loop
      vertex 71.2275 -20.8581 11.5448
      vertex 71.1937 -20.8369 9.85522
      vertex 71.2275 -20.8581 9.85522
    endloop
  endfacet
  facet normal -0.434039 0.0482618 0.8996
    outer loop
      vertex 71.1937 -19.4534 11.8393
      vertex 71.1937 -19.5 11.8418
      vertex 71.2679 -19.5 11.8776
    endloop
  endfacet
  facet normal -0.434545 0 0.90065
    outer loop
      vertex 71.1937 -19.5 11.8418
      vertex 71.2679 -20.5 11.8776
      vertex 71.2679 -19.5 11.8776
    endloop
  endfacet
  facet normal -0.434545 0 0.90065
    outer loop
      vertex 71.2679 -20.5 11.8776
      vertex 71.1937 -19.5 11.8418
      vertex 71.1937 -20.5 11.8418
    endloop
  endfacet
  facet normal -0.434039 -0.0482618 0.8996
    outer loop
      vertex 71.1937 -20.5 11.8418
      vertex 71.1937 -20.5466 11.8393
      vertex 71.2679 -20.5 11.8776
    endloop
  endfacet
  facet normal -0.369902 0.231646 0.899729
    outer loop
      vertex 71.2336 -19.3673 11.8387
      vertex 71.2083 -19.4077 11.8387
      vertex 71.281 -19.4427 11.8776
    endloop
  endfacet
  facet normal -0.411698 0.144838 0.899737
    outer loop
      vertex 71.1937 -19.4492 11.8387
      vertex 71.281 -19.4427 11.8776
      vertex 71.2083 -19.4077 11.8387
    endloop
  endfacet
  facet normal -0.411664 0.136523 0.901052
    outer loop
      vertex 71.281 -19.4427 11.8776
      vertex 71.1937 -19.4492 11.8387
      vertex 71.1937 -19.4525 11.8392
    endloop
  endfacet
  facet normal -0.589946 0.207547 0.780313
    outer loop
      vertex 71.1937 -19.4007 11.8258
      vertex 71.1937 -19.4492 11.8387
      vertex 71.2083 -19.4077 11.8387
    endloop
  endfacet
  facet normal -0.554084 0.554084 0.621274
    outer loop
      vertex 71.1937 -19.2413 11.7226
      vertex 71.1937 -19.3088 11.7828
      vertex 71.2236 -19.2789 11.7828
    endloop
  endfacet
  facet normal -0.518861 0.82579 0.221028
    outer loop
      vertex 71.2275 -19.1419 11.5448
      vertex 71.1937 -19.1747 11.588
      vertex 71.2362 -19.1598 11.6321
    endloop
  endfacet
  facet normal -0.518114 0.82605 0.22181
    outer loop
      vertex 71.1937 -19.1747 11.588
      vertex 71.2275 -19.1419 11.5448
      vertex 71.1937 -19.1631 11.5448
    endloop
  endfacet
  facet normal 0.825683 0.518935 0.221254
    outer loop
      vertex 72.1108 -19.2522 11.5448
      vertex 72.0952 -19.2646 11.6321
      vertex 72.1402 -19.3362 11.6321
    endloop
  endfacet
  facet normal -0.259593 0.739479 0.621114
    outer loop
      vertex 71.3246 -19.1698 11.7128
      vertex 71.2531 -19.1949 11.7128
      vertex 71.2773 -19.2452 11.7828
    endloop
  endfacet
  facet normal 0.969122 -0.109603 0.220885
    outer loop
      vertex 72.1776 -20.5 11.6321
      vertex 72.1681 -20.584 11.6321
      vertex 72.1875 -20.5884 11.5448
    endloop
  endfacet
  facet normal 0.321861 -0.920592 0.221167
    outer loop
      vertex 71.9638 -20.8402 11.6321
      vertex 71.884 -20.8681 11.6321
      vertex 71.8885 -20.8875 11.5448
    endloop
  endfacet
  facet normal 0.778399 0.0877505 0.621607
    outer loop
      vertex 72.1302 -19.4246 11.7128
      vertex 72.0828 -19.5 11.7828
      vertex 72.1387 -19.5 11.7128
    endloop
  endfacet
  facet normal 0.779061 0.0867 0.620924
    outer loop
      vertex 72.1302 -19.4246 11.7128
      vertex 72.0758 -19.4371 11.7828
      vertex 72.0828 -19.5 11.7828
    endloop
  endfacet
  facet normal 0 -0.97499 0.222249
    outer loop
      vertex 71.4 -20.8975 11.5448
      vertex 71.8 -20.8776 11.6321
      vertex 71.4 -20.8776 11.6321
    endloop
  endfacet
  facet normal 0 -0.97499 0.222249
    outer loop
      vertex 71.8 -20.8776 11.6321
      vertex 71.4 -20.8975 11.5448
      vertex 71.8 -20.8975 11.5448
    endloop
  endfacet
  facet normal 0.896287 0.101366 0.431735
    outer loop
      vertex 72.1681 -19.416 11.6321
      vertex 72.1302 -19.4246 11.7128
      vertex 72.1776 -19.5 11.6321
    endloop
  endfacet
  facet normal 0.969122 0.109603 0.220885
    outer loop
      vertex 72.1875 -19.4116 11.5448
      vertex 72.1681 -19.416 11.6321
      vertex 72.1776 -19.5 11.6321
    endloop
  endfacet
  facet normal 0.0249385 0.222179 0.974687
    outer loop
      vertex 71.8 -19.3679 11.8776
      vertex 71.8 -19.4552 11.8975
      vertex 71.8294 -19.3712 11.8776
    endloop
  endfacet
  facet normal 0.210807 0.074047 0.974719
    outer loop
      vertex 71.919 -19.4427 11.8776
      vertex 71.8403 -19.4806 11.8975
      vertex 71.9288 -19.4706 11.8776
    endloop
  endfacet
  facet normal -0.144869 0.411684 0.899739
    outer loop
      vertex 71.3526 -19.2925 11.8387
      vertex 71.3077 -19.3083 11.8387
      vertex 71.3427 -19.381 11.8776
    endloop
  endfacet
  facet normal -0.222179 0.0249385 0.974687
    outer loop
      vertex 71.2712 -19.4706 11.8776
      vertex 71.2679 -19.5 11.8776
      vertex 71.3552 -19.5 11.8975
    endloop
  endfacet
  facet normal 0.434218 0 0.900808
    outer loop
      vertex 71.9321 -19.5 11.8776
      vertex 72.0128 -20.5 11.8387
      vertex 72.0128 -19.5 11.8387
    endloop
  endfacet
  facet normal 0.434218 0 0.900808
    outer loop
      vertex 72.0128 -20.5 11.8387
      vertex 71.9321 -19.5 11.8776
      vertex 71.9321 -20.5 11.8776
    endloop
  endfacet
  facet normal -0.21103 -0.074085 0.974668
    outer loop
      vertex 71.3563 -20.51 11.8975
      vertex 71.2712 -20.5294 11.8776
      vertex 71.3596 -20.5194 11.8975
    endloop
  endfacet
  facet normal -0.0244576 0.222342 0.974662
    outer loop
      vertex 71.4 -19.4552 11.8975
      vertex 71.3706 -19.3712 11.8776
      vertex 71.39 -19.4563 11.8975
    endloop
  endfacet
  facet normal 0.048671 -0.433615 0.899783
    outer loop
      vertex 71.8294 -20.6288 11.8776
      vertex 71.8 -20.6321 11.8776
      vertex 71.8474 -20.7075 11.8387
    endloop
  endfacet
  facet normal 0.11228 -0.993677 0
    outer loop
      vertex 71.8 -20.8975 9.85522
      vertex 71.8885 -20.8875 11.5448
      vertex 71.8 -20.8975 11.5448
    endloop
  endfacet
  facet normal 0.11228 -0.993677 0
    outer loop
      vertex 71.8885 -20.8875 11.5448
      vertex 71.8 -20.8975 9.85522
      vertex 71.8885 -20.8875 9.85522
    endloop
  endfacet
  facet normal 0 -1 0
    outer loop
      vertex 71.4 -20.8975 9.85522
      vertex 71.8 -20.8975 11.5448
      vertex 71.4 -20.8975 11.5448
    endloop
  endfacet
  facet normal 0 -1 -0
    outer loop
      vertex 71.8 -20.8975 11.5448
      vertex 71.4 -20.8975 9.85522
      vertex 71.8 -20.8975 9.85522
    endloop
  endfacet
  facet normal -0.518817 -0.825833 0.220971
    outer loop
      vertex 71.1937 -20.8135 11.6321
      vertex 71.1937 -20.8253 11.588
      vertex 71.2362 -20.8402 11.6321
    endloop
  endfacet
  facet normal -0.321852 -0.920672 0.220849
    outer loop
      vertex 71.2362 -20.8402 11.6321
      vertex 71.2275 -20.8581 11.5448
      vertex 71.3116 -20.8875 11.5448
    endloop
  endfacet
  facet normal -0.412383 0.658482 -0.629557
    outer loop
      vertex 71.2531 -19.1949 9.68719
      vertex 71.1937 -19.2358 9.68332
      vertex 71.1937 -19.2321 9.68719
    endloop
  endfacet
  facet normal -0.416715 0.663955 -0.620897
    outer loop
      vertex 71.1937 -19.2358 9.68332
      vertex 71.2531 -19.1949 9.68719
      vertex 71.2773 -19.2452 9.61716
    endloop
  endfacet
  facet normal -0.478637 0.764066 -0.432561
    outer loop
      vertex 71.2531 -19.1949 9.68719
      vertex 71.1937 -19.2274 9.69551
      vertex 71.2362 -19.1598 9.76789
    endloop
  endfacet
  facet normal -0.47873 0.764424 -0.431826
    outer loop
      vertex 71.1937 -19.2274 9.69551
      vertex 71.2531 -19.1949 9.68719
      vertex 71.1937 -19.2321 9.68719
    endloop
  endfacet
  facet normal 0.109508 0.969143 -0.22084
    outer loop
      vertex 71.8885 -19.1125 9.85522
      vertex 71.8 -19.1224 9.76789
      vertex 71.8 -19.1025 9.85522
    endloop
  endfacet
  facet normal 0.207408 0.590619 -0.779841
    outer loop
      vertex 71.9227 -19.2452 9.61716
      vertex 71.8474 -19.2925 9.56131
      vertex 71.8629 -19.2242 9.61716
    endloop
  endfacet
  facet normal -0.0867143 0.77919 -0.620761
    outer loop
      vertex 71.3371 -19.2242 9.61716
      vertex 71.3246 -19.1698 9.68719
      vertex 71.4 -19.2172 9.61716
    endloop
  endfacet
  facet normal -0.087765 0.778528 -0.621444
    outer loop
      vertex 71.4 -19.2172 9.61716
      vertex 71.3246 -19.1698 9.68719
      vertex 71.4 -19.1613 9.68719
    endloop
  endfacet
  facet normal -0.433757 0 -0.90103
    outer loop
      vertex 71.1937 -20.5 9.55817
      vertex 71.2679 -19.5 9.52245
      vertex 71.2679 -20.5 9.52245
    endloop
  endfacet
  facet normal -0.433757 0 -0.90103
    outer loop
      vertex 71.2679 -19.5 9.52245
      vertex 71.1937 -20.5 9.55817
      vertex 71.1937 -19.5 9.55817
    endloop
  endfacet
  facet normal -0.0244926 0.22266 -0.974588
    outer loop
      vertex 71.39 -19.4563 9.50252
      vertex 71.3706 -19.3712 9.52245
      vertex 71.4 -19.4552 9.50252
    endloop
  endfacet
  facet normal -0.231453 -0.369594 -0.899905
    outer loop
      vertex 71.3077 -20.6917 9.56131
      vertex 71.2673 -20.6664 9.56131
      vertex 71.3427 -20.619 9.52245
    endloop
  endfacet
  facet normal -0.433239 -0.0488601 -0.899954
    outer loop
      vertex 71.2679 -20.5 9.52245
      vertex 71.1937 -20.5466 9.5607
      vertex 71.1937 -20.5 9.55817
    endloop
  endfacet
  facet normal -0.211332 0.0741911 -0.974594
    outer loop
      vertex 71.3563 -19.49 9.50252
      vertex 71.2712 -19.4706 9.52245
      vertex 71.3596 -19.4806 9.50252
    endloop
  endfacet
  facet normal 0.53023 -0.333372 -0.779563
    outer loop
      vertex 72.0211 -20.6763 9.61716
      vertex 71.9664 -20.6327 9.56131
      vertex 72.0548 -20.6227 9.61716
    endloop
  endfacet
  facet normal 0.222498 -0.0249742 -0.974613
    outer loop
      vertex 71.9288 -20.5294 9.52245
      vertex 71.8448 -20.5 9.50252
      vertex 71.9321 -20.5 9.52245
    endloop
  endfacet
  facet normal 0.210847 0.0762637 -0.97454
    outer loop
      vertex 71.8437 -19.49 9.50252
      vertex 71.8403 -19.4806 9.50252
      vertex 71.9288 -19.4706 9.52245
    endloop
  endfacet
  facet normal 0.22266 0.0244926 -0.974588
    outer loop
      vertex 71.8448 -19.5 9.50252
      vertex 71.8437 -19.49 9.50252
      vertex 71.9288 -19.4706 9.52245
    endloop
  endfacet
  facet normal 0.109602 -0.969111 -0.220932
    outer loop
      vertex 71.8885 -20.8875 9.85522
      vertex 71.8 -20.8776 9.76789
      vertex 71.884 -20.8681 9.76789
    endloop
  endfacet
  facet normal 0.101366 -0.896287 -0.431735
    outer loop
      vertex 71.884 -20.8681 9.76789
      vertex 71.8 -20.8776 9.76789
      vertex 71.8754 -20.8302 9.68719
    endloop
  endfacet
  facet normal 0 -0.975007 -0.222176
    outer loop
      vertex 71.4 -20.8776 9.76789
      vertex 71.8 -20.8975 9.85522
      vertex 71.4 -20.8975 9.85522
    endloop
  endfacet
  facet normal 0 -0.975007 -0.222176
    outer loop
      vertex 71.8 -20.8975 9.85522
      vertex 71.4 -20.8776 9.76789
      vertex 71.8 -20.8776 9.76789
    endloop
  endfacet
  facet normal -0.259636 -0.739601 -0.62095
    outer loop
      vertex 71.3246 -20.8302 9.68719
      vertex 71.2531 -20.8051 9.68719
      vertex 71.2773 -20.7548 9.61716
    endloop
  endfacet
  facet normal 0 -0.900808 -0.434218
    outer loop
      vertex 71.4 -20.8387 9.68719
      vertex 71.8 -20.8776 9.76789
      vertex 71.4 -20.8776 9.76789
    endloop
  endfacet
  facet normal 0 -0.900808 -0.434218
    outer loop
      vertex 71.8 -20.8776 9.76789
      vertex 71.4 -20.8387 9.68719
      vertex 71.8 -20.8387 9.68719
    endloop
  endfacet
  facet normal -0.29757 -0.851113 -0.432503
    outer loop
      vertex 71.316 -20.8681 9.76789
      vertex 71.2362 -20.8402 9.76789
      vertex 71.2531 -20.8051 9.68719
    endloop
  endfacet
  facet normal -0.518102 -0.826031 -0.221907
    outer loop
      vertex 71.1937 -20.8253 9.81204
      vertex 71.2275 -20.8581 9.85522
      vertex 71.1937 -20.8369 9.85522
    endloop
  endfacet
  facet normal -0.519015 -0.825714 -0.220952
    outer loop
      vertex 71.2275 -20.8581 9.85522
      vertex 71.1937 -20.8253 9.81204
      vertex 71.2362 -20.8402 9.76789
    endloop
  endfacet
  facet normal 0.0484543 -0.433346 -0.899924
    outer loop
      vertex 71.8474 -20.7075 9.56131
      vertex 71.8 -20.7128 9.56131
      vertex 71.8 -20.6321 9.52245
    endloop
  endfacet
  facet normal -0.0695466 -0.621983 -0.779936
    outer loop
      vertex 71.4 -20.7128 9.56131
      vertex 71.3371 -20.7758 9.61716
      vertex 71.3526 -20.7075 9.56131
    endloop
  endfacet
  facet normal 0.0695466 -0.621983 -0.779936
    outer loop
      vertex 71.8629 -20.7758 9.61716
      vertex 71.8 -20.7128 9.56131
      vertex 71.8474 -20.7075 9.56131
    endloop
  endfacet
  facet normal 0.25973 -0.739612 -0.620898
    outer loop
      vertex 71.8754 -20.8302 9.68719
      vertex 71.8629 -20.7758 9.61716
      vertex 71.9227 -20.7548 9.61716
    endloop
  endfacet
  facet normal 0.332135 -0.530365 -0.779999
    outer loop
      vertex 71.9227 -20.7548 9.61716
      vertex 71.8923 -20.6917 9.56131
      vertex 71.9327 -20.6664 9.56131
    endloop
  endfacet
  facet normal 0.222498 0.0249742 -0.974613
    outer loop
      vertex 71.9321 -19.5 9.52245
      vertex 71.8448 -19.5 9.50252
      vertex 71.9288 -19.4706 9.52245
    endloop
  endfacet
  facet normal -0.0762637 0.210847 -0.97454
    outer loop
      vertex 71.3806 -19.4597 9.50252
      vertex 71.3706 -19.3712 9.52245
      vertex 71.39 -19.4563 9.50252
    endloop
  endfacet
  facet normal 0.663681 -0.41661 -0.621259
    outer loop
      vertex 72.0648 -20.7112 9.68719
      vertex 72.0548 -20.6227 9.61716
      vertex 72.1051 -20.647 9.68719
    endloop
  endfacet
  facet normal 0.900808 0 -0.434218
    outer loop
      vertex 72.1776 -20.5 9.76789
      vertex 72.1387 -19.5 9.68719
      vertex 72.1776 -19.5 9.76789
    endloop
  endfacet
  facet normal 0.900808 0 -0.434218
    outer loop
      vertex 72.1387 -19.5 9.68719
      vertex 72.1776 -20.5 9.76789
      vertex 72.1387 -20.5 9.68719
    endloop
  endfacet
  facet normal 0.896199 -0.10103 -0.431997
    outer loop
      vertex 72.1776 -20.5 9.76789
      vertex 72.1302 -20.5754 9.68719
      vertex 72.1387 -20.5 9.68719
    endloop
  endfacet
  facet normal 0.778528 -0.087765 -0.621444
    outer loop
      vertex 72.1302 -20.5754 9.68719
      vertex 72.0828 -20.5 9.61716
      vertex 72.1387 -20.5 9.68719
    endloop
  endfacet
  facet normal -0.0244926 -0.22266 -0.974588
    outer loop
      vertex 71.4 -20.5448 9.50252
      vertex 71.3706 -20.6288 9.52245
      vertex 71.39 -20.5437 9.50252
    endloop
  endfacet
  facet normal -0.158183 -0.158183 -0.974657
    outer loop
      vertex 71.3176 -20.6033 9.52245
      vertex 71.365 -20.5279 9.50252
      vertex 71.3721 -20.535 9.50252
    endloop
  endfacet
  facet normal -0.158183 -0.158183 -0.974657
    outer loop
      vertex 71.365 -20.5279 9.50252
      vertex 71.3176 -20.6033 9.52245
      vertex 71.2967 -20.5824 9.52245
    endloop
  endfacet
  facet normal 0.778528 0.087765 -0.621444
    outer loop
      vertex 72.1387 -19.5 9.68719
      vertex 72.0828 -19.5 9.61716
      vertex 72.1302 -19.4246 9.68719
    endloop
  endfacet
  facet normal 0.896199 0.10103 -0.431997
    outer loop
      vertex 72.1387 -19.5 9.68719
      vertex 72.1302 -19.4246 9.68719
      vertex 72.1776 -19.5 9.76789
    endloop
  endfacet
  facet normal 0.479999 -0.763732 -0.431641
    outer loop
      vertex 72.0354 -20.7952 9.76789
      vertex 71.9638 -20.8402 9.76789
      vertex 72.0112 -20.7648 9.68719
    endloop
  endfacet
  facet normal 0.41661 -0.663681 -0.621259
    outer loop
      vertex 71.947 -20.8051 9.68719
      vertex 71.9227 -20.7548 9.61716
      vertex 72.0112 -20.7648 9.68719
    endloop
  endfacet
  facet normal -0.207408 0.590619 -0.779841
    outer loop
      vertex 71.3526 -19.2925 9.56131
      vertex 71.2773 -19.2452 9.61716
      vertex 71.3371 -19.2242 9.61716
    endloop
  endfacet
  facet normal -0.0484543 0.433346 -0.899924
    outer loop
      vertex 71.4 -19.3679 9.52245
      vertex 71.3526 -19.2925 9.56131
      vertex 71.4 -19.2872 9.56131
    endloop
  endfacet
  facet normal 0.442901 0.442901 -0.779537
    outer loop
      vertex 71.9664 -19.3673 9.56131
      vertex 71.9763 -19.2789 9.61716
      vertex 72.0211 -19.3237 9.61716
    endloop
  endfacet
  facet normal 0.442901 0.442901 -0.779537
    outer loop
      vertex 71.9763 -19.2789 9.61716
      vertex 71.9664 -19.3673 9.56131
      vertex 71.9327 -19.3336 9.56131
    endloop
  endfacet
  facet normal 0 0.222567 -0.974917
    outer loop
      vertex 71.4 -19.4552 9.50252
      vertex 71.8 -19.3679 9.52245
      vertex 71.8 -19.4552 9.50252
    endloop
  endfacet
  facet normal 0 0.222567 -0.974917
    outer loop
      vertex 71.8 -19.3679 9.52245
      vertex 71.4 -19.4552 9.50252
      vertex 71.4 -19.3679 9.52245
    endloop
  endfacet
  facet normal 0 0.623673 -0.781685
    outer loop
      vertex 71.4 -19.2872 9.56131
      vertex 71.8 -19.2172 9.61716
      vertex 71.8 -19.2872 9.56131
    endloop
  endfacet
  facet normal 0 0.623673 -0.781685
    outer loop
      vertex 71.8 -19.2172 9.61716
      vertex 71.4 -19.2872 9.56131
      vertex 71.4 -19.2172 9.61716
    endloop
  endfacet
  facet normal 0.118647 0.189683 -0.97465
    outer loop
      vertex 71.8824 -19.3967 9.52245
      vertex 71.8194 -19.4597 9.50252
      vertex 71.8573 -19.381 9.52245
    endloop
  endfacet
  facet normal 0.118647 -0.189683 -0.97465
    outer loop
      vertex 71.8573 -20.619 9.52245
      vertex 71.8194 -20.5403 9.50252
      vertex 71.8824 -20.6033 9.52245
    endloop
  endfacet
  facet normal 0.433346 0.0484543 -0.899924
    outer loop
      vertex 72.0128 -19.5 9.56131
      vertex 71.9321 -19.5 9.52245
      vertex 72.0075 -19.4526 9.56131
    endloop
  endfacet
  facet normal 0.621983 0.0695466 -0.779936
    outer loop
      vertex 72.0128 -19.5 9.56131
      vertex 72.0075 -19.4526 9.56131
      vertex 72.0758 -19.4371 9.61716
    endloop
  endfacet
  facet normal 0.739612 0.25973 -0.620898
    outer loop
      vertex 72.0758 -19.4371 9.61716
      vertex 72.0548 -19.3773 9.61716
      vertex 72.1302 -19.4246 9.68719
    endloop
  endfacet
  facet normal 0.77919 0.0867143 -0.620761
    outer loop
      vertex 72.0828 -19.5 9.61716
      vertex 72.0758 -19.4371 9.61716
      vertex 72.1302 -19.4246 9.68719
    endloop
  endfacet
  facet normal 0.479999 0.763732 -0.431641
    outer loop
      vertex 72.0112 -19.2352 9.68719
      vertex 71.9638 -19.1598 9.76789
      vertex 72.0354 -19.2048 9.76789
    endloop
  endfacet
  facet normal 0.920683 0.321893 -0.220744
    outer loop
      vertex 72.1681 -19.416 9.76789
      vertex 72.1402 -19.3362 9.76789
      vertex 72.1875 -19.4116 9.85522
    endloop
  endfacet
  facet normal 0.25973 0.739612 -0.620898
    outer loop
      vertex 71.9227 -19.2452 9.61716
      vertex 71.8629 -19.2242 9.61716
      vertex 71.8754 -19.1698 9.68719
    endloop
  endfacet
  facet normal 0.1096 0.969095 0.221004
    outer loop
      vertex 71.8885 -19.1125 11.5448
      vertex 71.8 -19.1224 11.6321
      vertex 71.884 -19.1319 11.6321
    endloop
  endfacet
  facet normal 0.846796 0.531918 0
    outer loop
      vertex 72.1581 -19.3275 11.5448
      vertex 72.1108 -19.2522 9.85522
      vertex 72.1108 -19.2522 11.5448
    endloop
  endfacet
  facet normal 0.846796 0.531918 0
    outer loop
      vertex 72.1108 -19.2522 9.85522
      vertex 72.1581 -19.3275 11.5448
      vertex 72.1581 -19.3275 9.85522
    endloop
  endfacet
  facet normal 0 0.900808 0.434218
    outer loop
      vertex 71.8 -19.1224 11.6321
      vertex 71.4 -19.1613 11.7128
      vertex 71.8 -19.1613 11.7128
    endloop
  endfacet
  facet normal 0 0.900808 0.434218
    outer loop
      vertex 71.4 -19.1613 11.7128
      vertex 71.8 -19.1224 11.6321
      vertex 71.4 -19.1224 11.6321
    endloop
  endfacet
  facet normal -0.0692783 0.622515 0.779536
    outer loop
      vertex 71.4 -19.2172 11.7828
      vertex 71.3371 -19.2242 11.7828
      vertex 71.4 -19.2872 11.8387
    endloop
  endfacet
  facet normal 0.851275 0.298422 0.431596
    outer loop
      vertex 72.1681 -19.416 11.6321
      vertex 72.1051 -19.353 11.7128
      vertex 72.1302 -19.4246 11.7128
    endloop
  endfacet
  facet normal 0.66304 0.416874 0.621767
    outer loop
      vertex 72.0648 -19.2888 11.7128
      vertex 72.0211 -19.3237 11.7828
      vertex 72.0548 -19.3773 11.7828
    endloop
  endfacet
  facet normal 0.637867 0.637867 0.431568
    outer loop
      vertex 72.0354 -19.2048 11.6321
      vertex 72.0648 -19.2888 11.7128
      vertex 72.0952 -19.2646 11.6321
    endloop
  endfacet
  facet normal 0.637867 0.637867 0.431568
    outer loop
      vertex 72.0648 -19.2888 11.7128
      vertex 72.0354 -19.2048 11.6321
      vertex 72.0112 -19.2352 11.7128
    endloop
  endfacet
  facet normal 0.101366 0.896287 0.431735
    outer loop
      vertex 71.884 -19.1319 11.6321
      vertex 71.8 -19.1224 11.6321
      vertex 71.8754 -19.1698 11.7128
    endloop
  endfacet
  facet normal 0.443142 0.443142 0.779263
    outer loop
      vertex 71.9763 -19.2789 11.7828
      vertex 71.9664 -19.3673 11.8387
      vertex 72.0211 -19.3237 11.7828
    endloop
  endfacet
  facet normal 0.443142 0.443142 0.779263
    outer loop
      vertex 71.9664 -19.3673 11.8387
      vertex 71.9763 -19.2789 11.7828
      vertex 71.9327 -19.3336 11.8387
    endloop
  endfacet
  facet normal 0.308633 0.308633 0.899717
    outer loop
      vertex 71.9327 -19.3336 11.8387
      vertex 71.9033 -19.4176 11.8776
      vertex 71.9664 -19.3673 11.8387
    endloop
  endfacet
  facet normal 0.308633 0.308633 0.899717
    outer loop
      vertex 71.9033 -19.4176 11.8776
      vertex 71.9327 -19.3336 11.8387
      vertex 71.8824 -19.3967 11.8776
    endloop
  endfacet
  facet normal -0.207521 -0.59094 0.779567
    outer loop
      vertex 71.3526 -20.7075 11.8387
      vertex 71.2773 -20.7548 11.7828
      vertex 71.3371 -20.7758 11.7828
    endloop
  endfacet
  facet normal -0.074047 -0.210807 0.974719
    outer loop
      vertex 71.3806 -20.5403 11.8975
      vertex 71.3427 -20.619 11.8776
      vertex 71.3706 -20.6288 11.8776
    endloop
  endfacet
  facet normal -0.0249385 0.222179 0.974687
    outer loop
      vertex 71.4 -19.3679 11.8776
      vertex 71.3706 -19.3712 11.8776
      vertex 71.4 -19.4552 11.8975
    endloop
  endfacet
  facet normal -0.321857 -0.920687 -0.220777
    outer loop
      vertex 71.3116 -20.8875 9.85522
      vertex 71.2275 -20.8581 9.85522
      vertex 71.2362 -20.8402 9.76789
    endloop
  endfacet
  facet normal -0.157957 -0.157957 0.97473
    outer loop
      vertex 71.365 -20.5279 11.8975
      vertex 71.3176 -20.6033 11.8776
      vertex 71.3721 -20.535 11.8975
    endloop
  endfacet
  facet normal -0.157957 -0.157957 0.97473
    outer loop
      vertex 71.3176 -20.6033 11.8776
      vertex 71.365 -20.5279 11.8975
      vertex 71.2967 -20.5824 11.8776
    endloop
  endfacet
  facet normal -0.479889 0.763868 0.431522
    outer loop
      vertex 71.1937 -19.1865 11.6321
      vertex 71.1937 -19.2274 11.7045
      vertex 71.2362 -19.1598 11.6321
    endloop
  endfacet
  facet normal -0.478515 0.76408 0.432672
    outer loop
      vertex 71.2531 -19.1949 11.7128
      vertex 71.1937 -19.2274 11.7045
      vertex 71.1937 -19.2321 11.7128
    endloop
  endfacet
  facet normal -0.478528 0.764131 0.432567
    outer loop
      vertex 71.1937 -19.2274 11.7045
      vertex 71.2531 -19.1949 11.7128
      vertex 71.2362 -19.1598 11.6321
    endloop
  endfacet
  facet normal -0.207521 0.59094 0.779567
    outer loop
      vertex 71.3371 -19.2242 11.7828
      vertex 71.2773 -19.2452 11.7828
      vertex 71.3526 -19.2925 11.8387
    endloop
  endfacet
  facet normal -0.259687 0.73949 0.621062
    outer loop
      vertex 71.3246 -19.1698 11.7128
      vertex 71.2773 -19.2452 11.7828
      vertex 71.3371 -19.2242 11.7828
    endloop
  endfacet
  facet normal -0.231646 0.369902 0.899729
    outer loop
      vertex 71.3077 -19.3083 11.8387
      vertex 71.2673 -19.3336 11.8387
      vertex 71.3427 -19.381 11.8776
    endloop
  endfacet
  facet normal -0.101366 0.896287 0.431735
    outer loop
      vertex 71.4 -19.1224 11.6321
      vertex 71.316 -19.1319 11.6321
      vertex 71.3246 -19.1698 11.7128
    endloop
  endfacet
  facet normal -0.298796 0.851153 0.431578
    outer loop
      vertex 71.316 -19.1319 11.6321
      vertex 71.2531 -19.1949 11.7128
      vertex 71.3246 -19.1698 11.7128
    endloop
  endfacet
  facet normal 0.622515 -0.0692783 0.779536
    outer loop
      vertex 72.0828 -20.5 11.7828
      vertex 72.0128 -20.5 11.8387
      vertex 72.0758 -20.5629 11.7828
    endloop
  endfacet
  facet normal 0.622322 -0.0695845 0.779663
    outer loop
      vertex 72.0128 -20.5 11.8387
      vertex 72.0075 -20.5474 11.8387
      vertex 72.0758 -20.5629 11.7828
    endloop
  endfacet
  facet normal 0.433707 0.0484947 0.899748
    outer loop
      vertex 72.0075 -19.4526 11.8387
      vertex 71.9321 -19.5 11.8776
      vertex 72.0128 -19.5 11.8387
    endloop
  endfacet
  facet normal 0.622515 0.0692783 0.779536
    outer loop
      vertex 72.0758 -19.4371 11.7828
      vertex 72.0128 -19.5 11.8387
      vertex 72.0828 -19.5 11.7828
    endloop
  endfacet
  facet normal 0.530654 -0.332316 0.779726
    outer loop
      vertex 71.9917 -20.5923 11.8387
      vertex 71.9664 -20.6327 11.8387
      vertex 72.0548 -20.6227 11.7828
    endloop
  endfacet
  facet normal 0.896287 -0.101366 0.431735
    outer loop
      vertex 72.1776 -20.5 11.6321
      vertex 72.1302 -20.5754 11.7128
      vertex 72.1681 -20.584 11.6321
    endloop
  endfacet
  facet normal 0.207521 -0.59094 0.779567
    outer loop
      vertex 71.9227 -20.7548 11.7828
      vertex 71.8474 -20.7075 11.8387
      vertex 71.8629 -20.7758 11.7828
    endloop
  endfacet
  facet normal -0.101366 -0.896287 0.431735
    outer loop
      vertex 71.3246 -20.8302 11.7128
      vertex 71.316 -20.8681 11.6321
      vertex 71.4 -20.8776 11.6321
    endloop
  endfacet
  facet normal 0.846796 -0.531918 0
    outer loop
      vertex 72.1108 -20.7478 11.5448
      vertex 72.1581 -20.6725 9.85522
      vertex 72.1581 -20.6725 11.5448
    endloop
  endfacet
  facet normal 0.846796 -0.531918 0
    outer loop
      vertex 72.1581 -20.6725 9.85522
      vertex 72.1108 -20.7478 11.5448
      vertex 72.1108 -20.7478 9.85522
    endloop
  endfacet
  facet normal 0.825852 -0.518762 0.221031
    outer loop
      vertex 72.1402 -20.6638 11.6321
      vertex 72.1108 -20.7478 11.5448
      vertex 72.1581 -20.6725 11.5448
    endloop
  endfacet
  facet normal 0.0249385 -0.222179 0.974687
    outer loop
      vertex 71.8 -20.5448 11.8975
      vertex 71.8 -20.6321 11.8776
      vertex 71.8294 -20.6288 11.8776
    endloop
  endfacet
  facet normal 0.0244576 0.222342 0.974662
    outer loop
      vertex 71.8294 -19.3712 11.8776
      vertex 71.8 -19.4552 11.8975
      vertex 71.81 -19.4563 11.8975
    endloop
  endfacet
  facet normal 0.0244576 -0.222342 0.974662
    outer loop
      vertex 71.81 -20.5437 11.8975
      vertex 71.8 -20.5448 11.8975
      vertex 71.8294 -20.6288 11.8776
    endloop
  endfacet
  facet normal -0.443044 0 0.8965
    outer loop
      vertex 71.1937 -19.4534 11.8393
      vertex 71.2712 -19.4706 11.8776
      vertex 71.1937 -19.4529 11.8393
    endloop
  endfacet
  facet normal -0.433812 0.0486932 0.899686
    outer loop
      vertex 71.2712 -19.4706 11.8776
      vertex 71.1937 -19.4534 11.8393
      vertex 71.2679 -19.5 11.8776
    endloop
  endfacet
  facet normal -0.530185 0.332022 0.78017
    outer loop
      vertex 71.1937 -19.3718 11.8135
      vertex 71.2083 -19.4077 11.8387
      vertex 71.2336 -19.3673 11.8387
    endloop
  endfacet
  facet normal -0.530141 0.332052 0.780187
    outer loop
      vertex 71.2083 -19.4077 11.8387
      vertex 71.1937 -19.3718 11.8135
      vertex 71.1937 -19.4007 11.8258
    endloop
  endfacet
  facet normal -0.222179 -0.0249385 0.974687
    outer loop
      vertex 71.3552 -20.5 11.8975
      vertex 71.2679 -20.5 11.8776
      vertex 71.2712 -20.5294 11.8776
    endloop
  endfacet
  facet normal -0 0.222249 0.97499
    outer loop
      vertex 71.4 -19.3679 11.8776
      vertex 71.8 -19.4552 11.8975
      vertex 71.8 -19.3679 11.8776
    endloop
  endfacet
  facet normal 0 0.222249 0.97499
    outer loop
      vertex 71.8 -19.4552 11.8975
      vertex 71.4 -19.3679 11.8776
      vertex 71.4 -19.4552 11.8975
    endloop
  endfacet
  facet normal 0.433615 0.048671 0.899783
    outer loop
      vertex 72.0075 -19.4526 11.8387
      vertex 71.9288 -19.4706 11.8776
      vertex 71.9321 -19.5 11.8776
    endloop
  endfacet
  facet normal 0.411675 0.144603 0.899785
    outer loop
      vertex 72.0075 -19.4526 11.8387
      vertex 71.919 -19.4427 11.8776
      vertex 71.9288 -19.4706 11.8776
    endloop
  endfacet
  facet normal 0.0692783 -0.622515 0.779536
    outer loop
      vertex 71.8 -20.7128 11.8387
      vertex 71.8 -20.7828 11.7828
      vertex 71.8629 -20.7758 11.7828
    endloop
  endfacet
  facet normal 0.0867 -0.779061 0.620924
    outer loop
      vertex 71.8629 -20.7758 11.7828
      vertex 71.8 -20.7828 11.7828
      vertex 71.8754 -20.8302 11.7128
    endloop
  endfacet
  facet normal 0.416541 -0.663572 0.621423
    outer loop
      vertex 72.0112 -20.7648 11.7128
      vertex 71.9227 -20.7548 11.7828
      vertex 71.947 -20.8051 11.7128
    endloop
  endfacet
  facet normal 0.33035 -0.943858 0
    outer loop
      vertex 71.8885 -20.8875 9.85522
      vertex 71.9725 -20.8581 11.5448
      vertex 71.8885 -20.8875 11.5448
    endloop
  endfacet
  facet normal 0.33035 -0.943858 0
    outer loop
      vertex 71.9725 -20.8581 11.5448
      vertex 71.8885 -20.8875 9.85522
      vertex 71.9725 -20.8581 9.85522
    endloop
  endfacet
  facet normal -0.33 -0.943981 0
    outer loop
      vertex 71.2275 -20.8581 9.85522
      vertex 71.3116 -20.8875 11.5448
      vertex 71.2275 -20.8581 11.5448
    endloop
  endfacet
  facet normal -0.33 -0.943981 -0
    outer loop
      vertex 71.3116 -20.8875 11.5448
      vertex 71.2275 -20.8581 9.85522
      vertex 71.3116 -20.8875 9.85522
    endloop
  endfacet
  facet normal -0.109605 0.969138 -0.220812
    outer loop
      vertex 71.316 -19.1319 9.76789
      vertex 71.3116 -19.1125 9.85522
      vertex 71.4 -19.1224 9.76789
    endloop
  endfacet
  facet normal -0.298796 0.851153 -0.431578
    outer loop
      vertex 71.3246 -19.1698 9.68719
      vertex 71.2531 -19.1949 9.68719
      vertex 71.316 -19.1319 9.76789
    endloop
  endfacet
  facet normal 0.087765 0.778528 -0.621444
    outer loop
      vertex 71.8754 -19.1698 9.68719
      vertex 71.8 -19.2172 9.61716
      vertex 71.8 -19.1613 9.68719
    endloop
  endfacet
  facet normal 0 0.975007 -0.222176
    outer loop
      vertex 71.8 -19.1224 9.76789
      vertex 71.4 -19.1025 9.85522
      vertex 71.8 -19.1025 9.85522
    endloop
  endfacet
  facet normal 0 0.975007 -0.222176
    outer loop
      vertex 71.4 -19.1025 9.85522
      vertex 71.8 -19.1224 9.76789
      vertex 71.4 -19.1224 9.76789
    endloop
  endfacet
  facet normal -0.25973 0.739612 -0.620898
    outer loop
      vertex 71.3371 -19.2242 9.61716
      vertex 71.2773 -19.2452 9.61716
      vertex 71.3246 -19.1698 9.68719
    endloop
  endfacet
  facet normal -0.207723 0.590302 -0.779997
    outer loop
      vertex 71.3077 -19.3083 9.56131
      vertex 71.2773 -19.2452 9.61716
      vertex 71.3526 -19.2925 9.56131
    endloop
  endfacet
  facet normal 0.0867143 0.77919 -0.620761
    outer loop
      vertex 71.8629 -19.2242 9.61716
      vertex 71.8 -19.2172 9.61716
      vertex 71.8754 -19.1698 9.68719
    endloop
  endfacet
  facet normal 0.0692406 0.622176 -0.779809
    outer loop
      vertex 71.8629 -19.2242 9.61716
      vertex 71.8 -19.2872 9.56131
      vertex 71.8 -19.2172 9.61716
    endloop
  endfacet
  facet normal -0.118415 -0.18991 -0.974634
    outer loop
      vertex 71.3806 -20.5403 9.50252
      vertex 71.3176 -20.6033 9.52245
      vertex 71.3721 -20.535 9.50252
    endloop
  endfacet
  facet normal -0.0486305 -0.433254 -0.899959
    outer loop
      vertex 71.4 -20.6321 9.52245
      vertex 71.3526 -20.7075 9.56131
      vertex 71.3706 -20.6288 9.52245
    endloop
  endfacet
  facet normal 0.22266 -0.0244926 -0.974588
    outer loop
      vertex 71.9288 -20.5294 9.52245
      vertex 71.8437 -20.51 9.50252
      vertex 71.8448 -20.5 9.50252
    endloop
  endfacet
  facet normal -0.308376 -0.308376 -0.899893
    outer loop
      vertex 71.2673 -20.6664 9.56131
      vertex 71.2967 -20.5824 9.52245
      vertex 71.3176 -20.6033 9.52245
    endloop
  endfacet
  facet normal -0.308376 -0.308376 -0.899893
    outer loop
      vertex 71.2967 -20.5824 9.52245
      vertex 71.2673 -20.6664 9.56131
      vertex 71.2336 -20.6327 9.56131
    endloop
  endfacet
  facet normal -0.222498 -0.0249742 -0.974613
    outer loop
      vertex 71.2712 -20.5294 9.52245
      vertex 71.2679 -20.5 9.52245
      vertex 71.3552 -20.5 9.50252
    endloop
  endfacet
  facet normal -0.369794 0.231305 -0.899861
    outer loop
      vertex 71.281 -19.4427 9.52245
      vertex 71.2336 -19.3673 9.56131
      vertex 71.2967 -19.4176 9.52245
    endloop
  endfacet
  facet normal 0.144482 -0.411332 -0.899962
    outer loop
      vertex 71.8474 -20.7075 9.56131
      vertex 71.8294 -20.6288 9.52245
      vertex 71.8573 -20.619 9.52245
    endloop
  endfacet
  facet normal -0.118647 0.189683 -0.97465
    outer loop
      vertex 71.3806 -19.4597 9.50252
      vertex 71.3176 -19.3967 9.52245
      vertex 71.3427 -19.381 9.52245
    endloop
  endfacet
  facet normal -0.308376 0.308376 -0.899893
    outer loop
      vertex 71.2967 -19.4176 9.52245
      vertex 71.2673 -19.3336 9.56131
      vertex 71.3176 -19.3967 9.52245
    endloop
  endfacet
  facet normal -0.308376 0.308376 -0.899893
    outer loop
      vertex 71.2673 -19.3336 9.56131
      vertex 71.2967 -19.4176 9.52245
      vertex 71.2336 -19.3673 9.56131
    endloop
  endfacet
  facet normal -0.222567 0 -0.974917
    outer loop
      vertex 71.2679 -20.5 9.52245
      vertex 71.3552 -19.5 9.50252
      vertex 71.3552 -20.5 9.50252
    endloop
  endfacet
  facet normal -0.222567 0 -0.974917
    outer loop
      vertex 71.3552 -19.5 9.50252
      vertex 71.2679 -20.5 9.52245
      vertex 71.2679 -19.5 9.52245
    endloop
  endfacet
  facet normal 0.433254 -0.0486305 -0.899959
    outer loop
      vertex 72.0075 -20.5474 9.56131
      vertex 71.9288 -20.5294 9.52245
      vertex 71.9321 -20.5 9.52245
    endloop
  endfacet
  facet normal -0.433239 0.0488601 -0.899954
    outer loop
      vertex 71.2679 -19.5 9.52245
      vertex 71.1937 -19.5 9.55817
      vertex 71.1937 -19.4534 9.5607
    endloop
  endfacet
  facet normal 0.087765 -0.778528 -0.621444
    outer loop
      vertex 71.8754 -20.8302 9.68719
      vertex 71.8 -20.8387 9.68719
      vertex 71.8 -20.7828 9.61716
    endloop
  endfacet
  facet normal -0.298796 -0.851153 -0.431578
    outer loop
      vertex 71.316 -20.8681 9.76789
      vertex 71.2531 -20.8051 9.68719
      vertex 71.3246 -20.8302 9.68719
    endloop
  endfacet
  facet normal -0.25973 -0.739612 -0.620898
    outer loop
      vertex 71.3246 -20.8302 9.68719
      vertex 71.2773 -20.7548 9.61716
      vertex 71.3371 -20.7758 9.61716
    endloop
  endfacet
  facet normal -0.144748 -0.411341 -0.899915
    outer loop
      vertex 71.3526 -20.7075 9.56131
      vertex 71.3077 -20.6917 9.56131
      vertex 71.3427 -20.619 9.52245
    endloop
  endfacet
  facet normal -0.207723 -0.590302 -0.779997
    outer loop
      vertex 71.3526 -20.7075 9.56131
      vertex 71.2773 -20.7548 9.61716
      vertex 71.3077 -20.6917 9.56131
    endloop
  endfacet
  facet normal 0.144748 -0.411341 -0.899915
    outer loop
      vertex 71.8923 -20.6917 9.56131
      vertex 71.8474 -20.7075 9.56131
      vertex 71.8573 -20.619 9.52245
    endloop
  endfacet
  facet normal 0.207723 -0.590302 -0.779997
    outer loop
      vertex 71.9227 -20.7548 9.61716
      vertex 71.8474 -20.7075 9.56131
      vertex 71.8923 -20.6917 9.56131
    endloop
  endfacet
  facet normal 0.369594 0.231453 -0.899905
    outer loop
      vertex 71.9917 -19.4077 9.56131
      vertex 71.919 -19.4427 9.52245
      vertex 71.9664 -19.3673 9.56131
    endloop
  endfacet
  facet normal 0.530365 0.332135 -0.779999
    outer loop
      vertex 71.9917 -19.4077 9.56131
      vertex 71.9664 -19.3673 9.56131
      vertex 72.0548 -19.3773 9.61716
    endloop
  endfacet
  facet normal 0.411332 0.144482 -0.899962
    outer loop
      vertex 71.9288 -19.4706 9.52245
      vertex 71.919 -19.4427 9.52245
      vertex 72.0075 -19.4526 9.56131
    endloop
  endfacet
  facet normal 0.433254 0.0486305 -0.899959
    outer loop
      vertex 71.9321 -19.5 9.52245
      vertex 71.9288 -19.4706 9.52245
      vertex 72.0075 -19.4526 9.56131
    endloop
  endfacet
  facet normal -0.231305 -0.369794 -0.899861
    outer loop
      vertex 71.3427 -20.619 9.52245
      vertex 71.2673 -20.6664 9.56131
      vertex 71.3176 -20.6033 9.52245
    endloop
  endfacet
  facet normal -0.211327 -0.0742297 -0.974593
    outer loop
      vertex 71.281 -20.5573 9.52245
      vertex 71.2712 -20.5294 9.52245
      vertex 71.3596 -20.5194 9.50252
    endloop
  endfacet
  facet normal 0.851275 -0.298422 -0.431596
    outer loop
      vertex 72.1681 -20.584 9.76789
      vertex 72.1051 -20.647 9.68719
      vertex 72.1302 -20.5754 9.68719
    endloop
  endfacet
  facet normal 0.969138 -0.109605 -0.220812
    outer loop
      vertex 72.1875 -20.5884 9.85522
      vertex 72.1681 -20.584 9.76789
      vertex 72.1776 -20.5 9.76789
    endloop
  endfacet
  facet normal 0.622176 -0.0692406 -0.779809
    outer loop
      vertex 72.0758 -20.5629 9.61716
      vertex 72.0128 -20.5 9.56131
      vertex 72.0828 -20.5 9.61716
    endloop
  endfacet
  facet normal 0.369794 -0.231305 -0.899861
    outer loop
      vertex 71.9664 -20.6327 9.56131
      vertex 71.9033 -20.5824 9.52245
      vertex 71.919 -20.5573 9.52245
    endloop
  endfacet
  facet normal 0.411332 -0.144482 -0.899962
    outer loop
      vertex 72.0075 -20.5474 9.56131
      vertex 71.919 -20.5573 9.52245
      vertex 71.9288 -20.5294 9.52245
    endloop
  endfacet
  facet normal 0.416943 -0.663149 -0.621604
    outer loop
      vertex 72.0112 -20.7648 9.68719
      vertex 71.9227 -20.7548 9.61716
      vertex 71.9763 -20.7211 9.61716
    endloop
  endfacet
  facet normal 0.211109 -0.074153 -0.974646
    outer loop
      vertex 71.919 -20.5573 9.52245
      vertex 71.8403 -20.5194 9.50252
      vertex 71.9288 -20.5294 9.52245
    endloop
  endfacet
  facet normal 0.590619 -0.207408 -0.779841
    outer loop
      vertex 72.0548 -20.6227 9.61716
      vertex 72.0075 -20.5474 9.56131
      vertex 72.0758 -20.5629 9.61716
    endloop
  endfacet
  facet normal -0.118415 0.18991 -0.974634
    outer loop
      vertex 71.3721 -19.465 9.50252
      vertex 71.3176 -19.3967 9.52245
      vertex 71.3806 -19.4597 9.50252
    endloop
  endfacet
  facet normal -0.158183 0.158183 -0.974657
    outer loop
      vertex 71.365 -19.4721 9.50252
      vertex 71.3176 -19.3967 9.52245
      vertex 71.3721 -19.465 9.50252
    endloop
  endfacet
  facet normal -0.158183 0.158183 -0.974657
    outer loop
      vertex 71.3176 -19.3967 9.52245
      vertex 71.365 -19.4721 9.50252
      vertex 71.2967 -19.4176 9.52245
    endloop
  endfacet
  facet normal -0.22266 -0.0244926 -0.974588
    outer loop
      vertex 71.3563 -20.51 9.50252
      vertex 71.2712 -20.5294 9.52245
      vertex 71.3552 -20.5 9.50252
    endloop
  endfacet
  facet normal 0.158183 -0.158183 -0.974657
    outer loop
      vertex 71.8824 -20.6033 9.52245
      vertex 71.835 -20.5279 9.50252
      vertex 71.9033 -20.5824 9.52245
    endloop
  endfacet
  facet normal 0.158183 -0.158183 -0.974657
    outer loop
      vertex 71.835 -20.5279 9.50252
      vertex 71.8824 -20.6033 9.52245
      vertex 71.8279 -20.535 9.50252
    endloop
  endfacet
  facet normal 0.896287 0.101366 -0.431735
    outer loop
      vertex 72.1776 -19.5 9.76789
      vertex 72.1302 -19.4246 9.68719
      vertex 72.1681 -19.416 9.76789
    endloop
  endfacet
  facet normal 0.851275 0.298422 -0.431596
    outer loop
      vertex 72.1302 -19.4246 9.68719
      vertex 72.1051 -19.353 9.68719
      vertex 72.1681 -19.416 9.76789
    endloop
  endfacet
  facet normal 0.781543 0 -0.623851
    outer loop
      vertex 72.1387 -20.5 9.68719
      vertex 72.0828 -19.5 9.61716
      vertex 72.1387 -19.5 9.68719
    endloop
  endfacet
  facet normal 0.781543 0 -0.623851
    outer loop
      vertex 72.0828 -19.5 9.61716
      vertex 72.1387 -20.5 9.68719
      vertex 72.0828 -20.5 9.61716
    endloop
  endfacet
  facet normal 0.297617 -0.851249 -0.432203
    outer loop
      vertex 71.9638 -20.8402 9.76789
      vertex 71.884 -20.8681 9.76789
      vertex 71.947 -20.8051 9.68719
    endloop
  endfacet
  facet normal 0.298422 -0.851275 -0.431596
    outer loop
      vertex 71.884 -20.8681 9.76789
      vertex 71.8754 -20.8302 9.68719
      vertex 71.947 -20.8051 9.68719
    endloop
  endfacet
  facet normal 0.530365 -0.332135 -0.779999
    outer loop
      vertex 72.0548 -20.6227 9.61716
      vertex 71.9664 -20.6327 9.56131
      vertex 71.9917 -20.5923 9.56131
    endloop
  endfacet
  facet normal 0.663149 -0.416943 -0.621604
    outer loop
      vertex 72.0648 -20.7112 9.68719
      vertex 72.0211 -20.6763 9.61716
      vertex 72.0548 -20.6227 9.61716
    endloop
  endfacet
  facet normal -0.413859 0.668491 -0.617933
    outer loop
      vertex 71.2773 -19.2452 9.61716
      vertex 71.1937 -19.2413 9.67737
      vertex 71.1937 -19.2358 9.68332
    endloop
  endfacet
  facet normal -0.416512 0.6637 -0.621306
    outer loop
      vertex 71.1937 -19.2413 9.67737
      vertex 71.2773 -19.2452 9.61716
      vertex 71.2236 -19.2789 9.61716
    endloop
  endfacet
  facet normal 0.144482 0.411332 -0.899962
    outer loop
      vertex 71.8573 -19.381 9.52245
      vertex 71.8294 -19.3712 9.52245
      vertex 71.8474 -19.2925 9.56131
    endloop
  endfacet
  facet normal 0.074153 0.211109 -0.974646
    outer loop
      vertex 71.8573 -19.381 9.52245
      vertex 71.8194 -19.4597 9.50252
      vertex 71.8294 -19.3712 9.52245
    endloop
  endfacet
  facet normal 0.308376 0.308376 -0.899893
    outer loop
      vertex 71.9033 -19.4176 9.52245
      vertex 71.9327 -19.3336 9.56131
      vertex 71.9664 -19.3673 9.56131
    endloop
  endfacet
  facet normal 0.308376 0.308376 -0.899893
    outer loop
      vertex 71.9327 -19.3336 9.56131
      vertex 71.9033 -19.4176 9.52245
      vertex 71.8824 -19.3967 9.52245
    endloop
  endfacet
  facet normal 0.369794 0.231305 -0.899861
    outer loop
      vertex 71.919 -19.4427 9.52245
      vertex 71.9033 -19.4176 9.52245
      vertex 71.9664 -19.3673 9.56131
    endloop
  endfacet
  facet normal 0.321867 0.920608 -0.221095
    outer loop
      vertex 71.9638 -19.1598 9.76789
      vertex 71.884 -19.1319 9.76789
      vertex 71.8885 -19.1125 9.85522
    endloop
  endfacet
  facet normal 0.297617 0.851249 -0.432203
    outer loop
      vertex 71.947 -19.1949 9.68719
      vertex 71.884 -19.1319 9.76789
      vertex 71.9638 -19.1598 9.76789
    endloop
  endfacet
  facet normal 0.663149 0.416943 -0.621604
    outer loop
      vertex 72.0548 -19.3773 9.61716
      vertex 72.0211 -19.3237 9.61716
      vertex 72.0648 -19.2888 9.68719
    endloop
  endfacet
  facet normal 0.231305 0.369794 -0.899861
    outer loop
      vertex 71.8824 -19.3967 9.52245
      vertex 71.8573 -19.381 9.52245
      vertex 71.9327 -19.3336 9.56131
    endloop
  endfacet
  facet normal 0.416943 0.663149 -0.621604
    outer loop
      vertex 71.9763 -19.2789 9.61716
      vertex 71.9227 -19.2452 9.61716
      vertex 72.0112 -19.2352 9.68719
    endloop
  endfacet
  facet normal 0.920687 0.321857 -0.220777
    outer loop
      vertex 72.1875 -19.4116 9.85522
      vertex 72.1402 -19.3362 9.76789
      vertex 72.1581 -19.3275 9.85522
    endloop
  endfacet
  facet normal 0.851249 0.297617 -0.432203
    outer loop
      vertex 72.1681 -19.416 9.76789
      vertex 72.1051 -19.353 9.68719
      vertex 72.1402 -19.3362 9.76789
    endloop
  endfacet
  facet normal 0.109506 0.969127 0.220912
    outer loop
      vertex 71.8 -19.1025 11.5448
      vertex 71.8 -19.1224 11.6321
      vertex 71.8885 -19.1125 11.5448
    endloop
  endfacet
  facet normal 0.0867 0.779061 0.620924
    outer loop
      vertex 71.8754 -19.1698 11.7128
      vertex 71.8 -19.2172 11.7828
      vertex 71.8629 -19.2242 11.7828
    endloop
  endfacet
  facet normal 0.0877505 0.778399 0.621607
    outer loop
      vertex 71.8 -19.1613 11.7128
      vertex 71.8 -19.2172 11.7828
      vertex 71.8754 -19.1698 11.7128
    endloop
  endfacet
  facet normal 0.663572 0.416541 0.621423
    outer loop
      vertex 72.0648 -19.2888 11.7128
      vertex 72.0548 -19.3773 11.7828
      vertex 72.1051 -19.353 11.7128
    endloop
  endfacet
  facet normal 0.739436 0.259216 0.621322
    outer loop
      vertex 72.1051 -19.353 11.7128
      vertex 72.0548 -19.3773 11.7828
      vertex 72.1302 -19.4246 11.7128
    endloop
  endfacet
  facet normal 0.479999 0.763732 0.431641
    outer loop
      vertex 72.0354 -19.2048 11.6321
      vertex 71.9638 -19.1598 11.6321
      vertex 72.0112 -19.2352 11.7128
    endloop
  endfacet
  facet normal 0.518762 0.825852 0.221031
    outer loop
      vertex 71.9725 -19.1419 11.5448
      vertex 71.9638 -19.1598 11.6321
      vertex 72.0478 -19.1892 11.5448
    endloop
  endfacet
  facet normal 0.0692783 0.622515 0.779536
    outer loop
      vertex 71.8 -19.2172 11.7828
      vertex 71.8 -19.2872 11.8387
      vertex 71.8629 -19.2242 11.7828
    endloop
  endfacet
  facet normal 0.530518 0.333554 0.77929
    outer loop
      vertex 72.0211 -19.3237 11.7828
      vertex 71.9664 -19.3673 11.8387
      vertex 72.0548 -19.3773 11.7828
    endloop
  endfacet
  facet normal 0.189412 0.118477 0.974724
    outer loop
      vertex 71.9033 -19.4176 11.8776
      vertex 71.8403 -19.4806 11.8975
      vertex 71.919 -19.4427 11.8776
    endloop
  endfacet
  facet normal -0.332316 -0.530654 0.779726
    outer loop
      vertex 71.3077 -20.6917 11.8387
      vertex 71.2673 -20.6664 11.8387
      vertex 71.2773 -20.7548 11.7828
    endloop
  endfacet
  facet normal -0.0484947 -0.433707 0.899748
    outer loop
      vertex 71.4 -20.6321 11.8776
      vertex 71.3526 -20.7075 11.8387
      vertex 71.4 -20.7128 11.8387
    endloop
  endfacet
  facet normal -0.222342 -0.0244576 0.974662
    outer loop
      vertex 71.3552 -20.5 11.8975
      vertex 71.2712 -20.5294 11.8776
      vertex 71.3563 -20.51 11.8975
    endloop
  endfacet
  facet normal 0.118477 0.189412 0.974724
    outer loop
      vertex 71.8573 -19.381 11.8776
      vertex 71.8194 -19.4597 11.8975
      vertex 71.8824 -19.3967 11.8776
    endloop
  endfacet
  facet normal -0.118477 0.189412 0.974724
    outer loop
      vertex 71.3427 -19.381 11.8776
      vertex 71.3176 -19.3967 11.8776
      vertex 71.3806 -19.4597 11.8975
    endloop
  endfacet
  facet normal 0.118245 0.189639 0.974708
    outer loop
      vertex 71.8824 -19.3967 11.8776
      vertex 71.8194 -19.4597 11.8975
      vertex 71.8279 -19.465 11.8975
    endloop
  endfacet
  facet normal -0.433812 -0.0486932 0.899686
    outer loop
      vertex 71.1937 -20.5466 11.8393
      vertex 71.2712 -20.5294 11.8776
      vertex 71.2679 -20.5 11.8776
    endloop
  endfacet
  facet normal -0.443044 0 0.8965
    outer loop
      vertex 71.2712 -20.5294 11.8776
      vertex 71.1937 -20.5466 11.8393
      vertex 71.1937 -20.5471 11.8393
    endloop
  endfacet
  facet normal -0.207836 -0.590623 0.779723
    outer loop
      vertex 71.3077 -20.6917 11.8387
      vertex 71.2773 -20.7548 11.7828
      vertex 71.3526 -20.7075 11.8387
    endloop
  endfacet
  facet normal -0.231646 -0.369902 0.899729
    outer loop
      vertex 71.3427 -20.619 11.8776
      vertex 71.2673 -20.6664 11.8387
      vertex 71.3077 -20.6917 11.8387
    endloop
  endfacet
  facet normal -0.0695845 0.622322 0.779663
    outer loop
      vertex 71.4 -19.2872 11.8387
      vertex 71.3371 -19.2242 11.7828
      vertex 71.3526 -19.2925 11.8387
    endloop
  endfacet
  facet normal -0.207836 0.590623 0.779723
    outer loop
      vertex 71.3526 -19.2925 11.8387
      vertex 71.2773 -19.2452 11.7828
      vertex 71.3077 -19.3083 11.8387
    endloop
  endfacet
  facet normal -0.332316 0.530654 0.779726
    outer loop
      vertex 71.2773 -19.2452 11.7828
      vertex 71.2673 -19.3336 11.8387
      vertex 71.3077 -19.3083 11.8387
    endloop
  endfacet
  facet normal 0.10103 -0.896199 0.431997
    outer loop
      vertex 71.8 -20.8387 11.7128
      vertex 71.8 -20.8776 11.6321
      vertex 71.8754 -20.8302 11.7128
    endloop
  endfacet
  facet normal 0.920672 -0.321852 0.220849
    outer loop
      vertex 72.1875 -20.5884 11.5448
      vertex 72.1402 -20.6638 11.6321
      vertex 72.1581 -20.6725 11.5448
    endloop
  endfacet
  facet normal 0.73949 0.259687 0.621062
    outer loop
      vertex 72.1302 -19.4246 11.7128
      vertex 72.0548 -19.3773 11.7828
      vertex 72.0758 -19.4371 11.7828
    endloop
  endfacet
  facet normal 0.622322 0.0695845 0.779663
    outer loop
      vertex 72.0758 -19.4371 11.7828
      vertex 72.0075 -19.4526 11.8387
      vertex 72.0128 -19.5 11.8387
    endloop
  endfacet
  facet normal 0.416874 -0.66304 0.621767
    outer loop
      vertex 71.9763 -20.7211 11.7828
      vertex 71.9227 -20.7548 11.7828
      vertex 72.0112 -20.7648 11.7128
    endloop
  endfacet
  facet normal 0.157957 -0.157957 0.97473
    outer loop
      vertex 71.835 -20.5279 11.8975
      vertex 71.8824 -20.6033 11.8776
      vertex 71.9033 -20.5824 11.8776
    endloop
  endfacet
  facet normal 0.157957 -0.157957 0.97473
    outer loop
      vertex 71.8824 -20.6033 11.8776
      vertex 71.835 -20.5279 11.8975
      vertex 71.8279 -20.535 11.8975
    endloop
  endfacet
  facet normal 0.624014 0 0.781413
    outer loop
      vertex 72.0128 -19.5 11.8387
      vertex 72.0828 -20.5 11.7828
      vertex 72.0828 -19.5 11.7828
    endloop
  endfacet
  facet normal 0.624014 0 0.781413
    outer loop
      vertex 72.0828 -20.5 11.7828
      vertex 72.0128 -19.5 11.8387
      vertex 72.0128 -20.5 11.8387
    endloop
  endfacet
  facet normal 0.411675 -0.144603 0.899785
    outer loop
      vertex 71.9288 -20.5294 11.8776
      vertex 71.919 -20.5573 11.8776
      vertex 72.0075 -20.5474 11.8387
    endloop
  endfacet
  facet normal -0.0867 -0.779061 0.620924
    outer loop
      vertex 71.3371 -20.7758 11.7828
      vertex 71.3246 -20.8302 11.7128
      vertex 71.4 -20.7828 11.7828
    endloop
  endfacet
  facet normal -0.109603 -0.969122 0.220885
    outer loop
      vertex 71.316 -20.8681 11.6321
      vertex 71.3116 -20.8875 11.5448
      vertex 71.4 -20.8776 11.6321
    endloop
  endfacet
  facet normal 0.369902 -0.231646 0.899729
    outer loop
      vertex 71.9917 -20.5923 11.8387
      vertex 71.919 -20.5573 11.8776
      vertex 71.9664 -20.6327 11.8387
    endloop
  endfacet
  facet normal 0.637867 -0.637867 0.431568
    outer loop
      vertex 72.0354 -20.7952 11.6321
      vertex 72.0648 -20.7112 11.7128
      vertex 72.0112 -20.7648 11.7128
    endloop
  endfacet
  facet normal 0.637867 -0.637867 0.431568
    outer loop
      vertex 72.0648 -20.7112 11.7128
      vertex 72.0354 -20.7952 11.6321
      vertex 72.0952 -20.7354 11.6321
    endloop
  endfacet
  facet normal 0.433615 -0.048671 0.899783
    outer loop
      vertex 71.9321 -20.5 11.8776
      vertex 71.9288 -20.5294 11.8776
      vertex 72.0075 -20.5474 11.8387
    endloop
  endfacet
  facet normal 0.074047 0.210807 0.974719
    outer loop
      vertex 71.8294 -19.3712 11.8776
      vertex 71.8194 -19.4597 11.8975
      vertex 71.8573 -19.381 11.8776
    endloop
  endfacet
  facet normal -0.0484947 0.433707 0.899748
    outer loop
      vertex 71.4 -19.2872 11.8387
      vertex 71.3526 -19.2925 11.8387
      vertex 71.4 -19.3679 11.8776
    endloop
  endfacet
  facet normal -0.048671 0.433615 0.899783
    outer loop
      vertex 71.4 -19.3679 11.8776
      vertex 71.3526 -19.2925 11.8387
      vertex 71.3706 -19.3712 11.8776
    endloop
  endfacet
  facet normal 0.048671 0.433615 0.899783
    outer loop
      vertex 71.8474 -19.2925 11.8387
      vertex 71.8 -19.3679 11.8776
      vertex 71.8294 -19.3712 11.8776
    endloop
  endfacet
  facet normal 0.144603 0.411675 0.899785
    outer loop
      vertex 71.8474 -19.2925 11.8387
      vertex 71.8294 -19.3712 11.8776
      vertex 71.8573 -19.381 11.8776
    endloop
  endfacet
  facet normal -0.231498 0.370102 0.899685
    outer loop
      vertex 71.3427 -19.381 11.8776
      vertex 71.2673 -19.3336 11.8387
      vertex 71.3176 -19.3967 11.8776
    endloop
  endfacet
  facet normal -0.308633 0.308633 0.899717
    outer loop
      vertex 71.2673 -19.3336 11.8387
      vertex 71.2967 -19.4176 11.8776
      vertex 71.3176 -19.3967 11.8776
    endloop
  endfacet
  facet normal -0.308633 0.308633 0.899717
    outer loop
      vertex 71.2967 -19.4176 11.8776
      vertex 71.2673 -19.3336 11.8387
      vertex 71.2336 -19.3673 11.8387
    endloop
  endfacet
  facet normal 0.0761547 -0.210545 0.974613
    outer loop
      vertex 71.8194 -20.5403 11.8975
      vertex 71.81 -20.5437 11.8975
      vertex 71.8294 -20.6288 11.8776
    endloop
  endfacet
  facet normal -0.0761547 0.210545 0.974613
    outer loop
      vertex 71.39 -19.4563 11.8975
      vertex 71.3706 -19.3712 11.8776
      vertex 71.3806 -19.4597 11.8975
    endloop
  endfacet
  facet normal -0.189588 0.118587 0.974676
    outer loop
      vertex 71.2967 -19.4176 11.8776
      vertex 71.281 -19.4427 11.8776
      vertex 71.3596 -19.4806 11.8975
    endloop
  endfacet
  facet normal -0.370102 0.231498 0.899685
    outer loop
      vertex 71.2967 -19.4176 11.8776
      vertex 71.2336 -19.3673 11.8387
      vertex 71.281 -19.4427 11.8776
    endloop
  endfacet
  facet normal 0.59094 0.207521 0.779567
    outer loop
      vertex 72.0548 -19.3773 11.7828
      vertex 72.0075 -19.4526 11.8387
      vertex 72.0758 -19.4371 11.7828
    endloop
  endfacet
  facet normal 0.590623 0.207836 0.779723
    outer loop
      vertex 72.0548 -19.3773 11.7828
      vertex 71.9917 -19.4077 11.8387
      vertex 72.0075 -19.4526 11.8387
    endloop
  endfacet
  facet normal -0.188466 -0.119731 0.974754
    outer loop
      vertex 71.3596 -20.5194 11.8975
      vertex 71.2967 -20.5824 11.8776
      vertex 71.365 -20.5279 11.8975
    endloop
  endfacet
  facet normal 0.518762 -0.825852 0.221031
    outer loop
      vertex 72.0478 -20.8108 11.5448
      vertex 71.9638 -20.8402 11.6321
      vertex 71.9725 -20.8581 11.5448
    endloop
  endfacet
  facet normal 0.144869 -0.411684 0.899739
    outer loop
      vertex 71.8573 -20.619 11.8776
      vertex 71.8474 -20.7075 11.8387
      vertex 71.8923 -20.6917 11.8387
    endloop
  endfacet
  facet normal -0.29757 0.851113 -0.432503
    outer loop
      vertex 71.2531 -19.1949 9.68719
      vertex 71.2362 -19.1598 9.76789
      vertex 71.316 -19.1319 9.76789
    endloop
  endfacet
  facet normal -0.259636 0.739601 -0.62095
    outer loop
      vertex 71.2773 -19.2452 9.61716
      vertex 71.2531 -19.1949 9.68719
      vertex 71.3246 -19.1698 9.68719
    endloop
  endfacet
  facet normal 0.333372 0.53023 -0.779563
    outer loop
      vertex 71.9327 -19.3336 9.56131
      vertex 71.9227 -19.2452 9.61716
      vertex 71.9763 -19.2789 9.61716
    endloop
  endfacet
  facet normal 0.41661 0.663681 -0.621259
    outer loop
      vertex 72.0112 -19.2352 9.68719
      vertex 71.9227 -19.2452 9.61716
      vertex 71.947 -19.1949 9.68719
    endloop
  endfacet
  facet normal 0 0.781543 -0.623851
    outer loop
      vertex 71.8 -19.2172 9.61716
      vertex 71.4 -19.1613 9.68719
      vertex 71.8 -19.1613 9.68719
    endloop
  endfacet
  facet normal 0 0.781543 -0.623851
    outer loop
      vertex 71.4 -19.1613 9.68719
      vertex 71.8 -19.2172 9.61716
      vertex 71.4 -19.2172 9.61716
    endloop
  endfacet
  facet normal -0.589388 -0.207351 -0.780786
    outer loop
      vertex 71.2083 -20.5923 9.56131
      vertex 71.1937 -20.5993 9.57419
      vertex 71.1937 -20.5508 9.56131
    endloop
  endfacet
  facet normal -0.411355 -0.144718 -0.899913
    outer loop
      vertex 71.1937 -20.5508 9.56131
      vertex 71.281 -20.5573 9.52245
      vertex 71.2083 -20.5923 9.56131
    endloop
  endfacet
  facet normal -0.411347 -0.141876 -0.900369
    outer loop
      vertex 71.281 -20.5573 9.52245
      vertex 71.1937 -20.5508 9.56131
      vertex 71.1937 -20.5475 9.56079
    endloop
  endfacet
  facet normal 0 -0.433856 -0.900982
    outer loop
      vertex 71.4 -20.7128 9.56131
      vertex 71.8 -20.6321 9.52245
      vertex 71.8 -20.7128 9.56131
    endloop
  endfacet
  facet normal -0 -0.433856 -0.900982
    outer loop
      vertex 71.8 -20.6321 9.52245
      vertex 71.4 -20.7128 9.56131
      vertex 71.4 -20.6321 9.52245
    endloop
  endfacet
  facet normal 0 -0.222567 -0.974917
    outer loop
      vertex 71.4 -20.6321 9.52245
      vertex 71.8 -20.5448 9.50252
      vertex 71.8 -20.6321 9.52245
    endloop
  endfacet
  facet normal -0 -0.222567 -0.974917
    outer loop
      vertex 71.8 -20.5448 9.50252
      vertex 71.4 -20.6321 9.52245
      vertex 71.4 -20.5448 9.50252
    endloop
  endfacet
  facet normal -0.22266 0.0244926 -0.974588
    outer loop
      vertex 71.3552 -19.5 9.50252
      vertex 71.2712 -19.4706 9.52245
      vertex 71.3563 -19.49 9.50252
    endloop
  endfacet
  facet normal -0.369794 -0.231305 -0.899861
    outer loop
      vertex 71.2967 -20.5824 9.52245
      vertex 71.2336 -20.6327 9.56131
      vertex 71.281 -20.5573 9.52245
    endloop
  endfacet
  facet normal -0.188736 0.119903 -0.97468
    outer loop
      vertex 71.3596 -19.4806 9.50252
      vertex 71.2967 -19.4176 9.52245
      vertex 71.365 -19.4721 9.50252
    endloop
  endfacet
  facet normal -0.189859 0.118757 -0.974603
    outer loop
      vertex 71.3596 -19.4806 9.50252
      vertex 71.281 -19.4427 9.52245
      vertex 71.2967 -19.4176 9.52245
    endloop
  endfacet
  facet normal 0.18991 -0.118415 -0.974634
    outer loop
      vertex 71.9033 -20.5824 9.52245
      vertex 71.835 -20.5279 9.50252
      vertex 71.8403 -20.5194 9.50252
    endloop
  endfacet
  facet normal -0.188736 -0.119903 -0.97468
    outer loop
      vertex 71.365 -20.5279 9.50252
      vertex 71.2967 -20.5824 9.52245
      vertex 71.3596 -20.5194 9.50252
    endloop
  endfacet
  facet normal 0.210847 -0.0762637 -0.97454
    outer loop
      vertex 71.9288 -20.5294 9.52245
      vertex 71.8403 -20.5194 9.50252
      vertex 71.8437 -20.51 9.50252
    endloop
  endfacet
  facet normal -0.211332 -0.0741911 -0.974594
    outer loop
      vertex 71.3596 -20.5194 9.50252
      vertex 71.2712 -20.5294 9.52245
      vertex 71.3563 -20.51 9.50252
    endloop
  endfacet
  facet normal -0.10103 -0.896199 -0.431997
    outer loop
      vertex 71.4 -20.8776 9.76789
      vertex 71.3246 -20.8302 9.68719
      vertex 71.4 -20.8387 9.68719
    endloop
  endfacet
  facet normal 0 -0.623673 -0.781685
    outer loop
      vertex 71.4 -20.7828 9.61716
      vertex 71.8 -20.7128 9.56131
      vertex 71.8 -20.7828 9.61716
    endloop
  endfacet
  facet normal -0 -0.623673 -0.781685
    outer loop
      vertex 71.8 -20.7128 9.56131
      vertex 71.4 -20.7828 9.61716
      vertex 71.4 -20.7128 9.56131
    endloop
  endfacet
  facet normal -0.101366 -0.896287 -0.431735
    outer loop
      vertex 71.4 -20.8776 9.76789
      vertex 71.316 -20.8681 9.76789
      vertex 71.3246 -20.8302 9.68719
    endloop
  endfacet
  facet normal -0.109605 -0.969138 -0.220812
    outer loop
      vertex 71.4 -20.8776 9.76789
      vertex 71.3116 -20.8875 9.85522
      vertex 71.316 -20.8681 9.76789
    endloop
  endfacet
  facet normal -0.47873 -0.764424 -0.431826
    outer loop
      vertex 71.2531 -20.8051 9.68719
      vertex 71.1937 -20.7726 9.69551
      vertex 71.1937 -20.7679 9.68719
    endloop
  endfacet
  facet normal -0.478637 -0.764066 -0.432561
    outer loop
      vertex 71.1937 -20.7726 9.69551
      vertex 71.2531 -20.8051 9.68719
      vertex 71.2362 -20.8402 9.76789
    endloop
  endfacet
  facet normal -0.412383 -0.658482 -0.629557
    outer loop
      vertex 71.1937 -20.7642 9.68332
      vertex 71.2531 -20.8051 9.68719
      vertex 71.1937 -20.7679 9.68719
    endloop
  endfacet
  facet normal -0.416715 -0.663955 -0.620897
    outer loop
      vertex 71.2531 -20.8051 9.68719
      vertex 71.1937 -20.7642 9.68332
      vertex 71.2773 -20.7548 9.61716
    endloop
  endfacet
  facet normal -0.118647 -0.189683 -0.97465
    outer loop
      vertex 71.3427 -20.619 9.52245
      vertex 71.3176 -20.6033 9.52245
      vertex 71.3806 -20.5403 9.50252
    endloop
  endfacet
  facet normal -0.144482 -0.411332 -0.899962
    outer loop
      vertex 71.3526 -20.7075 9.56131
      vertex 71.3427 -20.619 9.52245
      vertex 71.3706 -20.6288 9.52245
    endloop
  endfacet
  facet normal -0.189859 -0.118757 -0.974603
    outer loop
      vertex 71.2967 -20.5824 9.52245
      vertex 71.281 -20.5573 9.52245
      vertex 71.3596 -20.5194 9.50252
    endloop
  endfacet
  facet normal 0.851249 -0.297617 -0.432203
    outer loop
      vertex 72.1402 -20.6638 9.76789
      vertex 72.1051 -20.647 9.68719
      vertex 72.1681 -20.584 9.76789
    endloop
  endfacet
  facet normal 0.763833 -0.479478 -0.432042
    outer loop
      vertex 72.1402 -20.6638 9.76789
      vertex 72.0648 -20.7112 9.68719
      vertex 72.1051 -20.647 9.68719
    endloop
  endfacet
  facet normal 0.433856 0 -0.900982
    outer loop
      vertex 71.9321 -20.5 9.52245
      vertex 72.0128 -19.5 9.56131
      vertex 72.0128 -20.5 9.56131
    endloop
  endfacet
  facet normal 0.433856 0 -0.900982
    outer loop
      vertex 72.0128 -19.5 9.56131
      vertex 71.9321 -20.5 9.52245
      vertex 71.9321 -19.5 9.52245
    endloop
  endfacet
  facet normal 0.442901 -0.442901 -0.779537
    outer loop
      vertex 71.9763 -20.7211 9.61716
      vertex 71.9664 -20.6327 9.56131
      vertex 72.0211 -20.6763 9.61716
    endloop
  endfacet
  facet normal 0.442901 -0.442901 -0.779537
    outer loop
      vertex 71.9664 -20.6327 9.56131
      vertex 71.9763 -20.7211 9.61716
      vertex 71.9327 -20.6664 9.56131
    endloop
  endfacet
  facet normal 0.763732 0.479999 -0.431641
    outer loop
      vertex 72.1402 -19.3362 9.76789
      vertex 72.0648 -19.2888 9.68719
      vertex 72.0952 -19.2646 9.76789
    endloop
  endfacet
  facet normal 0.825697 0.518944 -0.221182
    outer loop
      vertex 72.1402 -19.3362 9.76789
      vertex 72.0952 -19.2646 9.76789
      vertex 72.1108 -19.2522 9.85522
    endloop
  endfacet
  facet normal -0.332135 0.530365 -0.779999
    outer loop
      vertex 71.3077 -19.3083 9.56131
      vertex 71.2673 -19.3336 9.56131
      vertex 71.2773 -19.2452 9.61716
    endloop
  endfacet
  facet normal -0.53008 0.332986 -0.779831
    outer loop
      vertex 71.2336 -19.3673 9.56131
      vertex 71.1937 -19.3718 9.58651
      vertex 71.1937 -19.3355 9.60201
    endloop
  endfacet
  facet normal -0.589388 0.207351 -0.780786
    outer loop
      vertex 71.2083 -19.4077 9.56131
      vertex 71.1937 -19.4492 9.56131
      vertex 71.1937 -19.4007 9.57419
    endloop
  endfacet
  facet normal 0.0244926 0.22266 -0.974588
    outer loop
      vertex 71.81 -19.4563 9.50252
      vertex 71.8 -19.4552 9.50252
      vertex 71.8294 -19.3712 9.52245
    endloop
  endfacet
  facet normal 0.0762637 0.210847 -0.97454
    outer loop
      vertex 71.8194 -19.4597 9.50252
      vertex 71.81 -19.4563 9.50252
      vertex 71.8294 -19.3712 9.52245
    endloop
  endfacet
  facet normal 0.189683 0.118647 -0.97465
    outer loop
      vertex 71.919 -19.4427 9.52245
      vertex 71.8403 -19.4806 9.50252
      vertex 71.9033 -19.4176 9.52245
    endloop
  endfacet
  facet normal 0.518771 0.825866 -0.220958
    outer loop
      vertex 72.0478 -19.1892 9.85522
      vertex 71.9638 -19.1598 9.76789
      vertex 71.9725 -19.1419 9.85522
    endloop
  endfacet
  facet normal 0.322198 0.920566 -0.220786
    outer loop
      vertex 71.9638 -19.1598 9.76789
      vertex 71.8885 -19.1125 9.85522
      vertex 71.9725 -19.1419 9.85522
    endloop
  endfacet
  facet normal 0.298422 0.851275 -0.431596
    outer loop
      vertex 71.947 -19.1949 9.68719
      vertex 71.8754 -19.1698 9.68719
      vertex 71.884 -19.1319 9.76789
    endloop
  endfacet
  facet normal 0.479478 0.763833 -0.432042
    outer loop
      vertex 72.0112 -19.2352 9.68719
      vertex 71.947 -19.1949 9.68719
      vertex 71.9638 -19.1598 9.76789
    endloop
  endfacet
  facet normal 0.101366 0.896287 -0.431735
    outer loop
      vertex 71.8754 -19.1698 9.68719
      vertex 71.8 -19.1224 9.76789
      vertex 71.884 -19.1319 9.76789
    endloop
  endfacet
  facet normal 0.109602 0.969111 -0.220932
    outer loop
      vertex 71.884 -19.1319 9.76789
      vertex 71.8 -19.1224 9.76789
      vertex 71.8885 -19.1125 9.85522
    endloop
  endfacet
  facet normal 0.10103 0.896199 0.431997
    outer loop
      vertex 71.8 -19.1224 11.6321
      vertex 71.8 -19.1613 11.7128
      vertex 71.8754 -19.1698 11.7128
    endloop
  endfacet
  facet normal 0 0.781413 0.624014
    outer loop
      vertex 71.8 -19.1613 11.7128
      vertex 71.4 -19.2172 11.7828
      vertex 71.8 -19.2172 11.7828
    endloop
  endfacet
  facet normal 0 0.781413 0.624014
    outer loop
      vertex 71.4 -19.2172 11.7828
      vertex 71.8 -19.1613 11.7128
      vertex 71.4 -19.1613 11.7128
    endloop
  endfacet
  facet normal 0.55378 0.55378 0.621816
    outer loop
      vertex 72.0112 -19.2352 11.7128
      vertex 72.0211 -19.3237 11.7828
      vertex 72.0648 -19.2888 11.7128
    endloop
  endfacet
  facet normal 0.55378 0.55378 0.621816
    outer loop
      vertex 72.0211 -19.3237 11.7828
      vertex 72.0112 -19.2352 11.7128
      vertex 71.9763 -19.2789 11.7828
    endloop
  endfacet
  facet normal 0.479478 0.763833 0.432042
    outer loop
      vertex 71.9638 -19.1598 11.6321
      vertex 71.947 -19.1949 11.7128
      vertex 72.0112 -19.2352 11.7128
    endloop
  endfacet
  facet normal 0.297617 0.851249 0.432203
    outer loop
      vertex 71.9638 -19.1598 11.6321
      vertex 71.884 -19.1319 11.6321
      vertex 71.947 -19.1949 11.7128
    endloop
  endfacet
  facet normal 0.321861 0.920592 0.221167
    outer loop
      vertex 71.8885 -19.1125 11.5448
      vertex 71.884 -19.1319 11.6321
      vertex 71.9638 -19.1598 11.6321
    endloop
  endfacet
  facet normal 0.207521 0.59094 0.779567
    outer loop
      vertex 71.8629 -19.2242 11.7828
      vertex 71.8474 -19.2925 11.8387
      vertex 71.9227 -19.2452 11.7828
    endloop
  endfacet
  facet normal 0.231646 0.369902 0.899729
    outer loop
      vertex 71.8923 -19.3083 11.8387
      vertex 71.8573 -19.381 11.8776
      vertex 71.9327 -19.3336 11.8387
    endloop
  endfacet
  facet normal 0.370102 0.231498 0.899685
    outer loop
      vertex 71.9664 -19.3673 11.8387
      vertex 71.9033 -19.4176 11.8776
      vertex 71.919 -19.4427 11.8776
    endloop
  endfacet
  facet normal 0.369902 0.231646 0.899729
    outer loop
      vertex 71.9664 -19.3673 11.8387
      vertex 71.919 -19.4427 11.8776
      vertex 71.9917 -19.4077 11.8387
    endloop
  endfacet
  facet normal 0.0877505 -0.778399 0.621607
    outer loop
      vertex 71.8 -20.7828 11.7828
      vertex 71.8 -20.8387 11.7128
      vertex 71.8754 -20.8302 11.7128
    endloop
  endfacet
  facet normal -0.0695845 -0.622322 0.779663
    outer loop
      vertex 71.3526 -20.7075 11.8387
      vertex 71.3371 -20.7758 11.7828
      vertex 71.4 -20.7128 11.8387
    endloop
  endfacet
  facet normal 0 -0.624014 0.781413
    outer loop
      vertex 71.4 -20.7128 11.8387
      vertex 71.8 -20.7828 11.7828
      vertex 71.8 -20.7128 11.8387
    endloop
  endfacet
  facet normal 0 -0.624014 0.781413
    outer loop
      vertex 71.8 -20.7828 11.7828
      vertex 71.4 -20.7128 11.8387
      vertex 71.4 -20.7828 11.7828
    endloop
  endfacet
  facet normal -0.370102 -0.231498 0.899685
    outer loop
      vertex 71.281 -20.5573 11.8776
      vertex 71.2336 -20.6327 11.8387
      vertex 71.2967 -20.5824 11.8776
    endloop
  endfacet
  facet normal -0.157957 0.157957 0.97473
    outer loop
      vertex 71.3176 -19.3967 11.8776
      vertex 71.365 -19.4721 11.8975
      vertex 71.3721 -19.465 11.8975
    endloop
  endfacet
  facet normal -0.157957 0.157957 0.97473
    outer loop
      vertex 71.365 -19.4721 11.8975
      vertex 71.3176 -19.3967 11.8776
      vertex 71.2967 -19.4176 11.8776
    endloop
  endfacet
  facet normal 0.074047 -0.210807 0.974719
    outer loop
      vertex 71.8573 -20.619 11.8776
      vertex 71.8194 -20.5403 11.8975
      vertex 71.8294 -20.6288 11.8776
    endloop
  endfacet
  facet normal -0.144869 -0.411684 0.899739
    outer loop
      vertex 71.3427 -20.619 11.8776
      vertex 71.3077 -20.6917 11.8387
      vertex 71.3526 -20.7075 11.8387
    endloop
  endfacet
  facet normal -0.144603 -0.411675 0.899785
    outer loop
      vertex 71.3706 -20.6288 11.8776
      vertex 71.3427 -20.619 11.8776
      vertex 71.3526 -20.7075 11.8387
    endloop
  endfacet
  facet normal -0.048671 -0.433615 0.899783
    outer loop
      vertex 71.3706 -20.6288 11.8776
      vertex 71.3526 -20.7075 11.8387
      vertex 71.4 -20.6321 11.8776
    endloop
  endfacet
  facet normal -0.308633 -0.308633 0.899717
    outer loop
      vertex 71.2967 -20.5824 11.8776
      vertex 71.2673 -20.6664 11.8387
      vertex 71.3176 -20.6033 11.8776
    endloop
  endfacet
  facet normal -0.308633 -0.308633 0.899717
    outer loop
      vertex 71.2673 -20.6664 11.8387
      vertex 71.2967 -20.5824 11.8776
      vertex 71.2336 -20.6327 11.8387
    endloop
  endfacet
  facet normal -0.554084 -0.554084 0.621274
    outer loop
      vertex 71.1937 -20.6912 11.7828
      vertex 71.1937 -20.7587 11.7226
      vertex 71.2236 -20.7211 11.7828
    endloop
  endfacet
  facet normal -0.589946 -0.207547 0.780313
    outer loop
      vertex 71.1937 -20.5508 11.8387
      vertex 71.1937 -20.5993 11.8258
      vertex 71.2083 -20.5923 11.8387
    endloop
  endfacet
  facet normal 0.530518 -0.333554 0.77929
    outer loop
      vertex 72.0548 -20.6227 11.7828
      vertex 71.9664 -20.6327 11.8387
      vertex 72.0211 -20.6763 11.7828
    endloop
  endfacet
  facet normal 0.920667 -0.321888 0.220816
    outer loop
      vertex 72.1681 -20.584 11.6321
      vertex 72.1402 -20.6638 11.6321
      vertex 72.1875 -20.5884 11.5448
    endloop
  endfacet
  facet normal 0.763732 -0.479999 0.431641
    outer loop
      vertex 72.1402 -20.6638 11.6321
      vertex 72.0648 -20.7112 11.7128
      vertex 72.0952 -20.7354 11.6321
    endloop
  endfacet
  facet normal 0.851275 -0.298422 0.431596
    outer loop
      vertex 72.1302 -20.5754 11.7128
      vertex 72.1051 -20.647 11.7128
      vertex 72.1681 -20.584 11.6321
    endloop
  endfacet
  facet normal 0.943981 -0.33 0
    outer loop
      vertex 72.1581 -20.6725 11.5448
      vertex 72.1875 -20.5884 9.85522
      vertex 72.1875 -20.5884 11.5448
    endloop
  endfacet
  facet normal 0.943981 -0.33 0
    outer loop
      vertex 72.1875 -20.5884 9.85522
      vertex 72.1581 -20.6725 11.5448
      vertex 72.1581 -20.6725 9.85522
    endloop
  endfacet
  facet normal 0.443142 -0.443142 0.779263
    outer loop
      vertex 71.9664 -20.6327 11.8387
      vertex 71.9763 -20.7211 11.7828
      vertex 72.0211 -20.6763 11.7828
    endloop
  endfacet
  facet normal 0.443142 -0.443142 0.779263
    outer loop
      vertex 71.9763 -20.7211 11.7828
      vertex 71.9664 -20.6327 11.8387
      vertex 71.9327 -20.6664 11.8387
    endloop
  endfacet
  facet normal 0.370102 -0.231498 0.899685
    outer loop
      vertex 71.919 -20.5573 11.8776
      vertex 71.9033 -20.5824 11.8776
      vertex 71.9664 -20.6327 11.8387
    endloop
  endfacet
  facet normal 0 -0.222249 0.97499
    outer loop
      vertex 71.4 -20.5448 11.8975
      vertex 71.8 -20.6321 11.8776
      vertex 71.8 -20.5448 11.8975
    endloop
  endfacet
  facet normal 0 -0.222249 0.97499
    outer loop
      vertex 71.8 -20.6321 11.8776
      vertex 71.4 -20.5448 11.8975
      vertex 71.4 -20.6321 11.8776
    endloop
  endfacet
  facet normal 0.433707 -0.0484947 0.899748
    outer loop
      vertex 72.0128 -20.5 11.8387
      vertex 71.9321 -20.5 11.8776
      vertex 72.0075 -20.5474 11.8387
    endloop
  endfacet
  facet normal 0.59094 -0.207521 0.779567
    outer loop
      vertex 72.0758 -20.5629 11.7828
      vertex 72.0075 -20.5474 11.8387
      vertex 72.0548 -20.6227 11.7828
    endloop
  endfacet
  facet normal 0.210545 -0.0761547 0.974613
    outer loop
      vertex 71.8437 -20.51 11.8975
      vertex 71.8403 -20.5194 11.8975
      vertex 71.9288 -20.5294 11.8776
    endloop
  endfacet
  facet normal 0.210807 -0.074047 0.974719
    outer loop
      vertex 71.9288 -20.5294 11.8776
      vertex 71.8403 -20.5194 11.8975
      vertex 71.919 -20.5573 11.8776
    endloop
  endfacet
  facet normal 0.259687 -0.73949 0.621062
    outer loop
      vertex 71.9227 -20.7548 11.7828
      vertex 71.8629 -20.7758 11.7828
      vertex 71.8754 -20.8302 11.7128
    endloop
  endfacet
  facet normal 0.322193 -0.920551 0.220858
    outer loop
      vertex 71.9638 -20.8402 11.6321
      vertex 71.8885 -20.8875 11.5448
      vertex 71.9725 -20.8581 11.5448
    endloop
  endfacet
  facet normal 0.531918 -0.846796 0
    outer loop
      vertex 71.9725 -20.8581 9.85522
      vertex 72.0478 -20.8108 11.5448
      vertex 71.9725 -20.8581 11.5448
    endloop
  endfacet
  facet normal 0.531918 -0.846796 0
    outer loop
      vertex 72.0478 -20.8108 11.5448
      vertex 71.9725 -20.8581 9.85522
      vertex 72.0478 -20.8108 9.85522
    endloop
  endfacet
  facet normal 0.825683 -0.518935 0.221254
    outer loop
      vertex 72.1402 -20.6638 11.6321
      vertex 72.0952 -20.7354 11.6321
      vertex 72.1108 -20.7478 11.5448
    endloop
  endfacet
  facet normal -0.118245 0.189639 0.974708
    outer loop
      vertex 71.3806 -19.4597 11.8975
      vertex 71.3176 -19.3967 11.8776
      vertex 71.3721 -19.465 11.8975
    endloop
  endfacet
  facet normal -0.211025 0.0741235 0.974666
    outer loop
      vertex 71.281 -19.4427 11.8776
      vertex 71.2712 -19.4706 11.8776
      vertex 71.3596 -19.4806 11.8975
    endloop
  endfacet
  facet normal -0.411961 0.144703 0.899638
    outer loop
      vertex 71.1937 -19.4525 11.8392
      vertex 71.2712 -19.4706 11.8776
      vertex 71.281 -19.4427 11.8776
    endloop
  endfacet
  facet normal -0.390397 0.22329 0.893159
    outer loop
      vertex 71.2712 -19.4706 11.8776
      vertex 71.1937 -19.4525 11.8392
      vertex 71.1937 -19.4529 11.8393
    endloop
  endfacet
  facet normal 0.231646 -0.369902 0.899729
    outer loop
      vertex 71.9327 -20.6664 11.8387
      vertex 71.8573 -20.619 11.8776
      vertex 71.8923 -20.6917 11.8387
    endloop
  endfacet
  facet normal 0.308633 -0.308633 0.899717
    outer loop
      vertex 71.9033 -20.5824 11.8776
      vertex 71.9327 -20.6664 11.8387
      vertex 71.9664 -20.6327 11.8387
    endloop
  endfacet
  facet normal 0.308633 -0.308633 0.899717
    outer loop
      vertex 71.9327 -20.6664 11.8387
      vertex 71.9033 -20.5824 11.8776
      vertex 71.8824 -20.6033 11.8776
    endloop
  endfacet
  facet normal -0.101366 0.896287 -0.431735
    outer loop
      vertex 71.3246 -19.1698 9.68719
      vertex 71.316 -19.1319 9.76789
      vertex 71.4 -19.1224 9.76789
    endloop
  endfacet
  facet normal -0.10103 0.896199 -0.431997
    outer loop
      vertex 71.4 -19.1613 9.68719
      vertex 71.3246 -19.1698 9.68719
      vertex 71.4 -19.1224 9.76789
    endloop
  endfacet
  facet normal 0.231453 0.369594 -0.899905
    outer loop
      vertex 71.9327 -19.3336 9.56131
      vertex 71.8573 -19.381 9.52245
      vertex 71.8923 -19.3083 9.56131
    endloop
  endfacet
  facet normal 0.144748 0.411341 -0.899915
    outer loop
      vertex 71.8573 -19.381 9.52245
      vertex 71.8474 -19.2925 9.56131
      vertex 71.8923 -19.3083 9.56131
    endloop
  endfacet
  facet normal -0.41144 -0.14452 -0.899906
    outer loop
      vertex 71.1937 -20.5475 9.56079
      vertex 71.2712 -20.5294 9.52245
      vertex 71.281 -20.5573 9.52245
    endloop
  endfacet
  facet normal -0.413838 -0.135042 -0.900279
    outer loop
      vertex 71.2712 -20.5294 9.52245
      vertex 71.1937 -20.5475 9.56079
      vertex 71.1937 -20.5471 9.56073
    endloop
  endfacet
  facet normal -0.432269 -0.0540075 -0.900126
    outer loop
      vertex 71.1937 -20.5466 9.5607
      vertex 71.2712 -20.5294 9.52245
      vertex 71.1937 -20.5471 9.56073
    endloop
  endfacet
  facet normal -0.433354 -0.0486418 -0.89991
    outer loop
      vertex 71.2712 -20.5294 9.52245
      vertex 71.1937 -20.5466 9.5607
      vertex 71.2679 -20.5 9.52245
    endloop
  endfacet
  facet normal -0.442627 -0.442627 -0.779848
    outer loop
      vertex 71.1937 -20.6912 9.61716
      vertex 71.2673 -20.6664 9.56131
      vertex 71.2236 -20.7211 9.61716
    endloop
  endfacet
  facet normal -0.442687 -0.442515 -0.779877
    outer loop
      vertex 71.1937 -20.6645 9.60201
      vertex 71.2673 -20.6664 9.56131
      vertex 71.1937 -20.6912 9.61716
    endloop
  endfacet
  facet normal -0.442656 -0.442656 -0.779815
    outer loop
      vertex 71.2673 -20.6664 9.56131
      vertex 71.1937 -20.6645 9.60201
      vertex 71.2336 -20.6327 9.56131
    endloop
  endfacet
  facet normal -0.53008 -0.332986 -0.779831
    outer loop
      vertex 71.2336 -20.6327 9.56131
      vertex 71.1937 -20.6645 9.60201
      vertex 71.1937 -20.6282 9.58651
    endloop
  endfacet
  facet normal 0.0486305 -0.433254 -0.899959
    outer loop
      vertex 71.8474 -20.7075 9.56131
      vertex 71.8 -20.6321 9.52245
      vertex 71.8294 -20.6288 9.52245
    endloop
  endfacet
  facet normal 0.0249742 -0.222498 -0.974613
    outer loop
      vertex 71.8294 -20.6288 9.52245
      vertex 71.8 -20.6321 9.52245
      vertex 71.8 -20.5448 9.50252
    endloop
  endfacet
  facet normal -0.087765 -0.778528 -0.621444
    outer loop
      vertex 71.4 -20.8387 9.68719
      vertex 71.3246 -20.8302 9.68719
      vertex 71.4 -20.7828 9.61716
    endloop
  endfacet
  facet normal -0.0867143 -0.77919 -0.620761
    outer loop
      vertex 71.4 -20.7828 9.61716
      vertex 71.3246 -20.8302 9.68719
      vertex 71.3371 -20.7758 9.61716
    endloop
  endfacet
  facet normal -0.074153 -0.211109 -0.974646
    outer loop
      vertex 71.3706 -20.6288 9.52245
      vertex 71.3427 -20.619 9.52245
      vertex 71.3806 -20.5403 9.50252
    endloop
  endfacet
  facet normal 0.739558 -0.259259 -0.621159
    outer loop
      vertex 72.1051 -20.647 9.68719
      vertex 72.0548 -20.6227 9.61716
      vertex 72.1302 -20.5754 9.68719
    endloop
  endfacet
  facet normal 0.739612 -0.25973 -0.620898
    outer loop
      vertex 72.1302 -20.5754 9.68719
      vertex 72.0548 -20.6227 9.61716
      vertex 72.0758 -20.5629 9.61716
    endloop
  endfacet
  facet normal 0.433346 -0.0484543 -0.899924
    outer loop
      vertex 72.0075 -20.5474 9.56131
      vertex 71.9321 -20.5 9.52245
      vertex 72.0128 -20.5 9.56131
    endloop
  endfacet
  facet normal 0.621983 -0.0695466 -0.779936
    outer loop
      vertex 72.0758 -20.5629 9.61716
      vertex 72.0075 -20.5474 9.56131
      vertex 72.0128 -20.5 9.56131
    endloop
  endfacet
  facet normal 0.222567 0 -0.974917
    outer loop
      vertex 71.8448 -20.5 9.50252
      vertex 71.9321 -19.5 9.52245
      vertex 71.9321 -20.5 9.52245
    endloop
  endfacet
  facet normal 0.222567 0 -0.974917
    outer loop
      vertex 71.9321 -19.5 9.52245
      vertex 71.8448 -20.5 9.50252
      vertex 71.8448 -19.5 9.50252
    endloop
  endfacet
  facet normal 0 0 -1
    outer loop
      vertex 71.8 -20.5448 9.50252
      vertex 71.8448 -20.5 9.50252
      vertex 71.8437 -20.51 9.50252
    endloop
  endfacet
  facet normal 0 0 -1
    outer loop
      vertex 71.8448 -20.5 9.50252
      vertex 71.3552 -20.5 9.50252
      vertex 71.8448 -19.5 9.50252
    endloop
  endfacet
  facet normal 0 0 -1
    outer loop
      vertex 71.8 -20.5448 9.50252
      vertex 71.8437 -20.51 9.50252
      vertex 71.8403 -20.5194 9.50252
    endloop
  endfacet
  facet normal 0 0 -1
    outer loop
      vertex 71.3552 -19.5 9.50252
      vertex 71.8448 -19.5 9.50252
      vertex 71.3552 -20.5 9.50252
    endloop
  endfacet
  facet normal 0 0 -1
    outer loop
      vertex 71.8 -20.5448 9.50252
      vertex 71.8403 -20.5194 9.50252
      vertex 71.835 -20.5279 9.50252
    endloop
  endfacet
  facet normal 0 -0 -1
    outer loop
      vertex 71.8 -19.4552 9.50252
      vertex 71.8448 -19.5 9.50252
      vertex 71.3552 -19.5 9.50252
    endloop
  endfacet
  facet normal 0 0 -1
    outer loop
      vertex 71.8 -20.5448 9.50252
      vertex 71.835 -20.5279 9.50252
      vertex 71.8279 -20.535 9.50252
    endloop
  endfacet
  facet normal -0 0 -1
    outer loop
      vertex 71.8448 -20.5 9.50252
      vertex 71.8 -20.5448 9.50252
      vertex 71.3552 -20.5 9.50252
    endloop
  endfacet
  facet normal 0 0 -1
    outer loop
      vertex 71.8 -20.5448 9.50252
      vertex 71.8279 -20.535 9.50252
      vertex 71.8194 -20.5403 9.50252
    endloop
  endfacet
  facet normal 0 0 -1
    outer loop
      vertex 71.8448 -19.5 9.50252
      vertex 71.8 -19.4552 9.50252
      vertex 71.8437 -19.49 9.50252
    endloop
  endfacet
  facet normal 0 0 -1
    outer loop
      vertex 71.8 -20.5448 9.50252
      vertex 71.8194 -20.5403 9.50252
      vertex 71.81 -20.5437 9.50252
    endloop
  endfacet
  facet normal 0 0 -1
    outer loop
      vertex 71.835 -19.4721 9.50252
      vertex 71.8 -19.4552 9.50252
      vertex 71.8279 -19.465 9.50252
    endloop
  endfacet
  facet normal 0 0 -1
    outer loop
      vertex 71.8279 -19.465 9.50252
      vertex 71.8 -19.4552 9.50252
      vertex 71.8194 -19.4597 9.50252
    endloop
  endfacet
  facet normal 0 0 -1
    outer loop
      vertex 71.8194 -19.4597 9.50252
      vertex 71.8 -19.4552 9.50252
      vertex 71.81 -19.4563 9.50252
    endloop
  endfacet
  facet normal 0 0 -1
    outer loop
      vertex 71.3552 -20.5 9.50252
      vertex 71.8 -20.5448 9.50252
      vertex 71.4 -20.5448 9.50252
    endloop
  endfacet
  facet normal 0 0 -1
    outer loop
      vertex 71.8437 -19.49 9.50252
      vertex 71.8 -19.4552 9.50252
      vertex 71.8403 -19.4806 9.50252
    endloop
  endfacet
  facet normal 0 0 -1
    outer loop
      vertex 71.3552 -20.5 9.50252
      vertex 71.4 -20.5448 9.50252
      vertex 71.39 -20.5437 9.50252
    endloop
  endfacet
  facet normal 0 0 -1
    outer loop
      vertex 71.8403 -19.4806 9.50252
      vertex 71.8 -19.4552 9.50252
      vertex 71.835 -19.4721 9.50252
    endloop
  endfacet
  facet normal 0 0 -1
    outer loop
      vertex 71.3552 -20.5 9.50252
      vertex 71.39 -20.5437 9.50252
      vertex 71.3806 -20.5403 9.50252
    endloop
  endfacet
  facet normal -0 0 -1
    outer loop
      vertex 71.8 -19.4552 9.50252
      vertex 71.3552 -19.5 9.50252
      vertex 71.4 -19.4552 9.50252
    endloop
  endfacet
  facet normal 0 0 -1
    outer loop
      vertex 71.3552 -20.5 9.50252
      vertex 71.3806 -20.5403 9.50252
      vertex 71.3721 -20.535 9.50252
    endloop
  endfacet
  facet normal 0 0 -1
    outer loop
      vertex 71.4 -19.4552 9.50252
      vertex 71.3552 -19.5 9.50252
      vertex 71.39 -19.4563 9.50252
    endloop
  endfacet
  facet normal 0 0 -1
    outer loop
      vertex 71.3552 -20.5 9.50252
      vertex 71.3721 -20.535 9.50252
      vertex 71.365 -20.5279 9.50252
    endloop
  endfacet
  facet normal 0 0 -1
    outer loop
      vertex 71.39 -19.4563 9.50252
      vertex 71.3552 -19.5 9.50252
      vertex 71.3806 -19.4597 9.50252
    endloop
  endfacet
  facet normal 0 0 -1
    outer loop
      vertex 71.3552 -20.5 9.50252
      vertex 71.365 -20.5279 9.50252
      vertex 71.3596 -20.5194 9.50252
    endloop
  endfacet
  facet normal 0 0 -1
    outer loop
      vertex 71.3806 -19.4597 9.50252
      vertex 71.3552 -19.5 9.50252
      vertex 71.3721 -19.465 9.50252
    endloop
  endfacet
  facet normal 0 0 -1
    outer loop
      vertex 71.3552 -20.5 9.50252
      vertex 71.3596 -20.5194 9.50252
      vertex 71.3563 -20.51 9.50252
    endloop
  endfacet
  facet normal 0 0 -1
    outer loop
      vertex 71.3721 -19.465 9.50252
      vertex 71.3552 -19.5 9.50252
      vertex 71.365 -19.4721 9.50252
    endloop
  endfacet
  facet normal 0 0 -1
    outer loop
      vertex 71.365 -19.4721 9.50252
      vertex 71.3552 -19.5 9.50252
      vertex 71.3596 -19.4806 9.50252
    endloop
  endfacet
  facet normal 0 0 -1
    outer loop
      vertex 71.3596 -19.4806 9.50252
      vertex 71.3552 -19.5 9.50252
      vertex 71.3563 -19.49 9.50252
    endloop
  endfacet
  facet normal 0.118415 -0.18991 -0.974634
    outer loop
      vertex 71.8824 -20.6033 9.52245
      vertex 71.8194 -20.5403 9.50252
      vertex 71.8279 -20.535 9.50252
    endloop
  endfacet
  facet normal -0.442656 0.442656 -0.779815
    outer loop
      vertex 71.1937 -19.3355 9.60201
      vertex 71.2673 -19.3336 9.56131
      vertex 71.2336 -19.3673 9.56131
    endloop
  endfacet
  facet normal -0.442687 0.442515 -0.779877
    outer loop
      vertex 71.1937 -19.3088 9.61716
      vertex 71.2673 -19.3336 9.56131
      vertex 71.1937 -19.3355 9.60201
    endloop
  endfacet
  facet normal -0.442627 0.442627 -0.779848
    outer loop
      vertex 71.2673 -19.3336 9.56131
      vertex 71.1937 -19.3088 9.61716
      vertex 71.2236 -19.2789 9.61716
    endloop
  endfacet
  facet normal -0.55412 0.55412 -0.621211
    outer loop
      vertex 71.2236 -19.2789 9.61716
      vertex 71.1937 -19.3088 9.61716
      vertex 71.1937 -19.2413 9.67737
    endloop
  endfacet
  facet normal -0.52909 0.332766 -0.780596
    outer loop
      vertex 71.1937 -19.3718 9.58651
      vertex 71.2083 -19.4077 9.56131
      vertex 71.1937 -19.4007 9.57419
    endloop
  endfacet
  facet normal -0.530185 0.332022 -0.78017
    outer loop
      vertex 71.2083 -19.4077 9.56131
      vertex 71.1937 -19.3718 9.58651
      vertex 71.2336 -19.3673 9.56131
    endloop
  endfacet
  facet normal -0.369594 0.231453 -0.899905
    outer loop
      vertex 71.281 -19.4427 9.52245
      vertex 71.2083 -19.4077 9.56131
      vertex 71.2336 -19.3673 9.56131
    endloop
  endfacet
  facet normal 0.332135 0.530365 -0.779999
    outer loop
      vertex 71.9327 -19.3336 9.56131
      vertex 71.8923 -19.3083 9.56131
      vertex 71.9227 -19.2452 9.61716
    endloop
  endfacet
  facet normal 0.207723 0.590302 -0.779997
    outer loop
      vertex 71.8923 -19.3083 9.56131
      vertex 71.8474 -19.2925 9.56131
      vertex 71.9227 -19.2452 9.61716
    endloop
  endfacet
  facet normal 0.416874 0.66304 0.621767
    outer loop
      vertex 72.0112 -19.2352 11.7128
      vertex 71.9227 -19.2452 11.7828
      vertex 71.9763 -19.2789 11.7828
    endloop
  endfacet
  facet normal 0.144869 0.411684 0.899739
    outer loop
      vertex 71.8923 -19.3083 11.8387
      vertex 71.8474 -19.2925 11.8387
      vertex 71.8573 -19.381 11.8776
    endloop
  endfacet
  facet normal 0.298422 0.851275 0.431596
    outer loop
      vertex 71.884 -19.1319 11.6321
      vertex 71.8754 -19.1698 11.7128
      vertex 71.947 -19.1949 11.7128
    endloop
  endfacet
  facet normal 0.333554 0.530518 0.77929
    outer loop
      vertex 71.9763 -19.2789 11.7828
      vertex 71.9227 -19.2452 11.7828
      vertex 71.9327 -19.3336 11.8387
    endloop
  endfacet
  facet normal -0.259593 -0.739479 0.621114
    outer loop
      vertex 71.2773 -20.7548 11.7828
      vertex 71.2531 -20.8051 11.7128
      vertex 71.3246 -20.8302 11.7128
    endloop
  endfacet
  facet normal -0.298796 -0.851153 0.431578
    outer loop
      vertex 71.3246 -20.8302 11.7128
      vertex 71.2531 -20.8051 11.7128
      vertex 71.316 -20.8681 11.6321
    endloop
  endfacet
  facet normal 0.0695845 -0.622322 0.779663
    outer loop
      vertex 71.8474 -20.7075 11.8387
      vertex 71.8 -20.7128 11.8387
      vertex 71.8629 -20.7758 11.7828
    endloop
  endfacet
  facet normal 0.0484947 -0.433707 0.899748
    outer loop
      vertex 71.8 -20.6321 11.8776
      vertex 71.8 -20.7128 11.8387
      vertex 71.8474 -20.7075 11.8387
    endloop
  endfacet
  facet normal -0.189588 -0.118587 0.974676
    outer loop
      vertex 71.3596 -20.5194 11.8975
      vertex 71.281 -20.5573 11.8776
      vertex 71.2967 -20.5824 11.8776
    endloop
  endfacet
  facet normal -0.211025 -0.0741235 0.974666
    outer loop
      vertex 71.3596 -20.5194 11.8975
      vertex 71.2712 -20.5294 11.8776
      vertex 71.281 -20.5573 11.8776
    endloop
  endfacet
  facet normal 0.118477 -0.189412 0.974724
    outer loop
      vertex 71.8824 -20.6033 11.8776
      vertex 71.8194 -20.5403 11.8975
      vertex 71.8573 -20.619 11.8776
    endloop
  endfacet
  facet normal -0.442656 -0.442656 0.779815
    outer loop
      vertex 71.1937 -20.6645 11.798
      vertex 71.2673 -20.6664 11.8387
      vertex 71.2336 -20.6327 11.8387
    endloop
  endfacet
  facet normal -0.442431 -0.443681 0.77936
    outer loop
      vertex 71.1937 -20.6912 11.7828
      vertex 71.2673 -20.6664 11.8387
      vertex 71.1937 -20.6645 11.798
    endloop
  endfacet
  facet normal -0.442868 -0.442868 0.779574
    outer loop
      vertex 71.2673 -20.6664 11.8387
      vertex 71.1937 -20.6912 11.7828
      vertex 71.2236 -20.7211 11.7828
    endloop
  endfacet
  facet normal 0.118245 -0.189639 0.974708
    outer loop
      vertex 71.8279 -20.535 11.8975
      vertex 71.8194 -20.5403 11.8975
      vertex 71.8824 -20.6033 11.8776
    endloop
  endfacet
  facet normal -0.118477 -0.189412 0.974724
    outer loop
      vertex 71.3806 -20.5403 11.8975
      vertex 71.3176 -20.6033 11.8776
      vertex 71.3427 -20.619 11.8776
    endloop
  endfacet
  facet normal -0.0244576 -0.222342 0.974662
    outer loop
      vertex 71.39 -20.5437 11.8975
      vertex 71.3706 -20.6288 11.8776
      vertex 71.4 -20.5448 11.8975
    endloop
  endfacet
  facet normal -0.0761547 -0.210545 0.974613
    outer loop
      vertex 71.3806 -20.5403 11.8975
      vertex 71.3706 -20.6288 11.8776
      vertex 71.39 -20.5437 11.8975
    endloop
  endfacet
  facet normal -0.416485 -0.663657 0.621369
    outer loop
      vertex 71.1937 -20.7587 11.7226
      vertex 71.2773 -20.7548 11.7828
      vertex 71.2236 -20.7211 11.7828
    endloop
  endfacet
  facet normal -0.415572 -0.665314 0.620208
    outer loop
      vertex 71.2773 -20.7548 11.7828
      vertex 71.1937 -20.7587 11.7226
      vertex 71.1937 -20.7642 11.7167
    endloop
  endfacet
  facet normal -0.369902 -0.231646 0.899729
    outer loop
      vertex 71.281 -20.5573 11.8776
      vertex 71.2083 -20.5923 11.8387
      vertex 71.2336 -20.6327 11.8387
    endloop
  endfacet
  facet normal 0.896199 -0.10103 0.431997
    outer loop
      vertex 72.1387 -20.5 11.7128
      vertex 72.1302 -20.5754 11.7128
      vertex 72.1776 -20.5 11.6321
    endloop
  endfacet
  facet normal 0.778399 -0.0877505 0.621607
    outer loop
      vertex 72.1387 -20.5 11.7128
      vertex 72.0828 -20.5 11.7828
      vertex 72.1302 -20.5754 11.7128
    endloop
  endfacet
  facet normal 0.73949 -0.259687 0.621062
    outer loop
      vertex 72.0758 -20.5629 11.7828
      vertex 72.0548 -20.6227 11.7828
      vertex 72.1302 -20.5754 11.7128
    endloop
  endfacet
  facet normal 0.779061 -0.0867 0.620924
    outer loop
      vertex 72.0828 -20.5 11.7828
      vertex 72.0758 -20.5629 11.7828
      vertex 72.1302 -20.5754 11.7128
    endloop
  endfacet
  facet normal 0.590623 -0.207836 0.779723
    outer loop
      vertex 72.0075 -20.5474 11.8387
      vertex 71.9917 -20.5923 11.8387
      vertex 72.0548 -20.6227 11.7828
    endloop
  endfacet
  facet normal 0.411684 -0.144869 0.899739
    outer loop
      vertex 72.0075 -20.5474 11.8387
      vertex 71.919 -20.5573 11.8776
      vertex 71.9917 -20.5923 11.8387
    endloop
  endfacet
  facet normal 0.66304 -0.416874 0.621767
    outer loop
      vertex 72.0548 -20.6227 11.7828
      vertex 72.0211 -20.6763 11.7828
      vertex 72.0648 -20.7112 11.7128
    endloop
  endfacet
  facet normal 0.55378 -0.55378 0.621816
    outer loop
      vertex 72.0211 -20.6763 11.7828
      vertex 72.0112 -20.7648 11.7128
      vertex 72.0648 -20.7112 11.7128
    endloop
  endfacet
  facet normal 0.55378 -0.55378 0.621816
    outer loop
      vertex 72.0112 -20.7648 11.7128
      vertex 72.0211 -20.6763 11.7828
      vertex 71.9763 -20.7211 11.7828
    endloop
  endfacet
  facet normal -0.0877505 -0.778399 0.621607
    outer loop
      vertex 71.4 -20.7828 11.7828
      vertex 71.3246 -20.8302 11.7128
      vertex 71.4 -20.8387 11.7128
    endloop
  endfacet
  facet normal 0 -0.781413 0.624014
    outer loop
      vertex 71.4 -20.8387 11.7128
      vertex 71.8 -20.7828 11.7828
      vertex 71.4 -20.7828 11.7828
    endloop
  endfacet
  facet normal 0 -0.781413 0.624014
    outer loop
      vertex 71.8 -20.7828 11.7828
      vertex 71.4 -20.8387 11.7128
      vertex 71.8 -20.8387 11.7128
    endloop
  endfacet
  facet normal 0.157957 0.157957 0.97473
    outer loop
      vertex 71.8824 -19.3967 11.8776
      vertex 71.835 -19.4721 11.8975
      vertex 71.9033 -19.4176 11.8776
    endloop
  endfacet
  facet normal 0.157957 0.157957 0.97473
    outer loop
      vertex 71.835 -19.4721 11.8975
      vertex 71.8824 -19.3967 11.8776
      vertex 71.8279 -19.465 11.8975
    endloop
  endfacet
  facet normal 0.0761547 0.210545 0.974613
    outer loop
      vertex 71.8294 -19.3712 11.8776
      vertex 71.81 -19.4563 11.8975
      vertex 71.8194 -19.4597 11.8975
    endloop
  endfacet
  facet normal -0.21103 0.074085 0.974668
    outer loop
      vertex 71.3596 -19.4806 11.8975
      vertex 71.2712 -19.4706 11.8776
      vertex 71.3563 -19.49 11.8975
    endloop
  endfacet
  facet normal -0.222342 0.0244576 0.974662
    outer loop
      vertex 71.3563 -19.49 11.8975
      vertex 71.2712 -19.4706 11.8776
      vertex 71.3552 -19.5 11.8975
    endloop
  endfacet
  facet normal -0.0692406 0.622176 -0.779809
    outer loop
      vertex 71.4 -19.2872 9.56131
      vertex 71.3371 -19.2242 9.61716
      vertex 71.4 -19.2172 9.61716
    endloop
  endfacet
  facet normal -0.0695466 0.621983 -0.779936
    outer loop
      vertex 71.3526 -19.2925 9.56131
      vertex 71.3371 -19.2242 9.61716
      vertex 71.4 -19.2872 9.56131
    endloop
  endfacet
  facet normal -0.369594 -0.231453 -0.899905
    outer loop
      vertex 71.2336 -20.6327 9.56131
      vertex 71.2083 -20.5923 9.56131
      vertex 71.281 -20.5573 9.52245
    endloop
  endfacet
  facet normal -0.530185 -0.332022 -0.78017
    outer loop
      vertex 71.1937 -20.6282 9.58651
      vertex 71.2083 -20.5923 9.56131
      vertex 71.2336 -20.6327 9.56131
    endloop
  endfacet
  facet normal -0.52909 -0.332766 -0.780596
    outer loop
      vertex 71.2083 -20.5923 9.56131
      vertex 71.1937 -20.6282 9.58651
      vertex 71.1937 -20.5993 9.57419
    endloop
  endfacet
  facet normal 0.308376 -0.308376 -0.899893
    outer loop
      vertex 71.9327 -20.6664 9.56131
      vertex 71.9033 -20.5824 9.52245
      vertex 71.9664 -20.6327 9.56131
    endloop
  endfacet
  facet normal 0.308376 -0.308376 -0.899893
    outer loop
      vertex 71.9033 -20.5824 9.52245
      vertex 71.9327 -20.6664 9.56131
      vertex 71.8824 -20.6033 9.52245
    endloop
  endfacet
  facet normal 0.416541 0.663572 0.621423
    outer loop
      vertex 71.947 -19.1949 11.7128
      vertex 71.9227 -19.2452 11.7828
      vertex 72.0112 -19.2352 11.7128
    endloop
  endfacet
  facet normal 0.332316 0.530654 0.779726
    outer loop
      vertex 71.9227 -19.2452 11.7828
      vertex 71.8923 -19.3083 11.8387
      vertex 71.9327 -19.3336 11.8387
    endloop
  endfacet
  facet normal 0.259216 0.739436 0.621322
    outer loop
      vertex 71.947 -19.1949 11.7128
      vertex 71.8754 -19.1698 11.7128
      vertex 71.9227 -19.2452 11.7828
    endloop
  endfacet
  facet normal 0.259687 0.73949 0.621062
    outer loop
      vertex 71.8754 -19.1698 11.7128
      vertex 71.8629 -19.2242 11.7828
      vertex 71.9227 -19.2452 11.7828
    endloop
  endfacet
  facet normal -0.0692783 -0.622515 0.779536
    outer loop
      vertex 71.4 -20.7128 11.8387
      vertex 71.3371 -20.7758 11.7828
      vertex 71.4 -20.7828 11.7828
    endloop
  endfacet
  facet normal 0.231498 -0.370102 0.899685
    outer loop
      vertex 71.8824 -20.6033 11.8776
      vertex 71.8573 -20.619 11.8776
      vertex 71.9327 -20.6664 11.8387
    endloop
  endfacet
  facet normal 0.144603 -0.411675 0.899785
    outer loop
      vertex 71.8573 -20.619 11.8776
      vertex 71.8294 -20.6288 11.8776
      vertex 71.8474 -20.7075 11.8387
    endloop
  endfacet
  facet normal -0.332972 -0.530582 0.779495
    outer loop
      vertex 71.2673 -20.6664 11.8387
      vertex 71.2236 -20.7211 11.7828
      vertex 71.2773 -20.7548 11.7828
    endloop
  endfacet
  facet normal -0.411664 -0.136523 0.901052
    outer loop
      vertex 71.1937 -20.5508 11.8387
      vertex 71.281 -20.5573 11.8776
      vertex 71.1937 -20.5475 11.8392
    endloop
  endfacet
  facet normal -0.411698 -0.144838 0.899737
    outer loop
      vertex 71.281 -20.5573 11.8776
      vertex 71.1937 -20.5508 11.8387
      vertex 71.2083 -20.5923 11.8387
    endloop
  endfacet
  facet normal -0.390397 -0.22329 0.893159
    outer loop
      vertex 71.1937 -20.5475 11.8392
      vertex 71.2712 -20.5294 11.8776
      vertex 71.1937 -20.5471 11.8393
    endloop
  endfacet
  facet normal -0.411961 -0.144703 0.899638
    outer loop
      vertex 71.2712 -20.5294 11.8776
      vertex 71.1937 -20.5475 11.8392
      vertex 71.281 -20.5573 11.8776
    endloop
  endfacet
  facet normal -0.530141 -0.332052 0.780187
    outer loop
      vertex 71.1937 -20.6282 11.8135
      vertex 71.2083 -20.5923 11.8387
      vertex 71.1937 -20.5993 11.8258
    endloop
  endfacet
  facet normal -0.530185 -0.332022 0.78017
    outer loop
      vertex 71.2083 -20.5923 11.8387
      vertex 71.1937 -20.6282 11.8135
      vertex 71.2336 -20.6327 11.8387
    endloop
  endfacet
  facet normal -0.53008 -0.332986 0.779831
    outer loop
      vertex 71.1937 -20.6282 11.8135
      vertex 71.1937 -20.6645 11.798
      vertex 71.2336 -20.6327 11.8387
    endloop
  endfacet
  facet normal 0.763833 -0.479478 0.432042
    outer loop
      vertex 72.1051 -20.647 11.7128
      vertex 72.0648 -20.7112 11.7128
      vertex 72.1402 -20.6638 11.6321
    endloop
  endfacet
  facet normal 0.851249 -0.297617 0.432203
    outer loop
      vertex 72.1681 -20.584 11.6321
      vertex 72.1051 -20.647 11.7128
      vertex 72.1402 -20.6638 11.6321
    endloop
  endfacet
  facet normal 0.479999 -0.763732 0.431641
    outer loop
      vertex 72.0112 -20.7648 11.7128
      vertex 71.9638 -20.8402 11.6321
      vertex 72.0354 -20.7952 11.6321
    endloop
  endfacet
  facet normal 0.101366 -0.896287 0.431735
    outer loop
      vertex 71.8754 -20.8302 11.7128
      vertex 71.8 -20.8776 11.6321
      vertex 71.884 -20.8681 11.6321
    endloop
  endfacet
  facet normal 0.369594 -0.231453 -0.899905
    outer loop
      vertex 71.9664 -20.6327 9.56131
      vertex 71.919 -20.5573 9.52245
      vertex 71.9917 -20.5923 9.56131
    endloop
  endfacet
  facet normal 0.411341 -0.144748 -0.899915
    outer loop
      vertex 71.9917 -20.5923 9.56131
      vertex 71.919 -20.5573 9.52245
      vertex 72.0075 -20.5474 9.56131
    endloop
  endfacet
  facet normal -0.10103 -0.896199 0.431997
    outer loop
      vertex 71.4 -20.8387 11.7128
      vertex 71.3246 -20.8302 11.7128
      vertex 71.4 -20.8776 11.6321
    endloop
  endfacet
  facet normal 0.739436 -0.259216 0.621322
    outer loop
      vertex 72.1302 -20.5754 11.7128
      vertex 72.0548 -20.6227 11.7828
      vertex 72.1051 -20.647 11.7128
    endloop
  endfacet
  facet normal 0.663572 -0.416541 0.621423
    outer loop
      vertex 72.1051 -20.647 11.7128
      vertex 72.0548 -20.6227 11.7828
      vertex 72.0648 -20.7112 11.7128
    endloop
  endfacet
  facet normal 0.297617 -0.851249 0.432203
    outer loop
      vertex 71.947 -20.8051 11.7128
      vertex 71.884 -20.8681 11.6321
      vertex 71.9638 -20.8402 11.6321
    endloop
  endfacet
  facet normal 0.479478 -0.763833 0.432042
    outer loop
      vertex 72.0112 -20.7648 11.7128
      vertex 71.947 -20.8051 11.7128
      vertex 71.9638 -20.8402 11.6321
    endloop
  endfacet
  facet normal 0 -0.900808 0.434218
    outer loop
      vertex 71.4 -20.8776 11.6321
      vertex 71.8 -20.8387 11.7128
      vertex 71.4 -20.8387 11.7128
    endloop
  endfacet
  facet normal 0 -0.900808 0.434218
    outer loop
      vertex 71.8 -20.8387 11.7128
      vertex 71.4 -20.8776 11.6321
      vertex 71.8 -20.8776 11.6321
    endloop
  endfacet
  facet normal 0.207836 -0.590623 0.779723
    outer loop
      vertex 71.8923 -20.6917 11.8387
      vertex 71.8474 -20.7075 11.8387
      vertex 71.9227 -20.7548 11.7828
    endloop
  endfacet
  facet normal 0.332316 -0.530654 0.779726
    outer loop
      vertex 71.9327 -20.6664 11.8387
      vertex 71.8923 -20.6917 11.8387
      vertex 71.9227 -20.7548 11.7828
    endloop
  endfacet
  facet normal 0.259216 -0.739436 0.621322
    outer loop
      vertex 71.9227 -20.7548 11.7828
      vertex 71.8754 -20.8302 11.7128
      vertex 71.947 -20.8051 11.7128
    endloop
  endfacet
  facet normal 0.298422 -0.851275 0.431596
    outer loop
      vertex 71.947 -20.8051 11.7128
      vertex 71.8754 -20.8302 11.7128
      vertex 71.884 -20.8681 11.6321
    endloop
  endfacet
  facet normal 0.825698 -0.518861 0.221375
    outer loop
      vertex 61.2307 29.9628 10.0945
      vertex 61.0616 29.6937 10.0945
      vertex 61.1366 29.6937 9.81476
    endloop
  endfacet
  facet normal -0.825864 -0.518687 -0.221159
    outer loop
      vertex 49.8634 29.6937 7.78523
      vertex 49.6885 29.9239 7.89846
      vertex 49.7693 29.9628 7.5055
    endloop
  endfacet
  facet normal -0.82586 -0.518763 -0.220998
    outer loop
      vertex 49.6885 29.9239 7.89846
      vertex 49.8634 29.6937 7.78523
      vertex 49.8331 29.6937 7.89846
    endloop
  endfacet
  facet normal 0.100975 0.896353 -0.431689
    outer loop
      vertex 60.0391 33.3859 7.14234
      vertex 59.7 33.4241 7.14234
      vertex 59.7 33.599 7.5055
    endloop
  endfacet
  facet normal -0.763803 0.479956 -0.431565
    outer loop
      vertex 50.1084 32.8503 7.14234
      vertex 49.7693 32.6372 7.5055
      vertex 49.9717 32.9593 7.5055
    endloop
  endfacet
  facet normal 0.896376 0.100993 0.431638
    outer loop
      vertex 61.3564 32.2781 10.0945
      vertex 61.1859 32.2391 10.4577
      vertex 61.399 31.9 10.0945
    endloop
  endfacet
  facet normal 0.920514 0.322095 0.221154
    outer loop
      vertex 61.3115 32.6761 9.70153
      vertex 61.2307 32.6372 10.0945
      vertex 61.4438 32.298 9.70153
    endloop
  endfacet
  facet normal 0.851523 0.297848 0.431502
    outer loop
      vertex 61.2307 32.6372 10.0945
      vertex 61.0732 32.5613 10.4577
      vertex 61.1859 32.2391 10.4577
    endloop
  endfacet
  facet normal -0.10919 0.969126 0.221072
    outer loop
      vertex 51.3 33.599 10.0945
      vertex 50.902 33.6438 9.70153
      vertex 50.9219 33.5564 10.0945
    endloop
  endfacet
  facet normal -0.0703401 0.62197 0.779875
    outer loop
      vertex 51.3 33.1728 10.7728
      vertex 51.0869 32.8336 11.0241
      vertex 51.3 32.8577 11.0241
    endloop
  endfacet
  facet normal 0.0877356 0.778826 -0.621074
    outer loop
      vertex 60.0391 33.3859 7.14234
      vertex 59.7 33.1728 6.82721
      vertex 59.7 33.4241 7.14234
    endloop
  endfacet
  facet normal 0.974923 0 -0.222543
    outer loop
      vertex 61.4887 30.7 7.89846
      vertex 61.399 31.9 7.5055
      vertex 61.4887 31.9 7.89846
    endloop
  endfacet
  facet normal 0.974923 0 -0.222543
    outer loop
      vertex 61.399 31.9 7.5055
      vertex 61.4887 30.7 7.89846
      vertex 61.399 30.7 7.5055
    endloop
  endfacet
  facet normal 0 -0.433868 0.900977
    outer loop
      vertex 51.3 30.1055 11.199
      vertex 59.7 29.7423 11.0241
      vertex 59.7 30.1055 11.199
    endloop
  endfacet
  facet normal 0 -0.433868 0.900977
    outer loop
      vertex 59.7 29.7423 11.0241
      vertex 51.3 30.1055 11.199
      vertex 51.3 29.7423 11.0241
    endloop
  endfacet
  facet normal 0.369306 -0.232036 -0.899874
    outer loop
      vertex 60.4487 30.1029 6.5759
      vertex 60.1648 30.3293 6.40101
      vertex 60.5628 30.2845 6.5759
    endloop
  endfacet
  facet normal -0.763774 -0.479949 0.431623
    outer loop
      vertex 50.0382 29.6937 10.2711
      vertex 49.7693 29.9628 10.0945
      vertex 49.9384 29.6937 10.0945
    endloop
  endfacet
  facet normal -0.763793 -0.480098 0.431424
    outer loop
      vertex 49.7693 29.9628 10.0945
      vertex 50.0382 29.6937 10.2711
      vertex 50.1084 29.7497 10.4577
    endloop
  endfacet
  facet normal -0.0703418 0.621985 -0.779863
    outer loop
      vertex 51.3 32.8577 6.5759
      vertex 51.0869 32.8336 6.5759
      vertex 51.3 33.1728 6.82721
    endloop
  endfacet
  facet normal 0.739688 -0.25873 -0.621225
    outer loop
      vertex 61.0732 30.0387 7.14234
      vertex 60.8467 30.1478 6.82721
      vertex 61.1859 30.3609 7.14234
    endloop
  endfacet
  facet normal 0.739661 0.258721 0.621262
    outer loop
      vertex 61.0732 32.5613 10.4577
      vertex 60.8467 32.4522 10.7728
      vertex 61.1859 32.2391 10.4577
    endloop
  endfacet
  facet normal -0.763819 0.479964 0.431527
    outer loop
      vertex 50.1084 32.8503 10.4577
      vertex 49.7693 32.6372 10.0945
      vertex 49.9268 32.5613 10.4577
    endloop
  endfacet
  facet normal 0.82586 -0.518763 -0.220998
    outer loop
      vertex 61.1366 29.6937 7.78523
      vertex 61.3115 29.9239 7.89846
      vertex 61.1669 29.6937 7.89846
    endloop
  endfacet
  facet normal 0.825864 -0.518687 -0.221159
    outer loop
      vertex 61.3115 29.9239 7.89846
      vertex 61.1366 29.6937 7.78523
      vertex 61.2307 29.9628 7.5055
    endloop
  endfacet
  facet normal 0.109326 0.969079 -0.221209
    outer loop
      vertex 60.098 33.6438 7.89846
      vertex 59.7 33.599 7.5055
      vertex 59.7 33.6887 7.89846
    endloop
  endfacet
  facet normal -0.298012 0.851361 -0.431709
    outer loop
      vertex 50.9609 33.3859 7.14234
      vertex 50.5628 33.4307 7.5055
      vertex 50.9219 33.5564 7.5055
    endloop
  endfacet
  facet normal 0 -0.623714 -0.781653
    outer loop
      vertex 51.3 29.6937 6.61468
      vertex 59.7 29.7423 6.5759
      vertex 59.7 29.6937 6.61468
    endloop
  endfacet
  facet normal -0 -0.623714 -0.781653
    outer loop
      vertex 59.7 29.7423 6.5759
      vertex 51.3 29.6937 6.61468
      vertex 51.3 29.7423 6.5759
    endloop
  endfacet
  facet normal 0.369306 0.232036 -0.899874
    outer loop
      vertex 60.5628 32.3155 6.5759
      vertex 60.1648 32.2707 6.40101
      vertex 60.4487 32.4971 6.5759
    endloop
  endfacet
  facet normal -0.554129 -0.554129 -0.621194
    outer loop
      vertex 50.4975 29.6937 6.84514
      vertex 50.3049 29.9064 6.82721
      vertex 50.5064 29.7049 6.82721
    endloop
  endfacet
  facet normal -0.554177 -0.554166 -0.621118
    outer loop
      vertex 50.1644 29.6937 7.14234
      vertex 50.3049 29.9064 6.82721
      vertex 50.4975 29.6937 6.84514
    endloop
  endfacet
  facet normal -0.554171 -0.554171 -0.621119
    outer loop
      vertex 50.3049 29.9064 6.82721
      vertex 50.1644 29.6937 7.14234
      vertex 50.1084 29.7497 7.14234
    endloop
  endfacet
  facet normal -0.621985 -0.0703418 -0.779863
    outer loop
      vertex 50.3664 30.4869 6.5759
      vertex 50.0272 30.7 6.82721
      vertex 50.3423 30.7 6.5759
    endloop
  endfacet
  facet normal -0.96908 0.109326 0.221204
    outer loop
      vertex 49.5562 32.298 9.70153
      vertex 49.5113 31.9 9.70153
      vertex 49.601 31.9 10.0945
    endloop
  endfacet
  facet normal 0 -0.222498 -0.974933
    outer loop
      vertex 51.3 30.1055 6.40101
      vertex 59.7 30.4985 6.31132
      vertex 59.7 30.1055 6.40101
    endloop
  endfacet
  facet normal -0 -0.222498 -0.974933
    outer loop
      vertex 59.7 30.4985 6.31132
      vertex 51.3 30.1055 6.40101
      vertex 51.3 30.4985 6.31132
    endloop
  endfacet
  facet normal 0.920513 0.322094 -0.22116
    outer loop
      vertex 61.4438 32.298 7.89846
      vertex 61.2307 32.6372 7.5055
      vertex 61.3115 32.6761 7.89846
    endloop
  endfacet
  facet normal 0.333196 -0.529544 0.780105
    outer loop
      vertex 60.1155 29.8372 11.0241
      vertex 60.4758 29.6937 10.7728
      vertex 60.4936 29.7049 10.7728
    endloop
  endfacet
  facet normal 0.332923 -0.529951 0.779945
    outer loop
      vertex 60.4758 29.6937 10.7728
      vertex 60.1155 29.8372 11.0241
      vertex 60.1846 29.6937 10.8971
    endloop
  endfacet
  facet normal -0.96908 -0.109326 0.221204
    outer loop
      vertex 49.601 30.7 10.0945
      vertex 49.5113 30.7 9.70153
      vertex 49.5562 30.302 9.70153
    endloop
  endfacet
  facet normal 0.433427 -0.0488138 -0.899865
    outer loop
      vertex 60.6336 30.4869 6.5759
      vertex 60.2796 30.5677 6.40101
      vertex 60.2945 30.7 6.40101
    endloop
  endfacet
  facet normal -0 0.433868 0.900977
    outer loop
      vertex 51.3 32.8577 11.0241
      vertex 59.7 32.4945 11.199
      vertex 59.7 32.8577 11.0241
    endloop
  endfacet
  facet normal 0 0.433868 0.900977
    outer loop
      vertex 59.7 32.4945 11.199
      vertex 51.3 32.8577 11.0241
      vertex 51.3 32.4945 11.199
    endloop
  endfacet
  facet normal 0 0.781812 0.623514
    outer loop
      vertex 59.7 33.4241 10.4577
      vertex 51.3 33.1728 10.7728
      vertex 59.7 33.1728 10.7728
    endloop
  endfacet
  facet normal 0 0.781812 0.623514
    outer loop
      vertex 51.3 33.1728 10.7728
      vertex 59.7 33.4241 10.4577
      vertex 51.3 33.4241 10.4577
    endloop
  endfacet
  facet normal 0.739696 0.259031 0.62109
    outer loop
      vertex 61.1859 32.2391 10.4577
      vertex 60.8467 32.4522 10.7728
      vertex 60.9409 32.1832 10.7728
    endloop
  endfacet
  facet normal 0.109326 0.96908 0.221204
    outer loop
      vertex 59.7 33.6887 9.70153
      vertex 59.7 33.599 10.0945
      vertex 60.098 33.6438 9.70153
    endloop
  endfacet
  facet normal -0.663479 -0.416913 0.621273
    outer loop
      vertex 50.1533 30.1478 10.7728
      vertex 49.9268 30.0387 10.4577
      vertex 50.1084 29.7497 10.4577
    endloop
  endfacet
  facet normal -0.479956 0.763803 -0.431565
    outer loop
      vertex 50.3497 33.0916 7.14234
      vertex 50.2407 33.2283 7.5055
      vertex 50.5628 33.4307 7.5055
    endloop
  endfacet
  facet normal -0.211318 0.0739118 0.974619
    outer loop
      vertex 51.1184 31.9874 11.2887
      vertex 50.7204 32.0323 11.199
      vertex 51.1035 31.9448 11.2887
    endloop
  endfacet
  facet normal -0.109326 0.96908 0.221204
    outer loop
      vertex 51.3 33.6887 9.70153
      vertex 50.902 33.6438 9.70153
      vertex 51.3 33.599 10.0945
    endloop
  endfacet
  facet normal -0.222498 0 -0.974933
    outer loop
      vertex 50.7055 30.7 6.40101
      vertex 51.0985 31.9 6.31132
      vertex 51.0985 30.7 6.31132
    endloop
  endfacet
  facet normal -0.222498 0 -0.974933
    outer loop
      vertex 51.0985 31.9 6.31132
      vertex 50.7055 30.7 6.40101
      vertex 50.7055 31.9 6.40101
    endloop
  endfacet
  facet normal -0.920498 0.322213 -0.221049
    outer loop
      vertex 49.6436 32.2781 7.5055
      vertex 49.5562 32.298 7.89846
      vertex 49.7693 32.6372 7.5055
    endloop
  endfacet
  facet normal 0.77883 -0.0877284 -0.621069
    outer loop
      vertex 61.1859 30.3609 7.14234
      vertex 60.9409 30.4168 6.82721
      vertex 60.9728 30.7 6.82721
    endloop
  endfacet
  facet normal 0.969125 -0.10919 -0.221077
    outer loop
      vertex 61.4438 30.302 7.89846
      vertex 61.3564 30.3219 7.5055
      vertex 61.399 30.7 7.5055
    endloop
  endfacet
  facet normal 0.222498 0 -0.974933
    outer loop
      vertex 59.9015 30.7 6.31132
      vertex 60.2945 31.9 6.40101
      vertex 60.2945 30.7 6.40101
    endloop
  endfacet
  facet normal 0.222498 0 -0.974933
    outer loop
      vertex 60.2945 31.9 6.40101
      vertex 59.9015 30.7 6.31132
      vertex 59.9015 31.9 6.31132
    endloop
  endfacet
  facet normal 0.763803 0.479954 -0.431566
    outer loop
      vertex 61.0732 32.5613 7.14234
      vertex 60.8916 32.8503 7.14234
      vertex 61.2307 32.6372 7.5055
    endloop
  endfacet
  facet normal 0.206842 0.590664 -0.779956
    outer loop
      vertex 60.2522 33.0467 6.82721
      vertex 59.9131 32.8336 6.5759
      vertex 59.9832 33.1409 6.82721
    endloop
  endfacet
  facet normal 0.96908 0.109326 0.221204
    outer loop
      vertex 61.4438 32.298 9.70153
      vertex 61.399 31.9 10.0945
      vertex 61.4887 31.9 9.70153
    endloop
  endfacet
  facet normal 0.222476 -0.0250559 0.974616
    outer loop
      vertex 60.2945 30.7 11.199
      vertex 59.8965 30.6552 11.2887
      vertex 60.2796 30.5677 11.199
    endloop
  endfacet
  facet normal 0.663479 0.416913 0.621273
    outer loop
      vertex 60.8916 32.8503 10.4577
      vertex 60.8467 32.4522 10.7728
      vertex 61.0732 32.5613 10.4577
    endloop
  endfacet
  facet normal 0.825864 -0.51869 0.221154
    outer loop
      vertex 61.1366 29.6937 9.81476
      vertex 61.3115 29.9239 9.70153
      vertex 61.2307 29.9628 10.0945
    endloop
  endfacet
  facet normal 0.82586 -0.518763 0.220998
    outer loop
      vertex 61.3115 29.9239 9.70153
      vertex 61.1366 29.6937 9.81476
      vertex 61.1669 29.6937 9.70153
    endloop
  endfacet
  facet normal 0.920514 -0.322095 0.221154
    outer loop
      vertex 61.4438 30.302 9.70153
      vertex 61.2307 29.9628 10.0945
      vertex 61.3115 29.9239 9.70153
    endloop
  endfacet
  facet normal -0.851523 0.297848 0.431502
    outer loop
      vertex 49.9268 32.5613 10.4577
      vertex 49.7693 32.6372 10.0945
      vertex 49.8141 32.2391 10.4577
    endloop
  endfacet
  facet normal 0.330273 0.943886 -0
    outer loop
      vertex 60.4761 33.5115 7.89846
      vertex 60.098 33.6438 9.70153
      vertex 60.4761 33.5115 9.70153
    endloop
  endfacet
  facet normal 0.330273 0.943886 0
    outer loop
      vertex 60.098 33.6438 9.70153
      vertex 60.4761 33.5115 7.89846
      vertex 60.098 33.6438 7.89846
    endloop
  endfacet
  facet normal 0.322095 0.920514 0.221154
    outer loop
      vertex 60.4761 33.5115 9.70153
      vertex 60.098 33.6438 9.70153
      vertex 60.4372 33.4307 10.0945
    endloop
  endfacet
  facet normal 0 0.900977 0.433868
    outer loop
      vertex 59.7 33.599 10.0945
      vertex 51.3 33.4241 10.4577
      vertex 59.7 33.4241 10.4577
    endloop
  endfacet
  facet normal 0 0.900977 0.433868
    outer loop
      vertex 51.3 33.4241 10.4577
      vertex 59.7 33.599 10.0945
      vertex 51.3 33.599 10.0945
    endloop
  endfacet
  facet normal 0.259041 0.739723 -0.621053
    outer loop
      vertex 60.2522 33.0467 6.82721
      vertex 59.9832 33.1409 6.82721
      vertex 60.0391 33.3859 7.14234
    endloop
  endfacet
  facet normal 0.554171 -0.554171 -0.621119
    outer loop
      vertex 60.8356 29.6937 7.14234
      vertex 60.6951 29.9064 6.82721
      vertex 60.8916 29.7497 7.14234
    endloop
  endfacet
  facet normal 0.554177 -0.554166 -0.621118
    outer loop
      vertex 60.5025 29.6937 6.84514
      vertex 60.6951 29.9064 6.82721
      vertex 60.8356 29.6937 7.14234
    endloop
  endfacet
  facet normal 0.554129 -0.554129 -0.621194
    outer loop
      vertex 60.6951 29.9064 6.82721
      vertex 60.5025 29.6937 6.84514
      vertex 60.4936 29.7049 6.82721
    endloop
  endfacet
  facet normal -0.479965 0.763818 0.431526
    outer loop
      vertex 50.5628 33.4307 10.0945
      vertex 50.2407 33.2283 10.0945
      vertex 50.3497 33.0916 10.4577
    endloop
  endfacet
  facet normal -0.846691 0.532085 0
    outer loop
      vertex 49.6885 32.6761 7.89846
      vertex 49.9016 33.0152 9.70153
      vertex 49.9016 33.0152 7.89846
    endloop
  endfacet
  facet normal -0.846691 0.532085 0
    outer loop
      vertex 49.9016 33.0152 9.70153
      vertex 49.6885 32.6761 7.89846
      vertex 49.6885 32.6761 9.70153
    endloop
  endfacet
  facet normal -0.778797 -0.0877324 0.62111
    outer loop
      vertex 50.0272 30.7 10.7728
      vertex 49.7759 30.7 10.4577
      vertex 49.8141 30.3609 10.4577
    endloop
  endfacet
  facet normal -0.411579 -0.144184 0.899897
    outer loop
      vertex 50.7204 30.5677 11.199
      vertex 50.4372 30.2845 11.0241
      vertex 50.7644 30.4421 11.199
    endloop
  endfacet
  facet normal -0.763819 -0.479964 0.431527
    outer loop
      vertex 49.9268 30.0387 10.4577
      vertex 49.7693 29.9628 10.0945
      vertex 50.1084 29.7497 10.4577
    endloop
  endfacet
  facet normal -0.637914 -0.637914 0.43143
    outer loop
      vertex 50.1084 29.7497 10.4577
      vertex 50.0382 29.6937 10.2711
      vertex 50.1644 29.6937 10.4577
    endloop
  endfacet
  facet normal -0.14402 0.411719 0.899859
    outer loop
      vertex 51.0869 32.8336 11.0241
      vertex 50.8845 32.7628 11.0241
      vertex 51.1677 32.4796 11.199
    endloop
  endfacet
  facet normal -0.416913 0.663479 0.621273
    outer loop
      vertex 50.6387 33.2732 10.4577
      vertex 50.3497 33.0916 10.4577
      vertex 50.7478 33.0467 10.7728
    endloop
  endfacet
  facet normal -0.258721 0.739661 0.621262
    outer loop
      vertex 50.9609 33.3859 10.4577
      vertex 50.6387 33.2732 10.4577
      vertex 50.7478 33.0467 10.7728
    endloop
  endfacet
  facet normal 0 1 -0
    outer loop
      vertex 59.7 33.6887 7.89846
      vertex 51.3 33.6887 9.70153
      vertex 59.7 33.6887 9.70153
    endloop
  endfacet
  facet normal 0 1 0
    outer loop
      vertex 51.3 33.6887 9.70153
      vertex 59.7 33.6887 7.89846
      vertex 51.3 33.6887 7.89846
    endloop
  endfacet
  facet normal -0.0702401 -0.621616 -0.780166
    outer loop
      vertex 51.1325 29.6937 6.62972
      vertex 51.0703 29.6937 6.63532
      vertex 51.0869 29.7664 6.5759
    endloop
  endfacet
  facet normal -0.332964 -0.529942 -0.779934
    outer loop
      vertex 50.8845 29.8372 6.5759
      vertex 50.5064 29.7049 6.82721
      vertex 50.7029 29.9513 6.5759
    endloop
  endfacet
  facet normal -0.920498 -0.322213 -0.221049
    outer loop
      vertex 49.7693 29.9628 7.5055
      vertex 49.5562 30.302 7.89846
      vertex 49.6436 30.3219 7.5055
    endloop
  endfacet
  facet normal 0.44255 -0.44255 -0.779935
    outer loop
      vertex 60.4936 29.7049 6.82721
      vertex 60.4487 30.1029 6.5759
      vertex 60.6951 29.9064 6.82721
    endloop
  endfacet
  facet normal 0.44255 -0.44255 -0.779935
    outer loop
      vertex 60.4487 30.1029 6.5759
      vertex 60.4936 29.7049 6.82721
      vertex 60.2971 29.9513 6.5759
    endloop
  endfacet
  facet normal 0.11889 0.189729 -0.974612
    outer loop
      vertex 59.8257 32.0576 6.31132
      vertex 59.7874 32.0816 6.31132
      vertex 60.0707 32.3648 6.40101
    endloop
  endfacet
  facet normal 0.433326 0.0490059 -0.899904
    outer loop
      vertex 60.6577 31.9 6.5759
      vertex 60.2945 31.9 6.40101
      vertex 60.6336 32.1131 6.5759
    endloop
  endfacet
  facet normal 0.590664 0.206842 -0.779956
    outer loop
      vertex 60.9409 32.1832 6.82721
      vertex 60.6336 32.1131 6.5759
      vertex 60.8467 32.4522 6.82721
    endloop
  endfacet
  facet normal 0.623529 0 -0.7818
    outer loop
      vertex 60.6577 30.7 6.5759
      vertex 60.9728 31.9 6.82721
      vertex 60.9728 30.7 6.82721
    endloop
  endfacet
  facet normal 0.623529 0 -0.7818
    outer loop
      vertex 60.9728 31.9 6.82721
      vertex 60.6577 30.7 6.5759
      vertex 60.6577 31.9 6.5759
    endloop
  endfacet
  facet normal 0 -0.433848 -0.900986
    outer loop
      vertex 51.3 29.7423 6.5759
      vertex 59.7 30.1055 6.40101
      vertex 59.7 29.7423 6.5759
    endloop
  endfacet
  facet normal -0 -0.433848 -0.900986
    outer loop
      vertex 59.7 30.1055 6.40101
      vertex 51.3 29.7423 6.5759
      vertex 51.3 30.1055 6.40101
    endloop
  endfacet
  facet normal 0.851361 -0.298012 -0.431709
    outer loop
      vertex 61.2307 29.9628 7.5055
      vertex 61.1859 30.3609 7.14234
      vertex 61.3564 30.3219 7.5055
    endloop
  endfacet
  facet normal 0.943886 -0.330273 0
    outer loop
      vertex 61.3115 29.9239 9.70153
      vertex 61.4438 30.302 7.89846
      vertex 61.4438 30.302 9.70153
    endloop
  endfacet
  facet normal 0.943886 -0.330273 0
    outer loop
      vertex 61.4438 30.302 7.89846
      vertex 61.3115 29.9239 9.70153
      vertex 61.3115 29.9239 7.89846
    endloop
  endfacet
  facet normal 0.073904 -0.211296 -0.974624
    outer loop
      vertex 59.8323 30.1204 6.40101
      vertex 59.7448 30.5035 6.31132
      vertex 59.7874 30.5184 6.31132
    endloop
  endfacet
  facet normal 0.100991 0.896357 -0.431676
    outer loop
      vertex 60.0391 33.3859 7.14234
      vertex 59.7 33.599 7.5055
      vertex 60.0781 33.5564 7.5055
    endloop
  endfacet
  facet normal 0.4117 0.144014 -0.899869
    outer loop
      vertex 60.6336 32.1131 6.5759
      vertex 60.2796 32.0323 6.40101
      vertex 60.5628 32.3155 6.5759
    endloop
  endfacet
  facet normal 0.416928 0.663503 -0.621237
    outer loop
      vertex 60.6503 33.0916 7.14234
      vertex 60.2522 33.0467 6.82721
      vertex 60.3613 33.2732 7.14234
    endloop
  endfacet
  facet normal 0.222453 -0.0250533 -0.974622
    outer loop
      vertex 60.2796 30.5677 6.40101
      vertex 59.8965 30.6552 6.31132
      vertex 60.2945 30.7 6.40101
    endloop
  endfacet
  facet normal 0.0248247 -0.22243 -0.974633
    outer loop
      vertex 59.7448 30.5035 6.31132
      vertex 59.7 30.1055 6.40101
      vertex 59.7 30.4985 6.31132
    endloop
  endfacet
  facet normal -0.308419 -0.308419 0.899864
    outer loop
      vertex 50.8352 30.3293 11.199
      vertex 50.7029 29.9513 11.0241
      vertex 50.9293 30.2352 11.199
    endloop
  endfacet
  facet normal -0.308419 -0.308419 0.899864
    outer loop
      vertex 50.7029 29.9513 11.0241
      vertex 50.8352 30.3293 11.199
      vertex 50.5513 30.1029 11.0241
    endloop
  endfacet
  facet normal -0.222453 -0.0248274 0.974627
    outer loop
      vertex 51.0985 30.7 11.2887
      vertex 50.7055 30.7 11.199
      vertex 51.1035 30.6552 11.2887
    endloop
  endfacet
  facet normal 0.969126 0.10919 0.221072
    outer loop
      vertex 61.4438 32.298 9.70153
      vertex 61.3564 32.2781 10.0945
      vertex 61.399 31.9 10.0945
    endloop
  endfacet
  facet normal 0.332877 0.530056 0.779893
    outer loop
      vertex 60.2522 33.0467 10.7728
      vertex 60.1155 32.7628 11.0241
      vertex 60.4936 32.8951 10.7728
    endloop
  endfacet
  facet normal -0 0.623514 0.781812
    outer loop
      vertex 51.3 33.1728 10.7728
      vertex 59.7 32.8577 11.0241
      vertex 59.7 33.1728 10.7728
    endloop
  endfacet
  facet normal 0 0.623514 0.781812
    outer loop
      vertex 59.7 32.8577 11.0241
      vertex 51.3 33.1728 10.7728
      vertex 51.3 32.8577 11.0241
    endloop
  endfacet
  facet normal 0.707107 0.707107 0
    outer loop
      vertex 61.0984 33.0152 9.70153
      vertex 60.8152 33.2984 7.89846
      vertex 60.8152 33.2984 9.70153
    endloop
  endfacet
  facet normal 0.707107 0.707107 0
    outer loop
      vertex 60.8152 33.2984 7.89846
      vertex 61.0984 33.0152 9.70153
      vertex 61.0984 33.0152 7.89846
    endloop
  endfacet
  facet normal 0.211318 0.0739118 0.974619
    outer loop
      vertex 60.2796 32.0323 11.199
      vertex 59.8816 31.9874 11.2887
      vertex 59.8965 31.9448 11.2887
    endloop
  endfacet
  facet normal 0.59065 -0.206837 0.779968
    outer loop
      vertex 60.9409 30.4168 10.7728
      vertex 60.6336 30.4869 11.0241
      vertex 60.8467 30.1478 10.7728
    endloop
  endfacet
  facet normal 0.920499 -0.322213 0.221044
    outer loop
      vertex 61.3564 30.3219 10.0945
      vertex 61.2307 29.9628 10.0945
      vertex 61.4438 30.302 9.70153
    endloop
  endfacet
  facet normal 0.763793 -0.480098 0.431424
    outer loop
      vertex 60.9618 29.6937 10.2711
      vertex 61.2307 29.9628 10.0945
      vertex 60.8916 29.7497 10.4577
    endloop
  endfacet
  facet normal 0.763774 -0.479949 0.431623
    outer loop
      vertex 61.2307 29.9628 10.0945
      vertex 60.9618 29.6937 10.2711
      vertex 61.0616 29.6937 10.0945
    endloop
  endfacet
  facet normal 0.100977 0.896371 0.43165
    outer loop
      vertex 59.7 33.599 10.0945
      vertex 59.7 33.4241 10.4577
      vertex 60.0391 33.3859 10.4577
    endloop
  endfacet
  facet normal 0.0490082 0.433346 0.899894
    outer loop
      vertex 59.7 32.8577 11.0241
      vertex 59.7 32.4945 11.199
      vertex 59.9131 32.8336 11.0241
    endloop
  endfacet
  facet normal 0.0877324 0.778797 0.62111
    outer loop
      vertex 59.7 33.4241 10.4577
      vertex 59.7 33.1728 10.7728
      vertex 60.0391 33.3859 10.4577
    endloop
  endfacet
  facet normal 0.112103 0.993697 -0
    outer loop
      vertex 60.098 33.6438 7.89846
      vertex 59.7 33.6887 9.70153
      vertex 60.098 33.6438 9.70153
    endloop
  endfacet
  facet normal 0.112103 0.993697 0
    outer loop
      vertex 59.7 33.6887 9.70153
      vertex 60.098 33.6438 7.89846
      vertex 59.7 33.6887 7.89846
    endloop
  endfacet
  facet normal 0.10919 0.969125 -0.221077
    outer loop
      vertex 60.0781 33.5564 7.5055
      vertex 59.7 33.599 7.5055
      vertex 60.098 33.6438 7.89846
    endloop
  endfacet
  facet normal 0.322094 0.920513 -0.22116
    outer loop
      vertex 60.4372 33.4307 7.5055
      vertex 60.098 33.6438 7.89846
      vertex 60.4761 33.5115 7.89846
    endloop
  endfacet
  facet normal -0.518883 0.825752 -0.221119
    outer loop
      vertex 50.2407 33.2283 7.5055
      vertex 50.1848 33.2984 7.89846
      vertex 50.5628 33.4307 7.5055
    endloop
  endfacet
  facet normal 0 0.974923 -0.222543
    outer loop
      vertex 59.7 33.599 7.5055
      vertex 51.3 33.6887 7.89846
      vertex 59.7 33.6887 7.89846
    endloop
  endfacet
  facet normal 0 0.974923 -0.222543
    outer loop
      vertex 51.3 33.6887 7.89846
      vertex 59.7 33.599 7.5055
      vertex 51.3 33.599 7.5055
    endloop
  endfacet
  facet normal 0.0250533 0.222453 -0.974622
    outer loop
      vertex 59.7448 32.0965 6.31132
      vertex 59.7 32.4945 6.40101
      vertex 59.8323 32.4796 6.40101
    endloop
  endfacet
  facet normal -0.0250533 -0.222453 -0.974622
    outer loop
      vertex 51.3 30.1055 6.40101
      vertex 51.1677 30.1204 6.40101
      vertex 51.2552 30.5035 6.31132
    endloop
  endfacet
  facet normal -0.920514 0.322095 0.221154
    outer loop
      vertex 49.6885 32.6761 9.70153
      vertex 49.5562 32.298 9.70153
      vertex 49.7693 32.6372 10.0945
    endloop
  endfacet
  facet normal -0.969126 0.10919 0.221072
    outer loop
      vertex 49.6436 32.2781 10.0945
      vertex 49.5562 32.298 9.70153
      vertex 49.601 31.9 10.0945
    endloop
  endfacet
  facet normal -0.896376 -0.100993 0.431638
    outer loop
      vertex 49.8141 30.3609 10.4577
      vertex 49.601 30.7 10.0945
      vertex 49.6436 30.3219 10.0945
    endloop
  endfacet
  facet normal -0.900977 0 0.433868
    outer loop
      vertex 49.601 30.7 10.0945
      vertex 49.7759 31.9 10.4577
      vertex 49.601 31.9 10.0945
    endloop
  endfacet
  facet normal -0.900977 0 0.433868
    outer loop
      vertex 49.7759 31.9 10.4577
      vertex 49.601 30.7 10.0945
      vertex 49.7759 30.7 10.4577
    endloop
  endfacet
  facet normal -0.920514 -0.322095 0.221154
    outer loop
      vertex 49.7693 29.9628 10.0945
      vertex 49.5562 30.302 9.70153
      vertex 49.6885 29.9239 9.70153
    endloop
  endfacet
  facet normal -0.518884 0.825753 0.221113
    outer loop
      vertex 50.5628 33.4307 10.0945
      vertex 50.1848 33.2984 9.70153
      vertex 50.2407 33.2283 10.0945
    endloop
  endfacet
  facet normal 0 0.781841 -0.623478
    outer loop
      vertex 59.7 33.1728 6.82721
      vertex 51.3 33.4241 7.14234
      vertex 59.7 33.4241 7.14234
    endloop
  endfacet
  facet normal 0 0.781841 -0.623478
    outer loop
      vertex 51.3 33.4241 7.14234
      vertex 59.7 33.1728 6.82721
      vertex 51.3 33.1728 6.82721
    endloop
  endfacet
  facet normal -0.232047 0.369323 0.899864
    outer loop
      vertex 50.8845 32.7628 11.0241
      vertex 50.7029 32.6487 11.0241
      vertex 50.9293 32.3648 11.199
    endloop
  endfacet
  facet normal -0.530056 0.332877 0.779893
    outer loop
      vertex 50.3049 32.6936 10.7728
      vertex 50.1533 32.4522 10.7728
      vertex 50.4372 32.3155 11.0241
    endloop
  endfacet
  facet normal -0.100991 0.896357 -0.431676
    outer loop
      vertex 50.9609 33.3859 7.14234
      vertex 50.9219 33.5564 7.5055
      vertex 51.3 33.599 7.5055
    endloop
  endfacet
  facet normal -0.920499 0.322213 0.221044
    outer loop
      vertex 49.7693 32.6372 10.0945
      vertex 49.5562 32.298 9.70153
      vertex 49.6436 32.2781 10.0945
    endloop
  endfacet
  facet normal -0.825753 0.518884 0.221113
    outer loop
      vertex 49.9016 33.0152 9.70153
      vertex 49.7693 32.6372 10.0945
      vertex 49.9717 32.9593 10.0945
    endloop
  endfacet
  facet normal -0.969126 -0.10919 0.221072
    outer loop
      vertex 49.601 30.7 10.0945
      vertex 49.5562 30.302 9.70153
      vertex 49.6436 30.3219 10.0945
    endloop
  endfacet
  facet normal -0.433346 -0.0490082 0.899894
    outer loop
      vertex 50.7055 30.7 11.199
      vertex 50.3423 30.7 11.0241
      vertex 50.3664 30.4869 11.0241
    endloop
  endfacet
  facet normal -0.207272 -0.59016 0.780224
    outer loop
      vertex 51.0869 29.7664 11.0241
      vertex 50.9713 29.6937 10.9384
      vertex 51.0703 29.6937 10.9647
    endloop
  endfacet
  facet normal -0.20678 -0.590428 -0.780152
    outer loop
      vertex 51.0703 29.6937 6.63532
      vertex 50.9713 29.6937 6.66156
      vertex 51.0869 29.7664 6.5759
    endloop
  endfacet
  facet normal -0.739723 -0.259041 -0.621053
    outer loop
      vertex 50.1533 30.1478 6.82721
      vertex 49.8141 30.3609 7.14234
      vertex 50.0591 30.4168 6.82721
    endloop
  endfacet
  facet normal -0.637914 -0.637914 -0.43143
    outer loop
      vertex 50.1644 29.6937 7.14234
      vertex 50.0382 29.6937 7.32894
      vertex 50.1084 29.7497 7.14234
    endloop
  endfacet
  facet normal -0.532085 0.846691 0
    outer loop
      vertex 50.5239 33.5115 7.89846
      vertex 50.1848 33.2984 9.70153
      vertex 50.5239 33.5115 9.70153
    endloop
  endfacet
  facet normal -0.532085 0.846691 0
    outer loop
      vertex 50.1848 33.2984 9.70153
      vertex 50.5239 33.5115 7.89846
      vertex 50.1848 33.2984 7.89846
    endloop
  endfacet
  facet normal -0.943886 0.330273 0
    outer loop
      vertex 49.5562 32.298 7.89846
      vertex 49.6885 32.6761 9.70153
      vertex 49.6885 32.6761 7.89846
    endloop
  endfacet
  facet normal -0.943886 0.330273 0
    outer loop
      vertex 49.6885 32.6761 9.70153
      vertex 49.5562 32.298 7.89846
      vertex 49.5562 32.298 9.70153
    endloop
  endfacet
  facet normal -0.119011 0.189611 -0.97462
    outer loop
      vertex 51.2126 32.0816 6.31132
      vertex 50.9293 32.3648 6.40101
      vertex 51.0421 32.4356 6.40101
    endloop
  endfacet
  facet normal 0.22243 0.0248247 -0.974633
    outer loop
      vertex 59.9015 31.9 6.31132
      vertex 59.8965 31.9448 6.31132
      vertex 60.2945 31.9 6.40101
    endloop
  endfacet
  facet normal 0.637914 -0.637914 -0.43143
    outer loop
      vertex 60.9618 29.6937 7.32894
      vertex 60.8356 29.6937 7.14234
      vertex 60.8916 29.7497 7.14234
    endloop
  endfacet
  facet normal 0.222453 0.0250533 -0.974622
    outer loop
      vertex 60.2945 31.9 6.40101
      vertex 59.8965 31.9448 6.31132
      vertex 60.2796 32.0323 6.40101
    endloop
  endfacet
  facet normal 0.621882 0.0700495 -0.779972
    outer loop
      vertex 60.9728 31.9 6.82721
      vertex 60.6336 32.1131 6.5759
      vertex 60.9409 32.1832 6.82721
    endloop
  endfacet
  facet normal 0.590833 -0.206675 -0.779873
    outer loop
      vertex 60.8467 30.1478 6.82721
      vertex 60.5628 30.2845 6.5759
      vertex 60.6336 30.4869 6.5759
    endloop
  endfacet
  facet normal 0.825752 0.518883 -0.221119
    outer loop
      vertex 61.2307 32.6372 7.5055
      vertex 61.0283 32.9593 7.5055
      vertex 61.0984 33.0152 7.89846
    endloop
  endfacet
  facet normal 0.900958 0 -0.433907
    outer loop
      vertex 61.399 30.7 7.5055
      vertex 61.2241 31.9 7.14234
      vertex 61.399 31.9 7.5055
    endloop
  endfacet
  facet normal 0.900958 0 -0.433907
    outer loop
      vertex 61.2241 31.9 7.14234
      vertex 61.399 30.7 7.5055
      vertex 61.2241 30.7 7.14234
    endloop
  endfacet
  facet normal -0.0490059 -0.433326 -0.899904
    outer loop
      vertex 51.3 29.7423 6.5759
      vertex 51.0869 29.7664 6.5759
      vertex 51.3 30.1055 6.40101
    endloop
  endfacet
  facet normal 0.663503 -0.416928 -0.621237
    outer loop
      vertex 60.8916 29.7497 7.14234
      vertex 60.8467 30.1478 6.82721
      vertex 61.0732 30.0387 7.14234
    endloop
  endfacet
  facet normal 0.621882 -0.0700495 -0.779972
    outer loop
      vertex 60.9409 30.4168 6.82721
      vertex 60.6336 30.4869 6.5759
      vertex 60.9728 30.7 6.82721
    endloop
  endfacet
  facet normal 0.846798 -0.531915 0
    outer loop
      vertex 61.1669 29.6937 9.70153
      vertex 61.3115 29.9239 7.89846
      vertex 61.3115 29.9239 9.70153
    endloop
  endfacet
  facet normal 0.846798 -0.531915 0
    outer loop
      vertex 61.3115 29.9239 7.89846
      vertex 61.1669 29.6937 9.70153
      vertex 61.1669 29.6937 7.89846
    endloop
  endfacet
  facet normal 0.529942 -0.332964 -0.779934
    outer loop
      vertex 60.6951 29.9064 6.82721
      vertex 60.4487 30.1029 6.5759
      vertex 60.5628 30.2845 6.5759
    endloop
  endfacet
  facet normal 0.763803 0.479956 -0.431565
    outer loop
      vertex 61.2307 32.6372 7.5055
      vertex 60.8916 32.8503 7.14234
      vertex 61.0283 32.9593 7.5055
    endloop
  endfacet
  facet normal 0.0488138 0.433427 -0.899865
    outer loop
      vertex 59.8323 32.4796 6.40101
      vertex 59.7 32.4945 6.40101
      vertex 59.9131 32.8336 6.5759
    endloop
  endfacet
  facet normal 0.621985 0.0703418 -0.779863
    outer loop
      vertex 60.6577 31.9 6.5759
      vertex 60.6336 32.1131 6.5759
      vertex 60.9728 31.9 6.82721
    endloop
  endfacet
  facet normal 0.189729 -0.11889 -0.974612
    outer loop
      vertex 60.1648 30.3293 6.40101
      vertex 59.8576 30.5743 6.31132
      vertex 59.8816 30.6126 6.31132
    endloop
  endfacet
  facet normal 0.22243 -0.0248247 -0.974633
    outer loop
      vertex 60.2945 30.7 6.40101
      vertex 59.8965 30.6552 6.31132
      vertex 59.9015 30.7 6.31132
    endloop
  endfacet
  facet normal 0.0488138 -0.433427 -0.899865
    outer loop
      vertex 59.9131 29.7664 6.5759
      vertex 59.7 30.1055 6.40101
      vertex 59.8323 30.1204 6.40101
    endloop
  endfacet
  facet normal -0.231824 -0.369346 -0.899912
    outer loop
      vertex 51.0421 30.1644 6.40101
      vertex 50.8845 29.8372 6.5759
      vertex 50.9293 30.2352 6.40101
    endloop
  endfacet
  facet normal -0.206656 -0.590779 0.779919
    outer loop
      vertex 50.8845 29.8372 11.0241
      vertex 50.9713 29.6937 10.9384
      vertex 51.0869 29.7664 11.0241
    endloop
  endfacet
  facet normal -0.206616 -0.590767 0.779939
    outer loop
      vertex 50.9713 29.6937 10.9384
      vertex 50.8845 29.8372 11.0241
      vertex 50.8154 29.6937 10.8971
    endloop
  endfacet
  facet normal 0.442539 -0.442539 0.779947
    outer loop
      vertex 60.4487 30.1029 11.0241
      vertex 60.4936 29.7049 10.7728
      vertex 60.6951 29.9064 10.7728
    endloop
  endfacet
  facet normal 0.442539 -0.442539 0.779947
    outer loop
      vertex 60.4936 29.7049 10.7728
      vertex 60.4487 30.1029 11.0241
      vertex 60.2971 29.9513 11.0241
    endloop
  endfacet
  facet normal 0.206616 -0.590767 0.779939
    outer loop
      vertex 60.1155 29.8372 11.0241
      vertex 60.0287 29.6937 10.9384
      vertex 60.1846 29.6937 10.8971
    endloop
  endfacet
  facet normal 0.206656 -0.590779 0.779919
    outer loop
      vertex 60.0287 29.6937 10.9384
      vertex 60.1155 29.8372 11.0241
      vertex 59.9131 29.7664 11.0241
    endloop
  endfacet
  facet normal -0.553771 -0.553771 0.621832
    outer loop
      vertex 50.3049 29.9064 10.7728
      vertex 50.4975 29.6937 10.7549
      vertex 50.5064 29.7049 10.7728
    endloop
  endfacet
  facet normal -0.554204 -0.554105 0.621148
    outer loop
      vertex 50.3049 29.9064 10.7728
      vertex 50.1644 29.6937 10.4577
      vertex 50.4975 29.6937 10.7549
    endloop
  endfacet
  facet normal -0.554151 -0.554151 0.621155
    outer loop
      vertex 50.1644 29.6937 10.4577
      vertex 50.3049 29.9064 10.7728
      vertex 50.1084 29.7497 10.4577
    endloop
  endfacet
  facet normal 0.62197 0.0703401 0.779875
    outer loop
      vertex 60.9728 31.9 10.7728
      vertex 60.6336 32.1131 11.0241
      vertex 60.6577 31.9 11.0241
    endloop
  endfacet
  facet normal 0.232047 0.369323 0.899864
    outer loop
      vertex 60.1155 32.7628 11.0241
      vertex 60.0707 32.3648 11.199
      vertex 60.2971 32.6487 11.0241
    endloop
  endfacet
  facet normal 0 -0.222522 0.974928
    outer loop
      vertex 51.3 30.4985 11.2887
      vertex 59.7 30.1055 11.199
      vertex 59.7 30.4985 11.2887
    endloop
  endfacet
  facet normal 0 -0.222522 0.974928
    outer loop
      vertex 59.7 30.1055 11.199
      vertex 51.3 30.4985 11.2887
      vertex 51.3 30.1055 11.199
    endloop
  endfacet
  facet normal 0.433346 0.0490082 0.899894
    outer loop
      vertex 60.6336 32.1131 11.0241
      vertex 60.2945 31.9 11.199
      vertex 60.6577 31.9 11.0241
    endloop
  endfacet
  facet normal 0.189749 0.118903 0.974606
    outer loop
      vertex 60.1648 32.2707 11.199
      vertex 59.8576 32.0257 11.2887
      vertex 59.8816 31.9874 11.2887
    endloop
  endfacet
  facet normal -0.433448 0.0488161 0.899856
    outer loop
      vertex 50.7204 32.0323 11.199
      vertex 50.3664 32.1131 11.0241
      vertex 50.7055 31.9 11.199
    endloop
  endfacet
  facet normal 0.189631 0.119024 0.974615
    outer loop
      vertex 60.1648 32.2707 11.199
      vertex 59.8816 31.9874 11.2887
      vertex 60.2356 32.1579 11.199
    endloop
  endfacet
  facet normal 0.529929 -0.332956 0.779946
    outer loop
      vertex 60.5628 30.2845 11.0241
      vertex 60.4487 30.1029 11.0241
      vertex 60.6951 29.9064 10.7728
    endloop
  endfacet
  facet normal 0.969079 -0.109326 -0.221209
    outer loop
      vertex 61.4438 30.302 7.89846
      vertex 61.399 30.7 7.5055
      vertex 61.4887 30.7 7.89846
    endloop
  endfacet
  facet normal 0.900977 -0 0.433868
    outer loop
      vertex 61.2241 30.7 10.4577
      vertex 61.399 31.9 10.0945
      vertex 61.2241 31.9 10.4577
    endloop
  endfacet
  facet normal 0.900977 0 0.433868
    outer loop
      vertex 61.399 31.9 10.0945
      vertex 61.2241 30.7 10.4577
      vertex 61.399 30.7 10.0945
    endloop
  endfacet
  facet normal 0.851379 -0.298018 0.431671
    outer loop
      vertex 61.3564 30.3219 10.0945
      vertex 61.1859 30.3609 10.4577
      vertex 61.2307 29.9628 10.0945
    endloop
  endfacet
  facet normal 0.739696 -0.259031 0.62109
    outer loop
      vertex 60.9409 30.4168 10.7728
      vertex 60.8467 30.1478 10.7728
      vertex 61.1859 30.3609 10.4577
    endloop
  endfacet
  facet normal -0.100993 0.896376 0.431638
    outer loop
      vertex 51.3 33.599 10.0945
      vertex 50.9219 33.5564 10.0945
      vertex 50.9609 33.3859 10.4577
    endloop
  endfacet
  facet normal -0.322213 0.920499 0.221044
    outer loop
      vertex 50.902 33.6438 9.70153
      vertex 50.5628 33.4307 10.0945
      vertex 50.9219 33.5564 10.0945
    endloop
  endfacet
  facet normal 0.144184 0.411579 0.899897
    outer loop
      vertex 60.1155 32.7628 11.0241
      vertex 59.8323 32.4796 11.199
      vertex 59.9579 32.4356 11.199
    endloop
  endfacet
  facet normal 0.739723 0.259041 -0.621053
    outer loop
      vertex 60.9409 32.1832 6.82721
      vertex 60.8467 32.4522 6.82721
      vertex 61.1859 32.2391 7.14234
    endloop
  endfacet
  facet normal 0.943886 0.330273 0
    outer loop
      vertex 61.4438 32.298 9.70153
      vertex 61.3115 32.6761 7.89846
      vertex 61.3115 32.6761 9.70153
    endloop
  endfacet
  facet normal 0.943886 0.330273 0
    outer loop
      vertex 61.3115 32.6761 7.89846
      vertex 61.4438 32.298 9.70153
      vertex 61.4438 32.298 7.89846
    endloop
  endfacet
  facet normal 0.479965 0.763818 0.431526
    outer loop
      vertex 60.7593 33.2283 10.0945
      vertex 60.4372 33.4307 10.0945
      vertex 60.6503 33.0916 10.4577
    endloop
  endfacet
  facet normal 0.14402 0.411719 0.899859
    outer loop
      vertex 59.9131 32.8336 11.0241
      vertex 59.8323 32.4796 11.199
      vertex 60.1155 32.7628 11.0241
    endloop
  endfacet
  facet normal 0.851361 0.298012 -0.431709
    outer loop
      vertex 61.3564 32.2781 7.5055
      vertex 61.1859 32.2391 7.14234
      vertex 61.2307 32.6372 7.5055
    endloop
  endfacet
  facet normal 0.663503 0.416928 -0.621237
    outer loop
      vertex 61.0732 32.5613 7.14234
      vertex 60.8467 32.4522 6.82721
      vertex 60.8916 32.8503 7.14234
    endloop
  endfacet
  facet normal 0.322213 0.920498 -0.221049
    outer loop
      vertex 60.4372 33.4307 7.5055
      vertex 60.0781 33.5564 7.5055
      vertex 60.098 33.6438 7.89846
    endloop
  endfacet
  facet normal 0.298012 0.851361 -0.431709
    outer loop
      vertex 60.4372 33.4307 7.5055
      vertex 60.0391 33.3859 7.14234
      vertex 60.0781 33.5564 7.5055
    endloop
  endfacet
  facet normal -0.109326 0.969079 -0.221209
    outer loop
      vertex 51.3 33.599 7.5055
      vertex 50.902 33.6438 7.89846
      vertex 51.3 33.6887 7.89846
    endloop
  endfacet
  facet normal 0 0.900958 -0.433907
    outer loop
      vertex 59.7 33.4241 7.14234
      vertex 51.3 33.599 7.5055
      vertex 59.7 33.599 7.5055
    endloop
  endfacet
  facet normal 0 0.900958 -0.433907
    outer loop
      vertex 51.3 33.599 7.5055
      vertex 59.7 33.4241 7.14234
      vertex 51.3 33.4241 7.14234
    endloop
  endfacet
  facet normal -0.781841 0 -0.623478
    outer loop
      vertex 50.0272 30.7 6.82721
      vertex 49.7759 31.9 7.14234
      vertex 50.0272 31.9 6.82721
    endloop
  endfacet
  facet normal -0.781841 -0 -0.623478
    outer loop
      vertex 49.7759 31.9 7.14234
      vertex 50.0272 30.7 6.82721
      vertex 49.7759 30.7 7.14234
    endloop
  endfacet
  facet normal -0.259041 0.739723 -0.621053
    outer loop
      vertex 51.0168 33.1409 6.82721
      vertex 50.7478 33.0467 6.82721
      vertex 50.9609 33.3859 7.14234
    endloop
  endfacet
  facet normal -0.0490059 0.433326 -0.899904
    outer loop
      vertex 51.3 32.4945 6.40101
      vertex 51.0869 32.8336 6.5759
      vertex 51.3 32.8577 6.5759
    endloop
  endfacet
  facet normal 0 0.222498 -0.974933
    outer loop
      vertex 51.3 32.1015 6.31132
      vertex 59.7 32.4945 6.40101
      vertex 59.7 32.1015 6.31132
    endloop
  endfacet
  facet normal 0 0.222498 -0.974933
    outer loop
      vertex 59.7 32.4945 6.40101
      vertex 51.3 32.1015 6.31132
      vertex 51.3 32.4945 6.40101
    endloop
  endfacet
  facet normal -0.51891 0.825727 0.221148
    outer loop
      vertex 50.5239 33.5115 9.70153
      vertex 50.1848 33.2984 9.70153
      vertex 50.5628 33.4307 10.0945
    endloop
  endfacet
  facet normal -0.825752 0.518883 -0.221119
    outer loop
      vertex 49.9717 32.9593 7.5055
      vertex 49.7693 32.6372 7.5055
      vertex 49.9016 33.0152 7.89846
    endloop
  endfacet
  facet normal -0.896371 -0.100977 0.43165
    outer loop
      vertex 49.7759 30.7 10.4577
      vertex 49.601 30.7 10.0945
      vertex 49.8141 30.3609 10.4577
    endloop
  endfacet
  facet normal -0.896371 0.100977 0.43165
    outer loop
      vertex 49.8141 32.2391 10.4577
      vertex 49.601 31.9 10.0945
      vertex 49.7759 31.9 10.4577
    endloop
  endfacet
  facet normal -0.993697 0.112103 0
    outer loop
      vertex 49.5113 31.9 7.89846
      vertex 49.5562 32.298 9.70153
      vertex 49.5562 32.298 7.89846
    endloop
  endfacet
  facet normal -0.993697 0.112103 0
    outer loop
      vertex 49.5562 32.298 9.70153
      vertex 49.5113 31.9 7.89846
      vertex 49.5113 31.9 9.70153
    endloop
  endfacet
  facet normal -0.900958 0 -0.433907
    outer loop
      vertex 49.7759 30.7 7.14234
      vertex 49.601 31.9 7.5055
      vertex 49.7759 31.9 7.14234
    endloop
  endfacet
  facet normal -0.900958 -0 -0.433907
    outer loop
      vertex 49.601 31.9 7.5055
      vertex 49.7759 30.7 7.14234
      vertex 49.601 30.7 7.5055
    endloop
  endfacet
  facet normal -0.332923 -0.529951 0.779945
    outer loop
      vertex 50.8845 29.8372 11.0241
      vertex 50.5242 29.6937 10.7728
      vertex 50.8154 29.6937 10.8971
    endloop
  endfacet
  facet normal -0.333196 -0.529544 0.780105
    outer loop
      vertex 50.5242 29.6937 10.7728
      vertex 50.8845 29.8372 11.0241
      vertex 50.5064 29.7049 10.7728
    endloop
  endfacet
  facet normal -0.297848 0.851523 0.431502
    outer loop
      vertex 50.9609 33.3859 10.4577
      vertex 50.5628 33.4307 10.0945
      vertex 50.6387 33.2732 10.4577
    endloop
  endfacet
  facet normal -0.554151 0.554151 0.621155
    outer loop
      vertex 50.3497 33.0916 10.4577
      vertex 50.3049 32.6936 10.7728
      vertex 50.5064 32.8951 10.7728
    endloop
  endfacet
  facet normal -0.554151 0.554151 0.621155
    outer loop
      vertex 50.3049 32.6936 10.7728
      vertex 50.3497 33.0916 10.4577
      vertex 50.1084 32.8503 10.4577
    endloop
  endfacet
  facet normal -0.369363 -0.231835 0.899902
    outer loop
      vertex 50.7644 30.4421 11.199
      vertex 50.4372 30.2845 11.0241
      vertex 50.8352 30.3293 11.199
    endloop
  endfacet
  facet normal -0.621867 0.0700478 0.779984
    outer loop
      vertex 50.0591 32.1832 10.7728
      vertex 50.0272 31.9 10.7728
      vertex 50.3664 32.1131 11.0241
    endloop
  endfacet
  facet normal -0.778802 0.0877252 0.621105
    outer loop
      vertex 50.0591 32.1832 10.7728
      vertex 49.8141 32.2391 10.4577
      vertex 50.0272 31.9 10.7728
    endloop
  endfacet
  facet normal -0.158317 -0.158317 0.974613
    outer loop
      vertex 51.1424 30.5743 11.2887
      vertex 50.9293 30.2352 11.199
      vertex 51.1743 30.5424 11.2887
    endloop
  endfacet
  facet normal -0.158317 -0.158317 0.974613
    outer loop
      vertex 50.9293 30.2352 11.199
      vertex 51.1424 30.5743 11.2887
      vertex 50.8352 30.3293 11.199
    endloop
  endfacet
  facet normal -0.974924 0 0.222538
    outer loop
      vertex 49.5113 30.7 9.70153
      vertex 49.601 31.9 10.0945
      vertex 49.5113 31.9 9.70153
    endloop
  endfacet
  facet normal -0.974924 0 0.222538
    outer loop
      vertex 49.601 31.9 10.0945
      vertex 49.5113 30.7 9.70153
      vertex 49.601 30.7 10.0945
    endloop
  endfacet
  facet normal -0.663675 -0.41679 0.621146
    outer loop
      vertex 50.1533 30.1478 10.7728
      vertex 50.1084 29.7497 10.4577
      vertex 50.3049 29.9064 10.7728
    endloop
  endfacet
  facet normal -0.530056 -0.332877 0.779893
    outer loop
      vertex 50.4372 30.2845 11.0241
      vertex 50.1533 30.1478 10.7728
      vertex 50.3049 29.9064 10.7728
    endloop
  endfacet
  facet normal -0.33302 -0.529831 -0.779985
    outer loop
      vertex 50.5242 29.6937 6.82721
      vertex 50.8845 29.8372 6.5759
      vertex 50.8154 29.6937 6.70288
    endloop
  endfacet
  facet normal -0.333204 -0.529557 -0.780092
    outer loop
      vertex 50.8845 29.8372 6.5759
      vertex 50.5242 29.6937 6.82721
      vertex 50.5064 29.7049 6.82721
    endloop
  endfacet
  facet normal -0.417271 -0.663163 -0.621369
    outer loop
      vertex 50.5242 29.6937 6.82721
      vertex 50.4975 29.6937 6.84514
      vertex 50.5064 29.7049 6.82721
    endloop
  endfacet
  facet normal -0.763803 0.479954 -0.431566
    outer loop
      vertex 49.9268 32.5613 7.14234
      vertex 49.7693 32.6372 7.5055
      vertex 50.1084 32.8503 7.14234
    endloop
  endfacet
  facet normal -0.763803 -0.479954 -0.431566
    outer loop
      vertex 50.1084 29.7497 7.14234
      vertex 49.7693 29.9628 7.5055
      vertex 49.9268 30.0387 7.14234
    endloop
  endfacet
  facet normal -0.308405 -0.308405 -0.899874
    outer loop
      vertex 50.7029 29.9513 6.5759
      vertex 50.8352 30.3293 6.40101
      vertex 50.9293 30.2352 6.40101
    endloop
  endfacet
  facet normal -0.308405 -0.308405 -0.899874
    outer loop
      vertex 50.8352 30.3293 6.40101
      vertex 50.7029 29.9513 6.5759
      vertex 50.5513 30.1029 6.5759
    endloop
  endfacet
  facet normal -0.158301 -0.158301 -0.974619
    outer loop
      vertex 50.9293 30.2352 6.40101
      vertex 51.1424 30.5743 6.31132
      vertex 51.1743 30.5424 6.31132
    endloop
  endfacet
  facet normal -0.158301 -0.158301 -0.974619
    outer loop
      vertex 51.1424 30.5743 6.31132
      vertex 50.9293 30.2352 6.40101
      vertex 50.8352 30.3293 6.40101
    endloop
  endfacet
  facet normal -0.206597 -0.590611 -0.780062
    outer loop
      vertex 50.9713 29.6937 6.66156
      vertex 50.8845 29.8372 6.5759
      vertex 51.0869 29.7664 6.5759
    endloop
  endfacet
  facet normal -0.206731 -0.590652 -0.779995
    outer loop
      vertex 50.8845 29.8372 6.5759
      vertex 50.9713 29.6937 6.66156
      vertex 50.8154 29.6937 6.70288
    endloop
  endfacet
  facet normal 0.33302 -0.529831 -0.779985
    outer loop
      vertex 60.1155 29.8372 6.5759
      vertex 60.4758 29.6937 6.82721
      vertex 60.1846 29.6937 6.70288
    endloop
  endfacet
  facet normal 0.333204 -0.529557 -0.780092
    outer loop
      vertex 60.4758 29.6937 6.82721
      vertex 60.1155 29.8372 6.5759
      vertex 60.4936 29.7049 6.82721
    endloop
  endfacet
  facet normal 0.637914 -0.637914 0.43143
    outer loop
      vertex 60.8916 29.7497 10.4577
      vertex 60.8356 29.6937 10.4577
      vertex 60.9618 29.6937 10.2711
    endloop
  endfacet
  facet normal 0.621985 -0.0703418 -0.779863
    outer loop
      vertex 60.9728 30.7 6.82721
      vertex 60.6336 30.4869 6.5759
      vertex 60.6577 30.7 6.5759
    endloop
  endfacet
  facet normal 0.433326 -0.0490059 -0.899904
    outer loop
      vertex 60.6336 30.4869 6.5759
      vertex 60.2945 30.7 6.40101
      vertex 60.6577 30.7 6.5759
    endloop
  endfacet
  facet normal 0.896353 -0.100975 -0.431689
    outer loop
      vertex 61.399 30.7 7.5055
      vertex 61.1859 30.3609 7.14234
      vertex 61.2241 30.7 7.14234
    endloop
  endfacet
  facet normal -0.0700132 -0.622183 -0.779735
    outer loop
      vertex 51.1325 29.6937 6.62972
      vertex 51.3 29.7423 6.5759
      vertex 51.3 29.6937 6.61468
    endloop
  endfacet
  facet normal -0.0703026 -0.621638 -0.780143
    outer loop
      vertex 51.3 29.7423 6.5759
      vertex 51.1325 29.6937 6.62972
      vertex 51.0869 29.7664 6.5759
    endloop
  endfacet
  facet normal 0.896357 -0.100991 -0.431676
    outer loop
      vertex 61.3564 30.3219 7.5055
      vertex 61.1859 30.3609 7.14234
      vertex 61.399 30.7 7.5055
    endloop
  endfacet
  facet normal 0.763742 -0.479928 -0.431703
    outer loop
      vertex 60.9618 29.6937 7.32894
      vertex 61.2307 29.9628 7.5055
      vertex 61.0616 29.6937 7.5055
    endloop
  endfacet
  facet normal 0.763768 -0.480136 -0.431426
    outer loop
      vertex 61.2307 29.9628 7.5055
      vertex 60.9618 29.6937 7.32894
      vertex 60.8916 29.7497 7.14234
    endloop
  endfacet
  facet normal 0.825696 -0.51886 -0.221382
    outer loop
      vertex 61.1366 29.6937 7.78523
      vertex 61.0616 29.6937 7.5055
      vertex 61.2307 29.9628 7.5055
    endloop
  endfacet
  facet normal 0.0490059 0.433326 -0.899904
    outer loop
      vertex 59.9131 32.8336 6.5759
      vertex 59.7 32.4945 6.40101
      vertex 59.7 32.8577 6.5759
    endloop
  endfacet
  facet normal 0.0703418 0.621985 -0.779863
    outer loop
      vertex 59.9131 32.8336 6.5759
      vertex 59.7 32.8577 6.5759
      vertex 59.7 33.1728 6.82721
    endloop
  endfacet
  facet normal 0.416805 0.663699 -0.621109
    outer loop
      vertex 60.4936 32.8951 6.82721
      vertex 60.2522 33.0467 6.82721
      vertex 60.6503 33.0916 7.14234
    endloop
  endfacet
  facet normal 0.554171 0.554171 -0.621119
    outer loop
      vertex 60.6951 32.6936 6.82721
      vertex 60.6503 33.0916 7.14234
      vertex 60.8916 32.8503 7.14234
    endloop
  endfacet
  facet normal 0.554171 0.554171 -0.621119
    outer loop
      vertex 60.6503 33.0916 7.14234
      vertex 60.6951 32.6936 6.82721
      vertex 60.4936 32.8951 6.82721
    endloop
  endfacet
  facet normal 0.144014 0.4117 -0.899869
    outer loop
      vertex 60.1155 32.7628 6.5759
      vertex 59.8323 32.4796 6.40101
      vertex 59.9131 32.8336 6.5759
    endloop
  endfacet
  facet normal 0.433427 0.0488138 -0.899865
    outer loop
      vertex 60.2945 31.9 6.40101
      vertex 60.2796 32.0323 6.40101
      vertex 60.6336 32.1131 6.5759
    endloop
  endfacet
  facet normal 0.851506 0.297842 -0.431541
    outer loop
      vertex 61.1859 32.2391 7.14234
      vertex 61.0732 32.5613 7.14234
      vertex 61.2307 32.6372 7.5055
    endloop
  endfacet
  facet normal 0.896357 0.100991 -0.431676
    outer loop
      vertex 61.399 31.9 7.5055
      vertex 61.1859 32.2391 7.14234
      vertex 61.3564 32.2781 7.5055
    endloop
  endfacet
  facet normal 0.073904 0.211296 -0.974624
    outer loop
      vertex 59.7874 32.0816 6.31132
      vertex 59.7448 32.0965 6.31132
      vertex 59.8323 32.4796 6.40101
    endloop
  endfacet
  facet normal 0.232036 -0.369306 -0.899874
    outer loop
      vertex 60.1155 29.8372 6.5759
      vertex 60.0707 30.2352 6.40101
      vertex 60.2971 29.9513 6.5759
    endloop
  endfacet
  facet normal 0.0702401 -0.621616 -0.780166
    outer loop
      vertex 59.9297 29.6937 6.63532
      vertex 59.8675 29.6937 6.62972
      vertex 59.9131 29.7664 6.5759
    endloop
  endfacet
  facet normal -0.11889 -0.189729 -0.974612
    outer loop
      vertex 51.2126 30.5184 6.31132
      vertex 50.9293 30.2352 6.40101
      vertex 51.1743 30.5424 6.31132
    endloop
  endfacet
  facet normal 0.189611 -0.119011 -0.97462
    outer loop
      vertex 60.1648 30.3293 6.40101
      vertex 59.8816 30.6126 6.31132
      vertex 60.2356 30.4421 6.40101
    endloop
  endfacet
  facet normal 0.211296 -0.073904 -0.974624
    outer loop
      vertex 60.2796 30.5677 6.40101
      vertex 59.8816 30.6126 6.31132
      vertex 59.8965 30.6552 6.31132
    endloop
  endfacet
  facet normal 0.231835 -0.369363 0.899902
    outer loop
      vertex 60.0707 30.2352 11.199
      vertex 59.9579 30.1644 11.199
      vertex 60.1155 29.8372 11.0241
    endloop
  endfacet
  facet normal -0.529929 -0.332956 0.779946
    outer loop
      vertex 50.4372 30.2845 11.0241
      vertex 50.3049 29.9064 10.7728
      vertex 50.5513 30.1029 11.0241
    endloop
  endfacet
  facet normal -0.739661 -0.258721 0.621262
    outer loop
      vertex 50.1533 30.1478 10.7728
      vertex 49.8141 30.3609 10.4577
      vertex 49.9268 30.0387 10.4577
    endloop
  endfacet
  facet normal -0.621867 -0.0700478 0.779984
    outer loop
      vertex 50.3664 30.4869 11.0241
      vertex 50.0272 30.7 10.7728
      vertex 50.0591 30.4168 10.7728
    endloop
  endfacet
  facet normal 0.433346 -0.0490082 0.899894
    outer loop
      vertex 60.6577 30.7 11.0241
      vertex 60.2945 30.7 11.199
      vertex 60.6336 30.4869 11.0241
    endloop
  endfacet
  facet normal -0.0248274 -0.222453 0.974627
    outer loop
      vertex 51.3 30.4985 11.2887
      vertex 51.2552 30.5035 11.2887
      vertex 51.3 30.1055 11.199
    endloop
  endfacet
  facet normal 0.119024 -0.189631 0.974615
    outer loop
      vertex 60.0707 30.2352 11.199
      vertex 59.7874 30.5184 11.2887
      vertex 59.9579 30.1644 11.199
    endloop
  endfacet
  facet normal -0.0490082 0.433346 0.899894
    outer loop
      vertex 51.3 32.8577 11.0241
      vertex 51.0869 32.8336 11.0241
      vertex 51.3 32.4945 11.199
    endloop
  endfacet
  facet normal -0.0488161 0.433448 0.899856
    outer loop
      vertex 51.3 32.4945 11.199
      vertex 51.0869 32.8336 11.0241
      vertex 51.1677 32.4796 11.199
    endloop
  endfacet
  facet normal 0.369323 -0.232047 0.899864
    outer loop
      vertex 60.5628 30.2845 11.0241
      vertex 60.1648 30.3293 11.199
      vertex 60.4487 30.1029 11.0241
    endloop
  endfacet
  facet normal 0.231835 0.369363 0.899902
    outer loop
      vertex 60.1155 32.7628 11.0241
      vertex 59.9579 32.4356 11.199
      vertex 60.0707 32.3648 11.199
    endloop
  endfacet
  facet normal 0.529929 0.332956 0.779946
    outer loop
      vertex 60.6951 32.6936 10.7728
      vertex 60.4487 32.4971 11.0241
      vertex 60.5628 32.3155 11.0241
    endloop
  endfacet
  facet normal 0.20667 0.590819 0.779885
    outer loop
      vertex 60.2522 33.0467 10.7728
      vertex 59.9131 32.8336 11.0241
      vertex 60.1155 32.7628 11.0241
    endloop
  endfacet
  facet normal 0.222522 0 0.974928
    outer loop
      vertex 59.9015 31.9 11.2887
      vertex 60.2945 30.7 11.199
      vertex 60.2945 31.9 11.199
    endloop
  endfacet
  facet normal 0.222522 0 0.974928
    outer loop
      vertex 60.2945 30.7 11.199
      vertex 59.9015 31.9 11.2887
      vertex 59.9015 30.7 11.2887
    endloop
  endfacet
  facet normal 0.0248274 -0.222453 0.974627
    outer loop
      vertex 59.7 30.4985 11.2887
      vertex 59.7 30.1055 11.199
      vertex 59.7448 30.5035 11.2887
    endloop
  endfacet
  facet normal 0.62197 -0.0703401 0.779875
    outer loop
      vertex 60.6577 30.7 11.0241
      vertex 60.6336 30.4869 11.0241
      vertex 60.9728 30.7 10.7728
    endloop
  endfacet
  facet normal 0.739661 -0.258721 0.621262
    outer loop
      vertex 61.1859 30.3609 10.4577
      vertex 60.8467 30.1478 10.7728
      vertex 61.0732 30.0387 10.4577
    endloop
  endfacet
  facet normal 0.920513 -0.322094 -0.22116
    outer loop
      vertex 61.3115 29.9239 7.89846
      vertex 61.2307 29.9628 7.5055
      vertex 61.4438 30.302 7.89846
    endloop
  endfacet
  facet normal 0.920498 -0.322213 -0.221049
    outer loop
      vertex 61.4438 30.302 7.89846
      vertex 61.2307 29.9628 7.5055
      vertex 61.3564 30.3219 7.5055
    endloop
  endfacet
  facet normal 0.851523 -0.297848 0.431502
    outer loop
      vertex 61.1859 30.3609 10.4577
      vertex 61.0732 30.0387 10.4577
      vertex 61.2307 29.9628 10.0945
    endloop
  endfacet
  facet normal 0.969126 -0.10919 0.221072
    outer loop
      vertex 61.399 30.7 10.0945
      vertex 61.3564 30.3219 10.0945
      vertex 61.4438 30.302 9.70153
    endloop
  endfacet
  facet normal 0.532085 0.846691 -0
    outer loop
      vertex 60.8152 33.2984 7.89846
      vertex 60.4761 33.5115 9.70153
      vertex 60.8152 33.2984 9.70153
    endloop
  endfacet
  facet normal 0.532085 0.846691 0
    outer loop
      vertex 60.4761 33.5115 9.70153
      vertex 60.8152 33.2984 7.89846
      vertex 60.4761 33.5115 7.89846
    endloop
  endfacet
  facet normal 0.554151 0.554151 0.621155
    outer loop
      vertex 60.6503 33.0916 10.4577
      vertex 60.6951 32.6936 10.7728
      vertex 60.8916 32.8503 10.4577
    endloop
  endfacet
  facet normal 0.554151 0.554151 0.621155
    outer loop
      vertex 60.6951 32.6936 10.7728
      vertex 60.6503 33.0916 10.4577
      vertex 60.4936 32.8951 10.7728
    endloop
  endfacet
  facet normal -0.298018 0.851379 0.431671
    outer loop
      vertex 50.9219 33.5564 10.0945
      vertex 50.5628 33.4307 10.0945
      vertex 50.9609 33.3859 10.4577
    endloop
  endfacet
  facet normal -0.0700478 0.621867 0.779984
    outer loop
      vertex 51.3 33.1728 10.7728
      vertex 51.0168 33.1409 10.7728
      vertex 51.0869 32.8336 11.0241
    endloop
  endfacet
  facet normal -0.322095 0.920514 0.221154
    outer loop
      vertex 50.902 33.6438 9.70153
      vertex 50.5239 33.5115 9.70153
      vertex 50.5628 33.4307 10.0945
    endloop
  endfacet
  facet normal -0.707107 0.707107 0
    outer loop
      vertex 49.9016 33.0152 7.89846
      vertex 50.1848 33.2984 9.70153
      vertex 50.1848 33.2984 7.89846
    endloop
  endfacet
  facet normal -0.707107 0.707107 0
    outer loop
      vertex 50.1848 33.2984 9.70153
      vertex 49.9016 33.0152 7.89846
      vertex 49.9016 33.0152 9.70153
    endloop
  endfacet
  facet normal -0.0877324 0.778797 0.62111
    outer loop
      vertex 51.3 33.4241 10.4577
      vertex 50.9609 33.3859 10.4577
      vertex 51.3 33.1728 10.7728
    endloop
  endfacet
  facet normal -0.100977 0.896371 0.43165
    outer loop
      vertex 51.3 33.599 10.0945
      vertex 50.9609 33.3859 10.4577
      vertex 51.3 33.4241 10.4577
    endloop
  endfacet
  facet normal 0.100993 0.896376 0.431638
    outer loop
      vertex 60.0781 33.5564 10.0945
      vertex 59.7 33.599 10.0945
      vertex 60.0391 33.3859 10.4577
    endloop
  endfacet
  facet normal 0.0703401 0.62197 0.779875
    outer loop
      vertex 59.7 33.1728 10.7728
      vertex 59.7 32.8577 11.0241
      vertex 59.9131 32.8336 11.0241
    endloop
  endfacet
  facet normal 0.479964 0.763819 0.431527
    outer loop
      vertex 60.4372 33.4307 10.0945
      vertex 60.3613 33.2732 10.4577
      vertex 60.6503 33.0916 10.4577
    endloop
  endfacet
  facet normal 0.0700478 0.621867 0.779984
    outer loop
      vertex 59.9832 33.1409 10.7728
      vertex 59.7 33.1728 10.7728
      vertex 59.9131 32.8336 11.0241
    endloop
  endfacet
  facet normal 0.206837 0.59065 0.779968
    outer loop
      vertex 59.9832 33.1409 10.7728
      vertex 59.9131 32.8336 11.0241
      vertex 60.2522 33.0467 10.7728
    endloop
  endfacet
  facet normal 0 0.433848 -0.900986
    outer loop
      vertex 51.3 32.4945 6.40101
      vertex 59.7 32.8577 6.5759
      vertex 59.7 32.4945 6.40101
    endloop
  endfacet
  facet normal 0 0.433848 -0.900986
    outer loop
      vertex 59.7 32.8577 6.5759
      vertex 51.3 32.4945 6.40101
      vertex 51.3 32.8577 6.5759
    endloop
  endfacet
  facet normal -0.663699 0.416805 -0.621109
    outer loop
      vertex 50.1533 32.4522 6.82721
      vertex 50.1084 32.8503 7.14234
      vertex 50.3049 32.6936 6.82721
    endloop
  endfacet
  facet normal -0.330273 0.943886 0
    outer loop
      vertex 50.902 33.6438 7.89846
      vertex 50.5239 33.5115 9.70153
      vertex 50.902 33.6438 9.70153
    endloop
  endfacet
  facet normal -0.330273 0.943886 0
    outer loop
      vertex 50.5239 33.5115 9.70153
      vertex 50.902 33.6438 7.89846
      vertex 50.5239 33.5115 7.89846
    endloop
  endfacet
  facet normal -0.51891 0.825726 -0.221153
    outer loop
      vertex 50.5628 33.4307 7.5055
      vertex 50.1848 33.2984 7.89846
      vertex 50.5239 33.5115 7.89846
    endloop
  endfacet
  facet normal -0.896353 0.100975 -0.431689
    outer loop
      vertex 49.7759 31.9 7.14234
      vertex 49.601 31.9 7.5055
      vertex 49.8141 32.2391 7.14234
    endloop
  endfacet
  facet normal -0.322094 0.920513 -0.22116
    outer loop
      vertex 50.5628 33.4307 7.5055
      vertex 50.5239 33.5115 7.89846
      vertex 50.902 33.6438 7.89846
    endloop
  endfacet
  facet normal -0.189729 0.11889 -0.974612
    outer loop
      vertex 51.1184 31.9874 6.31132
      vertex 50.8352 32.2707 6.40101
      vertex 51.1424 32.0257 6.31132
    endloop
  endfacet
  facet normal 0.189729 0.11889 -0.974612
    outer loop
      vertex 59.8816 31.9874 6.31132
      vertex 59.8576 32.0257 6.31132
      vertex 60.1648 32.2707 6.40101
    endloop
  endfacet
  facet normal -0.825726 0.51891 -0.221153
    outer loop
      vertex 49.7693 32.6372 7.5055
      vertex 49.6885 32.6761 7.89846
      vertex 49.9016 33.0152 7.89846
    endloop
  endfacet
  facet normal -0.920513 0.322094 -0.22116
    outer loop
      vertex 49.7693 32.6372 7.5055
      vertex 49.5562 32.298 7.89846
      vertex 49.6885 32.6761 7.89846
    endloop
  endfacet
  facet normal -0.825727 0.51891 0.221148
    outer loop
      vertex 49.9016 33.0152 9.70153
      vertex 49.6885 32.6761 9.70153
      vertex 49.7693 32.6372 10.0945
    endloop
  endfacet
  facet normal -0.896376 0.100993 0.431638
    outer loop
      vertex 49.6436 32.2781 10.0945
      vertex 49.601 31.9 10.0945
      vertex 49.8141 32.2391 10.4577
    endloop
  endfacet
  facet normal -0.851379 0.298018 0.431671
    outer loop
      vertex 49.7693 32.6372 10.0945
      vertex 49.6436 32.2781 10.0945
      vertex 49.8141 32.2391 10.4577
    endloop
  endfacet
  facet normal -0.59065 0.206837 0.779968
    outer loop
      vertex 50.1533 32.4522 10.7728
      vertex 50.0591 32.1832 10.7728
      vertex 50.3664 32.1131 11.0241
    endloop
  endfacet
  facet normal -0.778797 0.0877324 0.62111
    outer loop
      vertex 49.8141 32.2391 10.4577
      vertex 49.7759 31.9 10.4577
      vertex 50.0272 31.9 10.7728
    endloop
  endfacet
  facet normal -0.825698 -0.518861 0.221375
    outer loop
      vertex 49.9384 29.6937 10.0945
      vertex 49.7693 29.9628 10.0945
      vertex 49.8634 29.6937 9.81476
    endloop
  endfacet
  facet normal -0.82586 -0.518763 0.220998
    outer loop
      vertex 49.8634 29.6937 9.81476
      vertex 49.6885 29.9239 9.70153
      vertex 49.8331 29.6937 9.70153
    endloop
  endfacet
  facet normal -0.825864 -0.51869 0.221154
    outer loop
      vertex 49.6885 29.9239 9.70153
      vertex 49.8634 29.6937 9.81476
      vertex 49.7693 29.9628 10.0945
    endloop
  endfacet
  facet normal -0.20667 0.590819 0.779885
    outer loop
      vertex 51.0869 32.8336 11.0241
      vertex 50.7478 33.0467 10.7728
      vertex 50.8845 32.7628 11.0241
    endloop
  endfacet
  facet normal -0.369323 0.232047 0.899864
    outer loop
      vertex 50.5513 32.4971 11.0241
      vertex 50.4372 32.3155 11.0241
      vertex 50.8352 32.2707 11.199
    endloop
  endfacet
  facet normal -0.411719 0.14402 0.899859
    outer loop
      vertex 50.4372 32.3155 11.0241
      vertex 50.3664 32.1131 11.0241
      vertex 50.7204 32.0323 11.199
    endloop
  endfacet
  facet normal -0.590819 0.20667 0.779885
    outer loop
      vertex 50.4372 32.3155 11.0241
      vertex 50.1533 32.4522 10.7728
      vertex 50.3664 32.1131 11.0241
    endloop
  endfacet
  facet normal -0.41679 0.663675 0.621146
    outer loop
      vertex 50.7478 33.0467 10.7728
      vertex 50.3497 33.0916 10.4577
      vertex 50.5064 32.8951 10.7728
    endloop
  endfacet
  facet normal -0.763818 0.479965 0.431526
    outer loop
      vertex 49.9717 32.9593 10.0945
      vertex 49.7693 32.6372 10.0945
      vertex 50.1084 32.8503 10.4577
    endloop
  endfacet
  facet normal -0.663675 0.41679 0.621146
    outer loop
      vertex 50.3049 32.6936 10.7728
      vertex 50.1084 32.8503 10.4577
      vertex 50.1533 32.4522 10.7728
    endloop
  endfacet
  facet normal -0.663479 0.416913 0.621273
    outer loop
      vertex 50.1084 32.8503 10.4577
      vertex 49.9268 32.5613 10.4577
      vertex 50.1533 32.4522 10.7728
    endloop
  endfacet
  facet normal -0.920499 -0.322213 0.221044
    outer loop
      vertex 49.6436 30.3219 10.0945
      vertex 49.5562 30.302 9.70153
      vertex 49.7693 29.9628 10.0945
    endloop
  endfacet
  facet normal -0.846798 -0.531915 0
    outer loop
      vertex 49.8331 29.6937 7.89846
      vertex 49.6885 29.9239 9.70153
      vertex 49.6885 29.9239 7.89846
    endloop
  endfacet
  facet normal -0.846798 -0.531915 0
    outer loop
      vertex 49.6885 29.9239 9.70153
      vertex 49.8331 29.6937 7.89846
      vertex 49.8331 29.6937 9.70153
    endloop
  endfacet
  facet normal -0.529942 -0.332964 -0.779934
    outer loop
      vertex 50.5513 30.1029 6.5759
      vertex 50.3049 29.9064 6.82721
      vertex 50.4372 30.2845 6.5759
    endloop
  endfacet
  facet normal -0.896353 -0.100975 -0.431689
    outer loop
      vertex 49.8141 30.3609 7.14234
      vertex 49.601 30.7 7.5055
      vertex 49.7759 30.7 7.14234
    endloop
  endfacet
  facet normal -0.993697 -0.112103 0
    outer loop
      vertex 49.5562 30.302 7.89846
      vertex 49.5113 30.7 9.70153
      vertex 49.5113 30.7 7.89846
    endloop
  endfacet
  facet normal -0.993697 -0.112103 0
    outer loop
      vertex 49.5113 30.7 9.70153
      vertex 49.5562 30.302 7.89846
      vertex 49.5562 30.302 9.70153
    endloop
  endfacet
  facet normal -1 0 0
    outer loop
      vertex 49.5113 30.7 7.89846
      vertex 49.5113 31.9 9.70153
      vertex 49.5113 31.9 7.89846
    endloop
  endfacet
  facet normal -1 -0 0
    outer loop
      vertex 49.5113 31.9 9.70153
      vertex 49.5113 30.7 7.89846
      vertex 49.5113 30.7 9.70153
    endloop
  endfacet
  facet normal -0.969125 0.10919 -0.221077
    outer loop
      vertex 49.601 31.9 7.5055
      vertex 49.5562 32.298 7.89846
      vertex 49.6436 32.2781 7.5055
    endloop
  endfacet
  facet normal -0.739688 0.25873 -0.621225
    outer loop
      vertex 50.1533 32.4522 6.82721
      vertex 49.8141 32.2391 7.14234
      vertex 49.9268 32.5613 7.14234
    endloop
  endfacet
  facet normal -0.189729 -0.11889 -0.974612
    outer loop
      vertex 51.1424 30.5743 6.31132
      vertex 50.8352 30.3293 6.40101
      vertex 51.1184 30.6126 6.31132
    endloop
  endfacet
  facet normal -0.0488138 -0.433427 -0.899865
    outer loop
      vertex 51.3 30.1055 6.40101
      vertex 51.0869 29.7664 6.5759
      vertex 51.1677 30.1204 6.40101
    endloop
  endfacet
  facet normal -0.144014 -0.4117 -0.899869
    outer loop
      vertex 51.0869 29.7664 6.5759
      vertex 50.8845 29.8372 6.5759
      vertex 51.1677 30.1204 6.40101
    endloop
  endfacet
  facet normal 0.20678 -0.590428 -0.780152
    outer loop
      vertex 59.9297 29.6937 6.63532
      vertex 59.9131 29.7664 6.5759
      vertex 60.0287 29.6937 6.66156
    endloop
  endfacet
  facet normal 0.417271 -0.663163 -0.621369
    outer loop
      vertex 60.5025 29.6937 6.84514
      vertex 60.4758 29.6937 6.82721
      vertex 60.4936 29.7049 6.82721
    endloop
  endfacet
  facet normal 0 -0.62391 0.781496
    outer loop
      vertex 51.3 29.7423 11.0241
      vertex 59.7 29.6937 10.9853
      vertex 59.7 29.7423 11.0241
    endloop
  endfacet
  facet normal 0 -0.62391 0.781496
    outer loop
      vertex 59.7 29.6937 10.9853
      vertex 51.3 29.7423 11.0241
      vertex 51.3 29.6937 10.9853
    endloop
  endfacet
  facet normal 0.25873 0.739688 -0.621225
    outer loop
      vertex 60.2522 33.0467 6.82721
      vertex 60.0391 33.3859 7.14234
      vertex 60.3613 33.2732 7.14234
    endloop
  endfacet
  facet normal 0.529942 0.332964 -0.779934
    outer loop
      vertex 60.5628 32.3155 6.5759
      vertex 60.4487 32.4971 6.5759
      vertex 60.6951 32.6936 6.82721
    endloop
  endfacet
  facet normal 0.851506 -0.297842 -0.431541
    outer loop
      vertex 61.2307 29.9628 7.5055
      vertex 61.0732 30.0387 7.14234
      vertex 61.1859 30.3609 7.14234
    endloop
  endfacet
  facet normal 0.763803 -0.479954 -0.431566
    outer loop
      vertex 61.2307 29.9628 7.5055
      vertex 60.8916 29.7497 7.14234
      vertex 61.0732 30.0387 7.14234
    endloop
  endfacet
  facet normal 0.739723 -0.259041 -0.621053
    outer loop
      vertex 61.1859 30.3609 7.14234
      vertex 60.8467 30.1478 6.82721
      vertex 60.9409 30.4168 6.82721
    endloop
  endfacet
  facet normal 0.590664 -0.206842 -0.779956
    outer loop
      vertex 60.8467 30.1478 6.82721
      vertex 60.6336 30.4869 6.5759
      vertex 60.9409 30.4168 6.82721
    endloop
  endfacet
  facet normal 0.778826 -0.0877356 -0.621074
    outer loop
      vertex 61.1859 30.3609 7.14234
      vertex 60.9728 30.7 6.82721
      vertex 61.2241 30.7 7.14234
    endloop
  endfacet
  facet normal 0.781841 0 -0.623478
    outer loop
      vertex 61.2241 30.7 7.14234
      vertex 60.9728 31.9 6.82721
      vertex 61.2241 31.9 7.14234
    endloop
  endfacet
  facet normal 0.781841 0 -0.623478
    outer loop
      vertex 60.9728 31.9 6.82721
      vertex 61.2241 30.7 7.14234
      vertex 60.9728 30.7 6.82721
    endloop
  endfacet
  facet normal 0.206675 0.590833 -0.779873
    outer loop
      vertex 60.1155 32.7628 6.5759
      vertex 59.9131 32.8336 6.5759
      vertex 60.2522 33.0467 6.82721
    endloop
  endfacet
  facet normal 0.231824 0.369346 -0.899912
    outer loop
      vertex 60.0707 32.3648 6.40101
      vertex 59.9579 32.4356 6.40101
      vertex 60.1155 32.7628 6.5759
    endloop
  endfacet
  facet normal 0.297842 0.851506 -0.431541
    outer loop
      vertex 60.3613 33.2732 7.14234
      vertex 60.0391 33.3859 7.14234
      vertex 60.4372 33.4307 7.5055
    endloop
  endfacet
  facet normal 0.530069 0.332885 -0.779881
    outer loop
      vertex 60.8467 32.4522 6.82721
      vertex 60.5628 32.3155 6.5759
      vertex 60.6951 32.6936 6.82721
    endloop
  endfacet
  facet normal 0.232036 0.369306 -0.899874
    outer loop
      vertex 60.2971 32.6487 6.5759
      vertex 60.0707 32.3648 6.40101
      vertex 60.1155 32.7628 6.5759
    endloop
  endfacet
  facet normal 0.231824 -0.369346 -0.899912
    outer loop
      vertex 60.1155 29.8372 6.5759
      vertex 59.9579 30.1644 6.40101
      vertex 60.0707 30.2352 6.40101
    endloop
  endfacet
  facet normal -0.158301 0.158301 -0.974619
    outer loop
      vertex 51.1424 32.0257 6.31132
      vertex 50.9293 32.3648 6.40101
      vertex 51.1743 32.0576 6.31132
    endloop
  endfacet
  facet normal -0.158301 0.158301 -0.974619
    outer loop
      vertex 50.9293 32.3648 6.40101
      vertex 51.1424 32.0257 6.31132
      vertex 50.8352 32.2707 6.40101
    endloop
  endfacet
  facet normal 0.119011 0.189611 -0.97462
    outer loop
      vertex 60.0707 32.3648 6.40101
      vertex 59.7874 32.0816 6.31132
      vertex 59.9579 32.4356 6.40101
    endloop
  endfacet
  facet normal 0.433848 0 -0.900986
    outer loop
      vertex 60.2945 30.7 6.40101
      vertex 60.6577 31.9 6.5759
      vertex 60.6577 30.7 6.5759
    endloop
  endfacet
  facet normal 0.433848 0 -0.900986
    outer loop
      vertex 60.6577 31.9 6.5759
      vertex 60.2945 30.7 6.40101
      vertex 60.2945 31.9 6.40101
    endloop
  endfacet
  facet normal 0.590833 0.206675 -0.779873
    outer loop
      vertex 60.6336 32.1131 6.5759
      vertex 60.5628 32.3155 6.5759
      vertex 60.8467 32.4522 6.82721
    endloop
  endfacet
  facet normal 0.0250533 -0.222453 -0.974622
    outer loop
      vertex 59.8323 30.1204 6.40101
      vertex 59.7 30.1055 6.40101
      vertex 59.7448 30.5035 6.31132
    endloop
  endfacet
  facet normal 0.211282 -0.074016 -0.974619
    outer loop
      vertex 60.2356 30.4421 6.40101
      vertex 59.8816 30.6126 6.31132
      vertex 60.2796 30.5677 6.40101
    endloop
  endfacet
  facet normal 0.369346 -0.231824 -0.899912
    outer loop
      vertex 60.5628 30.2845 6.5759
      vertex 60.1648 30.3293 6.40101
      vertex 60.2356 30.4421 6.40101
    endloop
  endfacet
  facet normal 0.41156 -0.144177 -0.899906
    outer loop
      vertex 60.5628 30.2845 6.5759
      vertex 60.2356 30.4421 6.40101
      vertex 60.2796 30.5677 6.40101
    endloop
  endfacet
  facet normal 0.4117 -0.144014 -0.899869
    outer loop
      vertex 60.5628 30.2845 6.5759
      vertex 60.2796 30.5677 6.40101
      vertex 60.6336 30.4869 6.5759
    endloop
  endfacet
  facet normal 0.530069 -0.332885 -0.779881
    outer loop
      vertex 60.6951 29.9064 6.82721
      vertex 60.5628 30.2845 6.5759
      vertex 60.8467 30.1478 6.82721
    endloop
  endfacet
  facet normal 0.663699 -0.416805 -0.621109
    outer loop
      vertex 60.8916 29.7497 7.14234
      vertex 60.6951 29.9064 6.82721
      vertex 60.8467 30.1478 6.82721
    endloop
  endfacet
  facet normal 0.417001 -0.662734 0.622008
    outer loop
      vertex 60.4936 29.7049 10.7728
      vertex 60.4758 29.6937 10.7728
      vertex 60.5025 29.6937 10.7549
    endloop
  endfacet
  facet normal -0.62197 0.0703401 0.779875
    outer loop
      vertex 50.3664 32.1131 11.0241
      vertex 50.0272 31.9 10.7728
      vertex 50.3423 31.9 11.0241
    endloop
  endfacet
  facet normal -0.332956 -0.529929 0.779946
    outer loop
      vertex 50.7029 29.9513 11.0241
      vertex 50.5064 29.7049 10.7728
      vertex 50.8845 29.8372 11.0241
    endloop
  endfacet
  facet normal -0.442539 -0.442539 0.779947
    outer loop
      vertex 50.5513 30.1029 11.0241
      vertex 50.5064 29.7049 10.7728
      vertex 50.7029 29.9513 11.0241
    endloop
  endfacet
  facet normal -0.442539 -0.442539 0.779947
    outer loop
      vertex 50.5064 29.7049 10.7728
      vertex 50.5513 30.1029 11.0241
      vertex 50.3049 29.9064 10.7728
    endloop
  endfacet
  facet normal -0.778802 -0.0877252 0.621105
    outer loop
      vertex 50.0272 30.7 10.7728
      vertex 49.8141 30.3609 10.4577
      vertex 50.0591 30.4168 10.7728
    endloop
  endfacet
  facet normal -0.739696 -0.259031 0.62109
    outer loop
      vertex 50.0591 30.4168 10.7728
      vertex 49.8141 30.3609 10.4577
      vertex 50.1533 30.1478 10.7728
    endloop
  endfacet
  facet normal 0.0490082 -0.433346 0.899894
    outer loop
      vertex 59.7 30.1055 11.199
      vertex 59.7 29.7423 11.0241
      vertex 59.9131 29.7664 11.0241
    endloop
  endfacet
  facet normal 0.0702867 -0.621498 0.780257
    outer loop
      vertex 59.7 29.7423 11.0241
      vertex 59.8675 29.6937 10.9703
      vertex 59.9131 29.7664 11.0241
    endloop
  endfacet
  facet normal 0.0698139 -0.622388 0.779589
    outer loop
      vertex 59.8675 29.6937 10.9703
      vertex 59.7 29.7423 11.0241
      vertex 59.7 29.6937 10.9853
    endloop
  endfacet
  facet normal 0.0739118 -0.211318 0.974619
    outer loop
      vertex 59.7874 30.5184 11.2887
      vertex 59.7448 30.5035 11.2887
      vertex 59.8323 30.1204 11.199
    endloop
  endfacet
  facet normal 0 0 1
    outer loop
      vertex 59.7 32.1015 11.2887
      vertex 59.9015 31.9 11.2887
      vertex 59.8965 31.9448 11.2887
    endloop
  endfacet
  facet normal 0 0 1
    outer loop
      vertex 59.9015 31.9 11.2887
      vertex 59.7 32.1015 11.2887
      vertex 59.9015 30.7 11.2887
    endloop
  endfacet
  facet normal 0 0 1
    outer loop
      vertex 59.7 32.1015 11.2887
      vertex 59.8965 31.9448 11.2887
      vertex 59.8816 31.9874 11.2887
    endloop
  endfacet
  facet normal 0 0 1
    outer loop
      vertex 59.7 30.4985 11.2887
      vertex 59.9015 30.7 11.2887
      vertex 59.7 32.1015 11.2887
    endloop
  endfacet
  facet normal 0 0 1
    outer loop
      vertex 59.7 32.1015 11.2887
      vertex 59.8816 31.9874 11.2887
      vertex 59.8576 32.0257 11.2887
    endloop
  endfacet
  facet normal 0 0 1
    outer loop
      vertex 59.9015 30.7 11.2887
      vertex 59.7 30.4985 11.2887
      vertex 59.8965 30.6552 11.2887
    endloop
  endfacet
  facet normal 0 0 1
    outer loop
      vertex 59.7 32.1015 11.2887
      vertex 59.8576 32.0257 11.2887
      vertex 59.8257 32.0576 11.2887
    endloop
  endfacet
  facet normal 0 0 1
    outer loop
      vertex 59.8965 30.6552 11.2887
      vertex 59.7 30.4985 11.2887
      vertex 59.8816 30.6126 11.2887
    endloop
  endfacet
  facet normal 0 0 1
    outer loop
      vertex 59.7 32.1015 11.2887
      vertex 59.8257 32.0576 11.2887
      vertex 59.7874 32.0816 11.2887
    endloop
  endfacet
  facet normal 0 0 1
    outer loop
      vertex 59.8816 30.6126 11.2887
      vertex 59.7 30.4985 11.2887
      vertex 59.8576 30.5743 11.2887
    endloop
  endfacet
  facet normal 0 0 1
    outer loop
      vertex 59.7 32.1015 11.2887
      vertex 59.7874 32.0816 11.2887
      vertex 59.7448 32.0965 11.2887
    endloop
  endfacet
  facet normal 0 0 1
    outer loop
      vertex 59.8576 30.5743 11.2887
      vertex 59.7 30.4985 11.2887
      vertex 59.8257 30.5424 11.2887
    endloop
  endfacet
  facet normal 0 0 1
    outer loop
      vertex 59.8257 30.5424 11.2887
      vertex 59.7 30.4985 11.2887
      vertex 59.7874 30.5184 11.2887
    endloop
  endfacet
  facet normal 0 0 1
    outer loop
      vertex 59.7874 30.5184 11.2887
      vertex 59.7 30.4985 11.2887
      vertex 59.7448 30.5035 11.2887
    endloop
  endfacet
  facet normal -0 0 1
    outer loop
      vertex 51.3 32.1015 11.2887
      vertex 59.7 30.4985 11.2887
      vertex 59.7 32.1015 11.2887
    endloop
  endfacet
  facet normal 0 0 1
    outer loop
      vertex 51.3 32.1015 11.2887
      vertex 51.3 30.4985 11.2887
      vertex 59.7 30.4985 11.2887
    endloop
  endfacet
  facet normal 0 0 1
    outer loop
      vertex 51.0985 31.9 11.2887
      vertex 51.3 32.1015 11.2887
      vertex 51.2552 32.0965 11.2887
    endloop
  endfacet
  facet normal 0 0 1
    outer loop
      vertex 51.3 32.1015 11.2887
      vertex 51.0985 31.9 11.2887
      vertex 51.3 30.4985 11.2887
    endloop
  endfacet
  facet normal 0 0 1
    outer loop
      vertex 51.0985 31.9 11.2887
      vertex 51.2552 32.0965 11.2887
      vertex 51.2126 32.0816 11.2887
    endloop
  endfacet
  facet normal -0 0 1
    outer loop
      vertex 51.0985 30.7 11.2887
      vertex 51.3 30.4985 11.2887
      vertex 51.0985 31.9 11.2887
    endloop
  endfacet
  facet normal 0 0 1
    outer loop
      vertex 51.0985 31.9 11.2887
      vertex 51.2126 32.0816 11.2887
      vertex 51.1743 32.0576 11.2887
    endloop
  endfacet
  facet normal 0 0 1
    outer loop
      vertex 51.3 30.4985 11.2887
      vertex 51.0985 30.7 11.2887
      vertex 51.2552 30.5035 11.2887
    endloop
  endfacet
  facet normal 0 0 1
    outer loop
      vertex 51.0985 31.9 11.2887
      vertex 51.1743 32.0576 11.2887
      vertex 51.1424 32.0257 11.2887
    endloop
  endfacet
  facet normal 0 0 1
    outer loop
      vertex 51.2552 30.5035 11.2887
      vertex 51.0985 30.7 11.2887
      vertex 51.2126 30.5184 11.2887
    endloop
  endfacet
  facet normal 0 0 1
    outer loop
      vertex 51.0985 31.9 11.2887
      vertex 51.1424 32.0257 11.2887
      vertex 51.1184 31.9874 11.2887
    endloop
  endfacet
  facet normal 0 0 1
    outer loop
      vertex 51.2126 30.5184 11.2887
      vertex 51.0985 30.7 11.2887
      vertex 51.1743 30.5424 11.2887
    endloop
  endfacet
  facet normal 0 0 1
    outer loop
      vertex 51.0985 31.9 11.2887
      vertex 51.1184 31.9874 11.2887
      vertex 51.1035 31.9448 11.2887
    endloop
  endfacet
  facet normal 0 0 1
    outer loop
      vertex 51.1743 30.5424 11.2887
      vertex 51.0985 30.7 11.2887
      vertex 51.1424 30.5743 11.2887
    endloop
  endfacet
  facet normal 0 0 1
    outer loop
      vertex 51.1424 30.5743 11.2887
      vertex 51.0985 30.7 11.2887
      vertex 51.1184 30.6126 11.2887
    endloop
  endfacet
  facet normal 0 0 1
    outer loop
      vertex 51.1184 30.6126 11.2887
      vertex 51.0985 30.7 11.2887
      vertex 51.1035 30.6552 11.2887
    endloop
  endfacet
  facet normal 0.0740238 0.211304 0.974613
    outer loop
      vertex 59.8323 32.4796 11.199
      vertex 59.7874 32.0816 11.2887
      vertex 59.9579 32.4356 11.199
    endloop
  endfacet
  facet normal 0.158317 0.158317 0.974613
    outer loop
      vertex 60.0707 32.3648 11.199
      vertex 59.8576 32.0257 11.2887
      vertex 60.1648 32.2707 11.199
    endloop
  endfacet
  facet normal 0.158317 0.158317 0.974613
    outer loop
      vertex 59.8576 32.0257 11.2887
      vertex 60.0707 32.3648 11.199
      vertex 59.8257 32.0576 11.2887
    endloop
  endfacet
  facet normal 0.332956 0.529929 0.779946
    outer loop
      vertex 60.4936 32.8951 10.7728
      vertex 60.1155 32.7628 11.0241
      vertex 60.2971 32.6487 11.0241
    endloop
  endfacet
  facet normal 0.369323 0.232047 0.899864
    outer loop
      vertex 60.4487 32.4971 11.0241
      vertex 60.1648 32.2707 11.199
      vertex 60.5628 32.3155 11.0241
    endloop
  endfacet
  facet normal 0.119024 0.189631 0.974615
    outer loop
      vertex 59.9579 32.4356 11.199
      vertex 59.7874 32.0816 11.2887
      vertex 60.0707 32.3648 11.199
    endloop
  endfacet
  facet normal 0.308419 0.308419 0.899864
    outer loop
      vertex 60.2971 32.6487 11.0241
      vertex 60.1648 32.2707 11.199
      vertex 60.4487 32.4971 11.0241
    endloop
  endfacet
  facet normal 0.308419 0.308419 0.899864
    outer loop
      vertex 60.1648 32.2707 11.199
      vertex 60.2971 32.6487 11.0241
      vertex 60.0707 32.3648 11.199
    endloop
  endfacet
  facet normal -0.118903 -0.189749 0.974606
    outer loop
      vertex 51.1743 30.5424 11.2887
      vertex 50.9293 30.2352 11.199
      vertex 51.2126 30.5184 11.2887
    endloop
  endfacet
  facet normal -0.189631 -0.119024 0.974615
    outer loop
      vertex 51.1184 30.6126 11.2887
      vertex 50.7644 30.4421 11.199
      vertex 50.8352 30.3293 11.199
    endloop
  endfacet
  facet normal 0.118903 0.189749 0.974606
    outer loop
      vertex 60.0707 32.3648 11.199
      vertex 59.7874 32.0816 11.2887
      vertex 59.8257 32.0576 11.2887
    endloop
  endfacet
  facet normal 0.222453 0.0248274 0.974627
    outer loop
      vertex 60.2945 31.9 11.199
      vertex 59.8965 31.9448 11.2887
      vertex 59.9015 31.9 11.2887
    endloop
  endfacet
  facet normal 0.530056 -0.332877 0.779893
    outer loop
      vertex 60.8467 30.1478 10.7728
      vertex 60.5628 30.2845 11.0241
      vertex 60.6951 29.9064 10.7728
    endloop
  endfacet
  facet normal 0.778802 -0.0877252 0.621105
    outer loop
      vertex 60.9728 30.7 10.7728
      vertex 60.9409 30.4168 10.7728
      vertex 61.1859 30.3609 10.4577
    endloop
  endfacet
  facet normal 0.433448 0.0488161 0.899856
    outer loop
      vertex 60.6336 32.1131 11.0241
      vertex 60.2796 32.0323 11.199
      vertex 60.2945 31.9 11.199
    endloop
  endfacet
  facet normal 0.222476 0.0250559 0.974616
    outer loop
      vertex 60.2796 32.0323 11.199
      vertex 59.8965 31.9448 11.2887
      vertex 60.2945 31.9 11.199
    endloop
  endfacet
  facet normal 0.222453 -0.0248274 0.974627
    outer loop
      vertex 59.9015 30.7 11.2887
      vertex 59.8965 30.6552 11.2887
      vertex 60.2945 30.7 11.199
    endloop
  endfacet
  facet normal -0.144184 -0.411579 0.899897
    outer loop
      vertex 51.0421 30.1644 11.199
      vertex 50.8845 29.8372 11.0241
      vertex 51.1677 30.1204 11.199
    endloop
  endfacet
  facet normal 0.621867 -0.0700478 0.779984
    outer loop
      vertex 60.9728 30.7 10.7728
      vertex 60.6336 30.4869 11.0241
      vertex 60.9409 30.4168 10.7728
    endloop
  endfacet
  facet normal 0.663675 0.41679 0.621146
    outer loop
      vertex 60.8916 32.8503 10.4577
      vertex 60.6951 32.6936 10.7728
      vertex 60.8467 32.4522 10.7728
    endloop
  endfacet
  facet normal 0.623514 0 0.781812
    outer loop
      vertex 60.6577 31.9 11.0241
      vertex 60.9728 30.7 10.7728
      vertex 60.9728 31.9 10.7728
    endloop
  endfacet
  facet normal 0.623514 0 0.781812
    outer loop
      vertex 60.9728 30.7 10.7728
      vertex 60.6577 31.9 11.0241
      vertex 60.6577 30.7 11.0241
    endloop
  endfacet
  facet normal 1 -0 0
    outer loop
      vertex 61.4887 30.7 9.70153
      vertex 61.4887 31.9 7.89846
      vertex 61.4887 31.9 9.70153
    endloop
  endfacet
  facet normal 1 0 0
    outer loop
      vertex 61.4887 31.9 7.89846
      vertex 61.4887 30.7 9.70153
      vertex 61.4887 30.7 7.89846
    endloop
  endfacet
  facet normal 0.993697 -0.112103 0
    outer loop
      vertex 61.4438 30.302 9.70153
      vertex 61.4887 30.7 7.89846
      vertex 61.4887 30.7 9.70153
    endloop
  endfacet
  facet normal 0.993697 -0.112103 0
    outer loop
      vertex 61.4887 30.7 7.89846
      vertex 61.4438 30.302 9.70153
      vertex 61.4438 30.302 7.89846
    endloop
  endfacet
  facet normal 0.846691 0.532085 0
    outer loop
      vertex 61.3115 32.6761 9.70153
      vertex 61.0984 33.0152 7.89846
      vertex 61.0984 33.0152 9.70153
    endloop
  endfacet
  facet normal 0.846691 0.532085 0
    outer loop
      vertex 61.0984 33.0152 7.89846
      vertex 61.3115 32.6761 9.70153
      vertex 61.3115 32.6761 7.89846
    endloop
  endfacet
  facet normal 0.59065 0.206837 0.779968
    outer loop
      vertex 60.8467 32.4522 10.7728
      vertex 60.6336 32.1131 11.0241
      vertex 60.9409 32.1832 10.7728
    endloop
  endfacet
  facet normal 0.637883 0.637883 0.43152
    outer loop
      vertex 60.7593 33.2283 10.0945
      vertex 60.8916 32.8503 10.4577
      vertex 61.0283 32.9593 10.0945
    endloop
  endfacet
  facet normal 0.637883 0.637883 0.43152
    outer loop
      vertex 60.8916 32.8503 10.4577
      vertex 60.7593 33.2283 10.0945
      vertex 60.6503 33.0916 10.4577
    endloop
  endfacet
  facet normal 0.518883 0.825752 -0.221119
    outer loop
      vertex 60.7593 33.2283 7.5055
      vertex 60.4372 33.4307 7.5055
      vertex 60.8152 33.2984 7.89846
    endloop
  endfacet
  facet normal -0.479964 0.763819 0.431527
    outer loop
      vertex 50.5628 33.4307 10.0945
      vertex 50.3497 33.0916 10.4577
      vertex 50.6387 33.2732 10.4577
    endloop
  endfacet
  facet normal -0.0877252 0.778802 0.621105
    outer loop
      vertex 51.3 33.1728 10.7728
      vertex 50.9609 33.3859 10.4577
      vertex 51.0168 33.1409 10.7728
    endloop
  endfacet
  facet normal 0 0.974924 0.222538
    outer loop
      vertex 59.7 33.6887 9.70153
      vertex 51.3 33.599 10.0945
      vertex 59.7 33.599 10.0945
    endloop
  endfacet
  facet normal 0 0.974924 0.222538
    outer loop
      vertex 51.3 33.599 10.0945
      vertex 59.7 33.6887 9.70153
      vertex 51.3 33.6887 9.70153
    endloop
  endfacet
  facet normal -0.297842 0.851506 -0.431541
    outer loop
      vertex 50.6387 33.2732 7.14234
      vertex 50.5628 33.4307 7.5055
      vertex 50.9609 33.3859 7.14234
    endloop
  endfacet
  facet normal -0.206842 0.590664 -0.779956
    outer loop
      vertex 51.0869 32.8336 6.5759
      vertex 50.7478 33.0467 6.82721
      vertex 51.0168 33.1409 6.82721
    endloop
  endfacet
  facet normal 0 0.623529 -0.7818
    outer loop
      vertex 51.3 32.8577 6.5759
      vertex 59.7 33.1728 6.82721
      vertex 59.7 32.8577 6.5759
    endloop
  endfacet
  facet normal 0 0.623529 -0.7818
    outer loop
      vertex 59.7 33.1728 6.82721
      vertex 51.3 32.8577 6.5759
      vertex 51.3 33.1728 6.82721
    endloop
  endfacet
  facet normal -0.112103 0.993697 0
    outer loop
      vertex 51.3 33.6887 7.89846
      vertex 50.902 33.6438 9.70153
      vertex 51.3 33.6887 9.70153
    endloop
  endfacet
  facet normal -0.112103 0.993697 0
    outer loop
      vertex 50.902 33.6438 9.70153
      vertex 51.3 33.6887 7.89846
      vertex 50.902 33.6438 7.89846
    endloop
  endfacet
  facet normal 0.158301 0.158301 -0.974619
    outer loop
      vertex 59.8576 32.0257 6.31132
      vertex 60.0707 32.3648 6.40101
      vertex 60.1648 32.2707 6.40101
    endloop
  endfacet
  facet normal 0.158301 0.158301 -0.974619
    outer loop
      vertex 60.0707 32.3648 6.40101
      vertex 59.8576 32.0257 6.31132
      vertex 59.8257 32.0576 6.31132
    endloop
  endfacet
  facet normal -0.663503 0.416928 -0.621237
    outer loop
      vertex 50.1533 32.4522 6.82721
      vertex 49.9268 32.5613 7.14234
      vertex 50.1084 32.8503 7.14234
    endloop
  endfacet
  facet normal -0.621882 0.0700495 -0.779972
    outer loop
      vertex 50.3664 32.1131 6.5759
      vertex 50.0272 31.9 6.82721
      vertex 50.0591 32.1832 6.82721
    endloop
  endfacet
  facet normal -0.433326 0.0490059 -0.899904
    outer loop
      vertex 50.7055 31.9 6.40101
      vertex 50.3423 31.9 6.5759
      vertex 50.3664 32.1131 6.5759
    endloop
  endfacet
  facet normal -0.689605 0.689605 0.221112
    outer loop
      vertex 49.9016 33.0152 9.70153
      vertex 50.2407 33.2283 10.0945
      vertex 50.1848 33.2984 9.70153
    endloop
  endfacet
  facet normal -0.689605 0.689605 0.221112
    outer loop
      vertex 50.2407 33.2283 10.0945
      vertex 49.9016 33.0152 9.70153
      vertex 49.9717 32.9593 10.0945
    endloop
  endfacet
  facet normal -0.637883 0.637883 0.43152
    outer loop
      vertex 50.2407 33.2283 10.0945
      vertex 50.1084 32.8503 10.4577
      vertex 50.3497 33.0916 10.4577
    endloop
  endfacet
  facet normal -0.637883 0.637883 0.43152
    outer loop
      vertex 50.1084 32.8503 10.4577
      vertex 50.2407 33.2283 10.0945
      vertex 49.9717 32.9593 10.0945
    endloop
  endfacet
  facet normal -0.739696 0.259031 0.62109
    outer loop
      vertex 50.1533 32.4522 10.7728
      vertex 49.8141 32.2391 10.4577
      vertex 50.0591 32.1832 10.7728
    endloop
  endfacet
  facet normal -0.739661 0.258721 0.621262
    outer loop
      vertex 49.9268 32.5613 10.4577
      vertex 49.8141 32.2391 10.4577
      vertex 50.1533 32.4522 10.7728
    endloop
  endfacet
  facet normal -0.189631 0.119024 0.974615
    outer loop
      vertex 50.8352 32.2707 11.199
      vertex 50.7644 32.1579 11.199
      vertex 51.1184 31.9874 11.2887
    endloop
  endfacet
  facet normal -0.211304 0.0740238 0.974613
    outer loop
      vertex 50.7644 32.1579 11.199
      vertex 50.7204 32.0323 11.199
      vertex 51.1184 31.9874 11.2887
    endloop
  endfacet
  facet normal -0.529929 0.332956 0.779946
    outer loop
      vertex 50.5513 32.4971 11.0241
      vertex 50.3049 32.6936 10.7728
      vertex 50.4372 32.3155 11.0241
    endloop
  endfacet
  facet normal -0.433868 0 0.900977
    outer loop
      vertex 50.3423 31.9 11.0241
      vertex 50.7055 30.7 11.199
      vertex 50.7055 31.9 11.199
    endloop
  endfacet
  facet normal -0.433868 0 0.900977
    outer loop
      vertex 50.7055 30.7 11.199
      vertex 50.3423 31.9 11.0241
      vertex 50.3423 30.7 11.0241
    endloop
  endfacet
  facet normal -0.62197 -0.0703401 0.779875
    outer loop
      vertex 50.3423 30.7 11.0241
      vertex 50.0272 30.7 10.7728
      vertex 50.3664 30.4869 11.0241
    endloop
  endfacet
  facet normal -0.44255 -0.44255 -0.779935
    outer loop
      vertex 50.5064 29.7049 6.82721
      vertex 50.5513 30.1029 6.5759
      vertex 50.7029 29.9513 6.5759
    endloop
  endfacet
  facet normal -0.44255 -0.44255 -0.779935
    outer loop
      vertex 50.5513 30.1029 6.5759
      vertex 50.5064 29.7049 6.82721
      vertex 50.3049 29.9064 6.82721
    endloop
  endfacet
  facet normal -0.851361 -0.298012 -0.431709
    outer loop
      vertex 49.7693 29.9628 7.5055
      vertex 49.6436 30.3219 7.5055
      vertex 49.8141 30.3609 7.14234
    endloop
  endfacet
  facet normal -0.778826 -0.0877356 -0.621074
    outer loop
      vertex 49.8141 30.3609 7.14234
      vertex 49.7759 30.7 7.14234
      vertex 50.0272 30.7 6.82721
    endloop
  endfacet
  facet normal -0.433326 -0.0490059 -0.899904
    outer loop
      vertex 50.3664 30.4869 6.5759
      vertex 50.3423 30.7 6.5759
      vertex 50.7055 30.7 6.40101
    endloop
  endfacet
  facet normal -0.22243 -0.0248247 -0.974633
    outer loop
      vertex 51.1035 30.6552 6.31132
      vertex 50.7055 30.7 6.40101
      vertex 51.0985 30.7 6.31132
    endloop
  endfacet
  facet normal -0.969125 -0.10919 -0.221077
    outer loop
      vertex 49.6436 30.3219 7.5055
      vertex 49.5562 30.302 7.89846
      vertex 49.601 30.7 7.5055
    endloop
  endfacet
  facet normal -0.920513 -0.322094 -0.22116
    outer loop
      vertex 49.6885 29.9239 7.89846
      vertex 49.5562 30.302 7.89846
      vertex 49.7693 29.9628 7.5055
    endloop
  endfacet
  facet normal -0.77883 -0.0877284 -0.621069
    outer loop
      vertex 50.0591 30.4168 6.82721
      vertex 49.8141 30.3609 7.14234
      vertex 50.0272 30.7 6.82721
    endloop
  endfacet
  facet normal -0.851506 -0.297842 -0.431541
    outer loop
      vertex 49.9268 30.0387 7.14234
      vertex 49.7693 29.9628 7.5055
      vertex 49.8141 30.3609 7.14234
    endloop
  endfacet
  facet normal -0.851506 0.297842 -0.431541
    outer loop
      vertex 49.8141 32.2391 7.14234
      vertex 49.7693 32.6372 7.5055
      vertex 49.9268 32.5613 7.14234
    endloop
  endfacet
  facet normal -0.529942 0.332964 -0.779934
    outer loop
      vertex 50.4372 32.3155 6.5759
      vertex 50.3049 32.6936 6.82721
      vertex 50.5513 32.4971 6.5759
    endloop
  endfacet
  facet normal 0.211282 0.074016 -0.974619
    outer loop
      vertex 60.2796 32.0323 6.40101
      vertex 59.8816 31.9874 6.31132
      vertex 60.2356 32.1579 6.40101
    endloop
  endfacet
  facet normal -0.530069 -0.332885 -0.779881
    outer loop
      vertex 50.3049 29.9064 6.82721
      vertex 50.1533 30.1478 6.82721
      vertex 50.4372 30.2845 6.5759
    endloop
  endfacet
  facet normal 0.074016 0.211282 -0.974619
    outer loop
      vertex 59.9579 32.4356 6.40101
      vertex 59.7874 32.0816 6.31132
      vertex 59.8323 32.4796 6.40101
    endloop
  endfacet
  facet normal -0.119011 -0.189611 -0.97462
    outer loop
      vertex 51.0421 30.1644 6.40101
      vertex 50.9293 30.2352 6.40101
      vertex 51.2126 30.5184 6.31132
    endloop
  endfacet
  facet normal -0.232036 -0.369306 -0.899874
    outer loop
      vertex 50.8845 29.8372 6.5759
      vertex 50.7029 29.9513 6.5759
      vertex 50.9293 30.2352 6.40101
    endloop
  endfacet
  facet normal -0.0248247 -0.22243 -0.974633
    outer loop
      vertex 51.3 30.1055 6.40101
      vertex 51.2552 30.5035 6.31132
      vertex 51.3 30.4985 6.31132
    endloop
  endfacet
  facet normal 0.332964 -0.529942 -0.779934
    outer loop
      vertex 60.4936 29.7049 6.82721
      vertex 60.1155 29.8372 6.5759
      vertex 60.2971 29.9513 6.5759
    endloop
  endfacet
  facet normal 0.206731 -0.590652 -0.779995
    outer loop
      vertex 60.0287 29.6937 6.66156
      vertex 60.1155 29.8372 6.5759
      vertex 60.1846 29.6937 6.70288
    endloop
  endfacet
  facet normal 0.206597 -0.590611 -0.780062
    outer loop
      vertex 60.1155 29.8372 6.5759
      vertex 60.0287 29.6937 6.66156
      vertex 59.9131 29.7664 6.5759
    endloop
  endfacet
  facet normal 0.207272 -0.59016 0.780224
    outer loop
      vertex 60.0287 29.6937 10.9384
      vertex 59.9131 29.7664 11.0241
      vertex 59.9297 29.6937 10.9647
    endloop
  endfacet
  facet normal 0.0702494 -0.621485 0.78027
    outer loop
      vertex 59.9131 29.7664 11.0241
      vertex 59.8675 29.6937 10.9703
      vertex 59.9297 29.6937 10.9647
    endloop
  endfacet
  facet normal 0.825726 0.51891 -0.221153
    outer loop
      vertex 61.2307 32.6372 7.5055
      vertex 61.0984 33.0152 7.89846
      vertex 61.3115 32.6761 7.89846
    endloop
  endfacet
  facet normal 0.77883 0.0877284 -0.621069
    outer loop
      vertex 60.9728 31.9 6.82721
      vertex 60.9409 32.1832 6.82721
      vertex 61.1859 32.2391 7.14234
    endloop
  endfacet
  facet normal 0.0700495 0.621882 -0.779972
    outer loop
      vertex 59.9131 32.8336 6.5759
      vertex 59.7 33.1728 6.82721
      vertex 59.9832 33.1409 6.82721
    endloop
  endfacet
  facet normal 0.0877284 0.77883 -0.621069
    outer loop
      vertex 59.9832 33.1409 6.82721
      vertex 59.7 33.1728 6.82721
      vertex 60.0391 33.3859 7.14234
    endloop
  endfacet
  facet normal 0.479954 0.763803 -0.431566
    outer loop
      vertex 60.6503 33.0916 7.14234
      vertex 60.3613 33.2732 7.14234
      vertex 60.4372 33.4307 7.5055
    endloop
  endfacet
  facet normal 0.211296 0.073904 -0.974624
    outer loop
      vertex 59.8965 31.9448 6.31132
      vertex 59.8816 31.9874 6.31132
      vertex 60.2796 32.0323 6.40101
    endloop
  endfacet
  facet normal 0.144177 0.41156 -0.899906
    outer loop
      vertex 59.9579 32.4356 6.40101
      vertex 59.8323 32.4796 6.40101
      vertex 60.1155 32.7628 6.5759
    endloop
  endfacet
  facet normal 0.158301 -0.158301 -0.974619
    outer loop
      vertex 60.0707 30.2352 6.40101
      vertex 59.8576 30.5743 6.31132
      vertex 60.1648 30.3293 6.40101
    endloop
  endfacet
  facet normal 0.158301 -0.158301 -0.974619
    outer loop
      vertex 59.8576 30.5743 6.31132
      vertex 60.0707 30.2352 6.40101
      vertex 59.8257 30.5424 6.31132
    endloop
  endfacet
  facet normal 0.308405 0.308405 -0.899874
    outer loop
      vertex 60.1648 32.2707 6.40101
      vertex 60.2971 32.6487 6.5759
      vertex 60.4487 32.4971 6.5759
    endloop
  endfacet
  facet normal 0.308405 0.308405 -0.899874
    outer loop
      vertex 60.2971 32.6487 6.5759
      vertex 60.1648 32.2707 6.40101
      vertex 60.0707 32.3648 6.40101
    endloop
  endfacet
  facet normal 0.11889 -0.189729 -0.974612
    outer loop
      vertex 60.0707 30.2352 6.40101
      vertex 59.7874 30.5184 6.31132
      vertex 59.8257 30.5424 6.31132
    endloop
  endfacet
  facet normal 0.189611 0.119011 -0.97462
    outer loop
      vertex 60.2356 32.1579 6.40101
      vertex 59.8816 31.9874 6.31132
      vertex 60.1648 32.2707 6.40101
    endloop
  endfacet
  facet normal -0.073904 -0.211296 -0.974624
    outer loop
      vertex 51.2552 30.5035 6.31132
      vertex 51.1677 30.1204 6.40101
      vertex 51.2126 30.5184 6.31132
    endloop
  endfacet
  facet normal 0.308405 -0.308405 -0.899874
    outer loop
      vertex 60.2971 29.9513 6.5759
      vertex 60.1648 30.3293 6.40101
      vertex 60.4487 30.1029 6.5759
    endloop
  endfacet
  facet normal 0.308405 -0.308405 -0.899874
    outer loop
      vertex 60.1648 30.3293 6.40101
      vertex 60.2971 29.9513 6.5759
      vertex 60.0707 30.2352 6.40101
    endloop
  endfacet
  facet normal -0.4117 0.144014 -0.899869
    outer loop
      vertex 50.7204 32.0323 6.40101
      vertex 50.3664 32.1131 6.5759
      vertex 50.4372 32.3155 6.5759
    endloop
  endfacet
  facet normal -0.11889 0.189729 -0.974612
    outer loop
      vertex 51.1743 32.0576 6.31132
      vertex 50.9293 32.3648 6.40101
      vertex 51.2126 32.0816 6.31132
    endloop
  endfacet
  facet normal 0.554151 -0.554151 0.621155
    outer loop
      vertex 60.6951 29.9064 10.7728
      vertex 60.8356 29.6937 10.4577
      vertex 60.8916 29.7497 10.4577
    endloop
  endfacet
  facet normal 0.554204 -0.554105 0.621148
    outer loop
      vertex 60.6951 29.9064 10.7728
      vertex 60.5025 29.6937 10.7549
      vertex 60.8356 29.6937 10.4577
    endloop
  endfacet
  facet normal 0.553771 -0.553771 0.621832
    outer loop
      vertex 60.5025 29.6937 10.7549
      vertex 60.6951 29.9064 10.7728
      vertex 60.4936 29.7049 10.7728
    endloop
  endfacet
  facet normal 0.332956 -0.529929 0.779946
    outer loop
      vertex 60.2971 29.9513 11.0241
      vertex 60.1155 29.8372 11.0241
      vertex 60.4936 29.7049 10.7728
    endloop
  endfacet
  facet normal -0.222522 0 0.974928
    outer loop
      vertex 50.7055 31.9 11.199
      vertex 51.0985 30.7 11.2887
      vertex 51.0985 31.9 11.2887
    endloop
  endfacet
  facet normal -0.222522 0 0.974928
    outer loop
      vertex 51.0985 30.7 11.2887
      vertex 50.7055 31.9 11.199
      vertex 50.7055 30.7 11.199
    endloop
  endfacet
  facet normal -0.211304 -0.0740238 0.974613
    outer loop
      vertex 51.1184 30.6126 11.2887
      vertex 50.7204 30.5677 11.199
      vertex 50.7644 30.4421 11.199
    endloop
  endfacet
  facet normal -0.0488161 -0.433448 0.899856
    outer loop
      vertex 51.1677 30.1204 11.199
      vertex 51.0869 29.7664 11.0241
      vertex 51.3 30.1055 11.199
    endloop
  endfacet
  facet normal -0.232047 -0.369323 0.899864
    outer loop
      vertex 50.9293 30.2352 11.199
      vertex 50.7029 29.9513 11.0241
      vertex 50.8845 29.8372 11.0241
    endloop
  endfacet
  facet normal -0.231835 -0.369363 0.899902
    outer loop
      vertex 50.9293 30.2352 11.199
      vertex 50.8845 29.8372 11.0241
      vertex 51.0421 30.1644 11.199
    endloop
  endfacet
  facet normal -0.369323 -0.232047 0.899864
    outer loop
      vertex 50.8352 30.3293 11.199
      vertex 50.4372 30.2845 11.0241
      vertex 50.5513 30.1029 11.0241
    endloop
  endfacet
  facet normal -0.851379 -0.298018 0.431671
    outer loop
      vertex 49.8141 30.3609 10.4577
      vertex 49.6436 30.3219 10.0945
      vertex 49.7693 29.9628 10.0945
    endloop
  endfacet
  facet normal -0.851523 -0.297848 0.431502
    outer loop
      vertex 49.8141 30.3609 10.4577
      vertex 49.7693 29.9628 10.0945
      vertex 49.9268 30.0387 10.4577
    endloop
  endfacet
  facet normal 0.0488161 -0.433448 0.899856
    outer loop
      vertex 59.8323 30.1204 11.199
      vertex 59.7 30.1055 11.199
      vertex 59.9131 29.7664 11.0241
    endloop
  endfacet
  facet normal 0.14402 -0.411719 0.899859
    outer loop
      vertex 60.1155 29.8372 11.0241
      vertex 59.8323 30.1204 11.199
      vertex 59.9131 29.7664 11.0241
    endloop
  endfacet
  facet normal 0.118903 -0.189749 0.974606
    outer loop
      vertex 59.8257 30.5424 11.2887
      vertex 59.7874 30.5184 11.2887
      vertex 60.0707 30.2352 11.199
    endloop
  endfacet
  facet normal 0.369363 -0.231835 0.899902
    outer loop
      vertex 60.2356 30.4421 11.199
      vertex 60.1648 30.3293 11.199
      vertex 60.5628 30.2845 11.0241
    endloop
  endfacet
  facet normal -0.14402 -0.411719 0.899859
    outer loop
      vertex 51.1677 30.1204 11.199
      vertex 50.8845 29.8372 11.0241
      vertex 51.0869 29.7664 11.0241
    endloop
  endfacet
  facet normal -0.0702494 -0.621485 0.78027
    outer loop
      vertex 51.0869 29.7664 11.0241
      vertex 51.0703 29.6937 10.9647
      vertex 51.1325 29.6937 10.9703
    endloop
  endfacet
  facet normal -0.433346 0.0490082 0.899894
    outer loop
      vertex 50.3664 32.1131 11.0241
      vertex 50.3423 31.9 11.0241
      vertex 50.7055 31.9 11.199
    endloop
  endfacet
  facet normal -0.211318 -0.0739118 0.974619
    outer loop
      vertex 51.1035 30.6552 11.2887
      vertex 50.7204 30.5677 11.199
      vertex 51.1184 30.6126 11.2887
    endloop
  endfacet
  facet normal 0.416913 0.663479 0.621273
    outer loop
      vertex 60.3613 33.2732 10.4577
      vertex 60.2522 33.0467 10.7728
      vertex 60.6503 33.0916 10.4577
    endloop
  endfacet
  facet normal 0.322213 0.920499 0.221044
    outer loop
      vertex 60.098 33.6438 9.70153
      vertex 60.0781 33.5564 10.0945
      vertex 60.4372 33.4307 10.0945
    endloop
  endfacet
  facet normal 0.0488161 0.433448 0.899856
    outer loop
      vertex 59.9131 32.8336 11.0241
      vertex 59.7 32.4945 11.199
      vertex 59.8323 32.4796 11.199
    endloop
  endfacet
  facet normal 0.211304 -0.0740238 0.974613
    outer loop
      vertex 60.2796 30.5677 11.199
      vertex 59.8816 30.6126 11.2887
      vertex 60.2356 30.4421 11.199
    endloop
  endfacet
  facet normal 0.411719 0.14402 0.899859
    outer loop
      vertex 60.5628 32.3155 11.0241
      vertex 60.2796 32.0323 11.199
      vertex 60.6336 32.1131 11.0241
    endloop
  endfacet
  facet normal 0.211304 0.0740238 0.974613
    outer loop
      vertex 60.2356 32.1579 11.199
      vertex 59.8816 31.9874 11.2887
      vertex 60.2796 32.0323 11.199
    endloop
  endfacet
  facet normal -0.189749 -0.118903 0.974606
    outer loop
      vertex 51.1184 30.6126 11.2887
      vertex 50.8352 30.3293 11.199
      vertex 51.1424 30.5743 11.2887
    endloop
  endfacet
  facet normal 0.0250559 0.222476 0.974616
    outer loop
      vertex 59.8323 32.4796 11.199
      vertex 59.7 32.4945 11.199
      vertex 59.7448 32.0965 11.2887
    endloop
  endfacet
  facet normal -0.189749 0.118903 0.974606
    outer loop
      vertex 51.1424 32.0257 11.2887
      vertex 50.8352 32.2707 11.199
      vertex 51.1184 31.9874 11.2887
    endloop
  endfacet
  facet normal 0.896376 -0.100993 0.431638
    outer loop
      vertex 61.399 30.7 10.0945
      vertex 61.1859 30.3609 10.4577
      vertex 61.3564 30.3219 10.0945
    endloop
  endfacet
  facet normal 0.778802 0.0877252 0.621105
    outer loop
      vertex 61.1859 32.2391 10.4577
      vertex 60.9409 32.1832 10.7728
      vertex 60.9728 31.9 10.7728
    endloop
  endfacet
  facet normal 0.825753 0.518884 0.221113
    outer loop
      vertex 61.0984 33.0152 9.70153
      vertex 61.0283 32.9593 10.0945
      vertex 61.2307 32.6372 10.0945
    endloop
  endfacet
  facet normal 0.621867 0.0700478 0.779984
    outer loop
      vertex 60.9409 32.1832 10.7728
      vertex 60.6336 32.1131 11.0241
      vertex 60.9728 31.9 10.7728
    endloop
  endfacet
  facet normal 0.781812 -0 0.623514
    outer loop
      vertex 60.9728 30.7 10.7728
      vertex 61.2241 31.9 10.4577
      vertex 60.9728 31.9 10.7728
    endloop
  endfacet
  facet normal 0.781812 0 0.623514
    outer loop
      vertex 61.2241 31.9 10.4577
      vertex 60.9728 30.7 10.7728
      vertex 61.2241 30.7 10.4577
    endloop
  endfacet
  facet normal 0.433868 0 0.900977
    outer loop
      vertex 60.2945 31.9 11.199
      vertex 60.6577 30.7 11.0241
      vertex 60.6577 31.9 11.0241
    endloop
  endfacet
  facet normal 0.433868 0 0.900977
    outer loop
      vertex 60.6577 30.7 11.0241
      vertex 60.2945 31.9 11.199
      vertex 60.2945 30.7 11.199
    endloop
  endfacet
  facet normal 0.974924 -0 0.222538
    outer loop
      vertex 61.399 30.7 10.0945
      vertex 61.4887 31.9 9.70153
      vertex 61.399 31.9 10.0945
    endloop
  endfacet
  facet normal 0.974924 0 0.222538
    outer loop
      vertex 61.4887 31.9 9.70153
      vertex 61.399 30.7 10.0945
      vertex 61.4887 30.7 9.70153
    endloop
  endfacet
  facet normal 0.96908 -0.109326 0.221204
    outer loop
      vertex 61.4887 30.7 9.70153
      vertex 61.399 30.7 10.0945
      vertex 61.4438 30.302 9.70153
    endloop
  endfacet
  facet normal 0.479956 0.763803 -0.431565
    outer loop
      vertex 60.6503 33.0916 7.14234
      vertex 60.4372 33.4307 7.5055
      vertex 60.7593 33.2283 7.5055
    endloop
  endfacet
  facet normal 0.51891 0.825726 -0.221153
    outer loop
      vertex 60.8152 33.2984 7.89846
      vertex 60.4372 33.4307 7.5055
      vertex 60.4761 33.5115 7.89846
    endloop
  endfacet
  facet normal -0.332956 0.529929 0.779946
    outer loop
      vertex 50.8845 32.7628 11.0241
      vertex 50.5064 32.8951 10.7728
      vertex 50.7029 32.6487 11.0241
    endloop
  endfacet
  facet normal -0.332877 0.530056 0.779893
    outer loop
      vertex 50.7478 33.0467 10.7728
      vertex 50.5064 32.8951 10.7728
      vertex 50.8845 32.7628 11.0241
    endloop
  endfacet
  facet normal -0.0877356 0.778826 -0.621074
    outer loop
      vertex 51.3 33.1728 6.82721
      vertex 50.9609 33.3859 7.14234
      vertex 51.3 33.4241 7.14234
    endloop
  endfacet
  facet normal -0.100975 0.896353 -0.431689
    outer loop
      vertex 51.3 33.4241 7.14234
      vertex 50.9609 33.3859 7.14234
      vertex 51.3 33.599 7.5055
    endloop
  endfacet
  facet normal -0.554171 0.554171 -0.621119
    outer loop
      vertex 50.3049 32.6936 6.82721
      vertex 50.3497 33.0916 7.14234
      vertex 50.5064 32.8951 6.82721
    endloop
  endfacet
  facet normal -0.554171 0.554171 -0.621119
    outer loop
      vertex 50.3497 33.0916 7.14234
      vertex 50.3049 32.6936 6.82721
      vertex 50.1084 32.8503 7.14234
    endloop
  endfacet
  facet normal -0.25873 0.739688 -0.621225
    outer loop
      vertex 50.7478 33.0467 6.82721
      vertex 50.6387 33.2732 7.14234
      vertex 50.9609 33.3859 7.14234
    endloop
  endfacet
  facet normal -0.308405 0.308405 -0.899874
    outer loop
      vertex 50.8352 32.2707 6.40101
      vertex 50.7029 32.6487 6.5759
      vertex 50.9293 32.3648 6.40101
    endloop
  endfacet
  facet normal -0.308405 0.308405 -0.899874
    outer loop
      vertex 50.7029 32.6487 6.5759
      vertex 50.8352 32.2707 6.40101
      vertex 50.5513 32.4971 6.5759
    endloop
  endfacet
  facet normal -0.332885 0.530069 -0.779881
    outer loop
      vertex 50.8845 32.7628 6.5759
      vertex 50.5064 32.8951 6.82721
      vertex 50.7478 33.0467 6.82721
    endloop
  endfacet
  facet normal -0.416805 0.663699 -0.621109
    outer loop
      vertex 50.5064 32.8951 6.82721
      vertex 50.3497 33.0916 7.14234
      vertex 50.7478 33.0467 6.82721
    endloop
  endfacet
  facet normal -0.77883 0.0877284 -0.621069
    outer loop
      vertex 50.0272 31.9 6.82721
      vertex 49.8141 32.2391 7.14234
      vertex 50.0591 32.1832 6.82721
    endloop
  endfacet
  facet normal -0.778826 0.0877356 -0.621074
    outer loop
      vertex 50.0272 31.9 6.82721
      vertex 49.7759 31.9 7.14234
      vertex 49.8141 32.2391 7.14234
    endloop
  endfacet
  facet normal -0.689604 0.689604 -0.221117
    outer loop
      vertex 50.2407 33.2283 7.5055
      vertex 49.9016 33.0152 7.89846
      vertex 50.1848 33.2984 7.89846
    endloop
  endfacet
  facet normal -0.689604 0.689604 -0.221117
    outer loop
      vertex 49.9016 33.0152 7.89846
      vertex 50.2407 33.2283 7.5055
      vertex 49.9717 32.9593 7.5055
    endloop
  endfacet
  facet normal -0.211282 -0.074016 -0.974619
    outer loop
      vertex 50.7644 30.4421 6.40101
      vertex 50.7204 30.5677 6.40101
      vertex 51.1184 30.6126 6.31132
    endloop
  endfacet
  facet normal -0.0740238 0.211304 0.974613
    outer loop
      vertex 51.1677 32.4796 11.199
      vertex 51.0421 32.4356 11.199
      vertex 51.2126 32.0816 11.2887
    endloop
  endfacet
  facet normal -0.119024 0.189631 0.974615
    outer loop
      vertex 51.0421 32.4356 11.199
      vertex 50.9293 32.3648 11.199
      vertex 51.2126 32.0816 11.2887
    endloop
  endfacet
  facet normal -0.222476 -0.0250559 0.974616
    outer loop
      vertex 51.1035 30.6552 11.2887
      vertex 50.7055 30.7 11.199
      vertex 50.7204 30.5677 11.199
    endloop
  endfacet
  facet normal -0.308419 0.308419 0.899864
    outer loop
      vertex 50.7029 32.6487 11.0241
      vertex 50.8352 32.2707 11.199
      vertex 50.9293 32.3648 11.199
    endloop
  endfacet
  facet normal -0.308419 0.308419 0.899864
    outer loop
      vertex 50.8352 32.2707 11.199
      vertex 50.7029 32.6487 11.0241
      vertex 50.5513 32.4971 11.0241
    endloop
  endfacet
  facet normal -0.369363 0.231835 0.899902
    outer loop
      vertex 50.8352 32.2707 11.199
      vertex 50.4372 32.3155 11.0241
      vertex 50.7644 32.1579 11.199
    endloop
  endfacet
  facet normal -0.411579 0.144184 0.899897
    outer loop
      vertex 50.7644 32.1579 11.199
      vertex 50.4372 32.3155 11.0241
      vertex 50.7204 32.0323 11.199
    endloop
  endfacet
  facet normal -0.663699 -0.416805 -0.621109
    outer loop
      vertex 50.3049 29.9064 6.82721
      vertex 50.1084 29.7497 7.14234
      vertex 50.1533 30.1478 6.82721
    endloop
  endfacet
  facet normal -0.590833 -0.206675 -0.779873
    outer loop
      vertex 50.4372 30.2845 6.5759
      vertex 50.1533 30.1478 6.82721
      vertex 50.3664 30.4869 6.5759
    endloop
  endfacet
  facet normal -0.825696 -0.51886 -0.221382
    outer loop
      vertex 49.8634 29.6937 7.78523
      vertex 49.7693 29.9628 7.5055
      vertex 49.9384 29.6937 7.5055
    endloop
  endfacet
  facet normal -0.763768 -0.480136 -0.431426
    outer loop
      vertex 50.0382 29.6937 7.32894
      vertex 49.7693 29.9628 7.5055
      vertex 50.1084 29.7497 7.14234
    endloop
  endfacet
  facet normal -0.763742 -0.479928 -0.431703
    outer loop
      vertex 49.7693 29.9628 7.5055
      vertex 50.0382 29.6937 7.32894
      vertex 49.9384 29.6937 7.5055
    endloop
  endfacet
  facet normal -0.41156 -0.144177 -0.899906
    outer loop
      vertex 50.7644 30.4421 6.40101
      vertex 50.4372 30.2845 6.5759
      vertex 50.7204 30.5677 6.40101
    endloop
  endfacet
  facet normal -0.433427 -0.0488138 -0.899865
    outer loop
      vertex 50.7204 30.5677 6.40101
      vertex 50.3664 30.4869 6.5759
      vertex 50.7055 30.7 6.40101
    endloop
  endfacet
  facet normal -0.943886 -0.330273 0
    outer loop
      vertex 49.6885 29.9239 7.89846
      vertex 49.5562 30.302 9.70153
      vertex 49.5562 30.302 7.89846
    endloop
  endfacet
  facet normal -0.943886 -0.330273 0
    outer loop
      vertex 49.5562 30.302 9.70153
      vertex 49.6885 29.9239 7.89846
      vertex 49.6885 29.9239 9.70153
    endloop
  endfacet
  facet normal -0.739688 -0.25873 -0.621225
    outer loop
      vertex 49.9268 30.0387 7.14234
      vertex 49.8141 30.3609 7.14234
      vertex 50.1533 30.1478 6.82721
    endloop
  endfacet
  facet normal -0.663503 -0.416928 -0.621237
    outer loop
      vertex 50.1084 29.7497 7.14234
      vertex 49.9268 30.0387 7.14234
      vertex 50.1533 30.1478 6.82721
    endloop
  endfacet
  facet normal -0.896357 -0.100991 -0.431676
    outer loop
      vertex 49.6436 30.3219 7.5055
      vertex 49.601 30.7 7.5055
      vertex 49.8141 30.3609 7.14234
    endloop
  endfacet
  facet normal -0.969079 0.109326 -0.221209
    outer loop
      vertex 49.601 31.9 7.5055
      vertex 49.5113 31.9 7.89846
      vertex 49.5562 32.298 7.89846
    endloop
  endfacet
  facet normal -0.0250533 0.222453 -0.974622
    outer loop
      vertex 51.2552 32.0965 6.31132
      vertex 51.1677 32.4796 6.40101
      vertex 51.3 32.4945 6.40101
    endloop
  endfacet
  facet normal -0.0248247 0.22243 -0.974633
    outer loop
      vertex 51.3 32.1015 6.31132
      vertex 51.2552 32.0965 6.31132
      vertex 51.3 32.4945 6.40101
    endloop
  endfacet
  facet normal -0.074016 -0.211282 -0.974619
    outer loop
      vertex 51.1677 30.1204 6.40101
      vertex 51.0421 30.1644 6.40101
      vertex 51.2126 30.5184 6.31132
    endloop
  endfacet
  facet normal -0.144177 -0.41156 -0.899906
    outer loop
      vertex 51.1677 30.1204 6.40101
      vertex 50.8845 29.8372 6.5759
      vertex 51.0421 30.1644 6.40101
    endloop
  endfacet
  facet normal 0.0700132 -0.622183 -0.779735
    outer loop
      vertex 59.7 29.7423 6.5759
      vertex 59.8675 29.6937 6.62972
      vertex 59.7 29.6937 6.61468
    endloop
  endfacet
  facet normal 0.0703026 -0.621638 -0.780143
    outer loop
      vertex 59.8675 29.6937 6.62972
      vertex 59.7 29.7423 6.5759
      vertex 59.9131 29.7664 6.5759
    endloop
  endfacet
  facet normal 0.0490059 -0.433326 -0.899904
    outer loop
      vertex 59.9131 29.7664 6.5759
      vertex 59.7 29.7423 6.5759
      vertex 59.7 30.1055 6.40101
    endloop
  endfacet
  facet normal 0.144014 -0.4117 -0.899869
    outer loop
      vertex 59.9131 29.7664 6.5759
      vertex 59.8323 30.1204 6.40101
      vertex 60.1155 29.8372 6.5759
    endloop
  endfacet
  facet normal 0.144177 -0.41156 -0.899906
    outer loop
      vertex 60.1155 29.8372 6.5759
      vertex 59.8323 30.1204 6.40101
      vertex 59.9579 30.1644 6.40101
    endloop
  endfacet
  facet normal 0.969079 0.109326 -0.221209
    outer loop
      vertex 61.4887 31.9 7.89846
      vertex 61.399 31.9 7.5055
      vertex 61.4438 32.298 7.89846
    endloop
  endfacet
  facet normal 0.969125 0.10919 -0.221077
    outer loop
      vertex 61.399 31.9 7.5055
      vertex 61.3564 32.2781 7.5055
      vertex 61.4438 32.298 7.89846
    endloop
  endfacet
  facet normal 0.332885 0.530069 -0.779881
    outer loop
      vertex 60.4936 32.8951 6.82721
      vertex 60.1155 32.7628 6.5759
      vertex 60.2522 33.0467 6.82721
    endloop
  endfacet
  facet normal 0.63787 0.63787 -0.431558
    outer loop
      vertex 60.8916 32.8503 7.14234
      vertex 60.7593 33.2283 7.5055
      vertex 61.0283 32.9593 7.5055
    endloop
  endfacet
  facet normal 0.63787 0.63787 -0.431558
    outer loop
      vertex 60.7593 33.2283 7.5055
      vertex 60.8916 32.8503 7.14234
      vertex 60.6503 33.0916 7.14234
    endloop
  endfacet
  facet normal 0.689604 0.689604 -0.221117
    outer loop
      vertex 61.0984 33.0152 7.89846
      vertex 60.7593 33.2283 7.5055
      vertex 60.8152 33.2984 7.89846
    endloop
  endfacet
  facet normal 0.689604 0.689604 -0.221117
    outer loop
      vertex 60.7593 33.2283 7.5055
      vertex 61.0984 33.0152 7.89846
      vertex 61.0283 32.9593 7.5055
    endloop
  endfacet
  facet normal -0.073904 0.211296 -0.974624
    outer loop
      vertex 51.2126 32.0816 6.31132
      vertex 51.1677 32.4796 6.40101
      vertex 51.2552 32.0965 6.31132
    endloop
  endfacet
  facet normal 0.0248247 0.22243 -0.974633
    outer loop
      vertex 59.7448 32.0965 6.31132
      vertex 59.7 32.1015 6.31132
      vertex 59.7 32.4945 6.40101
    endloop
  endfacet
  facet normal 0.369346 0.231824 -0.899912
    outer loop
      vertex 60.2356 32.1579 6.40101
      vertex 60.1648 32.2707 6.40101
      vertex 60.5628 32.3155 6.5759
    endloop
  endfacet
  facet normal 0.41156 0.144177 -0.899906
    outer loop
      vertex 60.2796 32.0323 6.40101
      vertex 60.2356 32.1579 6.40101
      vertex 60.5628 32.3155 6.5759
    endloop
  endfacet
  facet normal -0.369306 0.232036 -0.899874
    outer loop
      vertex 50.8352 32.2707 6.40101
      vertex 50.4372 32.3155 6.5759
      vertex 50.5513 32.4971 6.5759
    endloop
  endfacet
  facet normal 0.074016 -0.211282 -0.974619
    outer loop
      vertex 59.8323 30.1204 6.40101
      vertex 59.7874 30.5184 6.31132
      vertex 59.9579 30.1644 6.40101
    endloop
  endfacet
  facet normal 0.119011 -0.189611 -0.97462
    outer loop
      vertex 59.9579 30.1644 6.40101
      vertex 59.7874 30.5184 6.31132
      vertex 60.0707 30.2352 6.40101
    endloop
  endfacet
  facet normal 0.663675 -0.41679 0.621146
    outer loop
      vertex 60.8467 30.1478 10.7728
      vertex 60.6951 29.9064 10.7728
      vertex 60.8916 29.7497 10.4577
    endloop
  endfacet
  facet normal 0.590819 -0.20667 0.779885
    outer loop
      vertex 60.6336 30.4869 11.0241
      vertex 60.5628 30.2845 11.0241
      vertex 60.8467 30.1478 10.7728
    endloop
  endfacet
  facet normal 0.232047 -0.369323 0.899864
    outer loop
      vertex 60.2971 29.9513 11.0241
      vertex 60.0707 30.2352 11.199
      vertex 60.1155 29.8372 11.0241
    endloop
  endfacet
  facet normal -0.59065 -0.206837 0.779968
    outer loop
      vertex 50.3664 30.4869 11.0241
      vertex 50.0591 30.4168 10.7728
      vertex 50.1533 30.1478 10.7728
    endloop
  endfacet
  facet normal -0.590819 -0.20667 0.779885
    outer loop
      vertex 50.3664 30.4869 11.0241
      vertex 50.1533 30.1478 10.7728
      vertex 50.4372 30.2845 11.0241
    endloop
  endfacet
  facet normal -0.417001 -0.662734 0.622008
    outer loop
      vertex 50.5064 29.7049 10.7728
      vertex 50.4975 29.6937 10.7549
      vertex 50.5242 29.6937 10.7728
    endloop
  endfacet
  facet normal -0.0698139 -0.622388 0.779589
    outer loop
      vertex 51.3 29.7423 11.0241
      vertex 51.1325 29.6937 10.9703
      vertex 51.3 29.6937 10.9853
    endloop
  endfacet
  facet normal -0.0702867 -0.621498 0.780257
    outer loop
      vertex 51.1325 29.6937 10.9703
      vertex 51.3 29.7423 11.0241
      vertex 51.0869 29.7664 11.0241
    endloop
  endfacet
  facet normal -0.0490082 -0.433346 0.899894
    outer loop
      vertex 51.3 30.1055 11.199
      vertex 51.0869 29.7664 11.0241
      vertex 51.3 29.7423 11.0241
    endloop
  endfacet
  facet normal -0.781812 0 0.623514
    outer loop
      vertex 49.7759 30.7 10.4577
      vertex 50.0272 31.9 10.7728
      vertex 49.7759 31.9 10.4577
    endloop
  endfacet
  facet normal -0.781812 0 0.623514
    outer loop
      vertex 50.0272 31.9 10.7728
      vertex 49.7759 30.7 10.4577
      vertex 50.0272 30.7 10.7728
    endloop
  endfacet
  facet normal 0.0740238 -0.211304 0.974613
    outer loop
      vertex 59.9579 30.1644 11.199
      vertex 59.7874 30.5184 11.2887
      vertex 59.8323 30.1204 11.199
    endloop
  endfacet
  facet normal 0.144184 -0.411579 0.899897
    outer loop
      vertex 59.9579 30.1644 11.199
      vertex 59.8323 30.1204 11.199
      vertex 60.1155 29.8372 11.0241
    endloop
  endfacet
  facet normal 0.411579 -0.144184 0.899897
    outer loop
      vertex 60.2796 30.5677 11.199
      vertex 60.2356 30.4421 11.199
      vertex 60.5628 30.2845 11.0241
    endloop
  endfacet
  facet normal 0.411719 -0.14402 0.899859
    outer loop
      vertex 60.6336 30.4869 11.0241
      vertex 60.2796 30.5677 11.199
      vertex 60.5628 30.2845 11.0241
    endloop
  endfacet
  facet normal 0.433448 -0.0488161 0.899856
    outer loop
      vertex 60.2945 30.7 11.199
      vertex 60.2796 30.5677 11.199
      vertex 60.6336 30.4869 11.0241
    endloop
  endfacet
  facet normal 0.0250559 -0.222476 0.974616
    outer loop
      vertex 59.7448 30.5035 11.2887
      vertex 59.7 30.1055 11.199
      vertex 59.8323 30.1204 11.199
    endloop
  endfacet
  facet normal -0.0250559 -0.222476 0.974616
    outer loop
      vertex 51.2552 30.5035 11.2887
      vertex 51.1677 30.1204 11.199
      vertex 51.3 30.1055 11.199
    endloop
  endfacet
  facet normal 0.189631 -0.119024 0.974615
    outer loop
      vertex 60.2356 30.4421 11.199
      vertex 59.8816 30.6126 11.2887
      vertex 60.1648 30.3293 11.199
    endloop
  endfacet
  facet normal 0.0248274 0.222453 0.974627
    outer loop
      vertex 59.7 32.4945 11.199
      vertex 59.7 32.1015 11.2887
      vertex 59.7448 32.0965 11.2887
    endloop
  endfacet
  facet normal 0.0739118 0.211318 0.974619
    outer loop
      vertex 59.8323 32.4796 11.199
      vertex 59.7448 32.0965 11.2887
      vertex 59.7874 32.0816 11.2887
    endloop
  endfacet
  facet normal -0.118903 0.189749 0.974606
    outer loop
      vertex 51.2126 32.0816 11.2887
      vertex 50.9293 32.3648 11.199
      vertex 51.1743 32.0576 11.2887
    endloop
  endfacet
  facet normal 0.825727 0.51891 0.221148
    outer loop
      vertex 61.3115 32.6761 9.70153
      vertex 61.0984 33.0152 9.70153
      vertex 61.2307 32.6372 10.0945
    endloop
  endfacet
  facet normal 0.41679 0.663675 0.621146
    outer loop
      vertex 60.6503 33.0916 10.4577
      vertex 60.2522 33.0467 10.7728
      vertex 60.4936 32.8951 10.7728
    endloop
  endfacet
  facet normal 0.518884 0.825753 0.221113
    outer loop
      vertex 60.8152 33.2984 9.70153
      vertex 60.4372 33.4307 10.0945
      vertex 60.7593 33.2283 10.0945
    endloop
  endfacet
  facet normal 0.51891 0.825727 0.221148
    outer loop
      vertex 60.4761 33.5115 9.70153
      vertex 60.4372 33.4307 10.0945
      vertex 60.8152 33.2984 9.70153
    endloop
  endfacet
  facet normal 0.411579 0.144184 0.899897
    outer loop
      vertex 60.5628 32.3155 11.0241
      vertex 60.2356 32.1579 11.199
      vertex 60.2796 32.0323 11.199
    endloop
  endfacet
  facet normal 0.369363 0.231835 0.899902
    outer loop
      vertex 60.5628 32.3155 11.0241
      vertex 60.1648 32.2707 11.199
      vertex 60.2356 32.1579 11.199
    endloop
  endfacet
  facet normal -0.0739118 -0.211318 0.974619
    outer loop
      vertex 51.2126 30.5184 11.2887
      vertex 51.1677 30.1204 11.199
      vertex 51.2552 30.5035 11.2887
    endloop
  endfacet
  facet normal 0.308419 -0.308419 0.899864
    outer loop
      vertex 60.1648 30.3293 11.199
      vertex 60.2971 29.9513 11.0241
      vertex 60.4487 30.1029 11.0241
    endloop
  endfacet
  facet normal 0.308419 -0.308419 0.899864
    outer loop
      vertex 60.2971 29.9513 11.0241
      vertex 60.1648 30.3293 11.199
      vertex 60.0707 30.2352 11.199
    endloop
  endfacet
  facet normal 0.778797 -0.0877324 0.62111
    outer loop
      vertex 61.2241 30.7 10.4577
      vertex 60.9728 30.7 10.7728
      vertex 61.1859 30.3609 10.4577
    endloop
  endfacet
  facet normal 0.663479 -0.416913 0.621273
    outer loop
      vertex 61.0732 30.0387 10.4577
      vertex 60.8467 30.1478 10.7728
      vertex 60.8916 29.7497 10.4577
    endloop
  endfacet
  facet normal 0.763819 -0.479964 0.431527
    outer loop
      vertex 61.0732 30.0387 10.4577
      vertex 60.8916 29.7497 10.4577
      vertex 61.2307 29.9628 10.0945
    endloop
  endfacet
  facet normal 0.763819 0.479964 0.431527
    outer loop
      vertex 61.2307 32.6372 10.0945
      vertex 60.8916 32.8503 10.4577
      vertex 61.0732 32.5613 10.4577
    endloop
  endfacet
  facet normal -0.231835 0.369363 0.899902
    outer loop
      vertex 51.0421 32.4356 11.199
      vertex 50.8845 32.7628 11.0241
      vertex 50.9293 32.3648 11.199
    endloop
  endfacet
  facet normal -0.144184 0.411579 0.899897
    outer loop
      vertex 51.1677 32.4796 11.199
      vertex 50.8845 32.7628 11.0241
      vertex 51.0421 32.4356 11.199
    endloop
  endfacet
  facet normal -0.259031 0.739696 0.62109
    outer loop
      vertex 50.9609 33.3859 10.4577
      vertex 50.7478 33.0467 10.7728
      vertex 51.0168 33.1409 10.7728
    endloop
  endfacet
  facet normal -0.206837 0.59065 0.779968
    outer loop
      vertex 51.0168 33.1409 10.7728
      vertex 50.7478 33.0467 10.7728
      vertex 51.0869 32.8336 11.0241
    endloop
  endfacet
  facet normal -0.442539 0.442539 0.779947
    outer loop
      vertex 50.5064 32.8951 10.7728
      vertex 50.5513 32.4971 11.0241
      vertex 50.7029 32.6487 11.0241
    endloop
  endfacet
  facet normal -0.442539 0.442539 0.779947
    outer loop
      vertex 50.5513 32.4971 11.0241
      vertex 50.5064 32.8951 10.7728
      vertex 50.3049 32.6936 10.7728
    endloop
  endfacet
  facet normal -0.322213 0.920498 -0.221049
    outer loop
      vertex 50.9219 33.5564 7.5055
      vertex 50.5628 33.4307 7.5055
      vertex 50.902 33.6438 7.89846
    endloop
  endfacet
  facet normal -0.10919 0.969125 -0.221077
    outer loop
      vertex 50.9219 33.5564 7.5055
      vertex 50.902 33.6438 7.89846
      vertex 51.3 33.599 7.5055
    endloop
  endfacet
  facet normal -0.63787 0.63787 -0.431558
    outer loop
      vertex 50.1084 32.8503 7.14234
      vertex 50.2407 33.2283 7.5055
      vertex 50.3497 33.0916 7.14234
    endloop
  endfacet
  facet normal -0.63787 0.63787 -0.431558
    outer loop
      vertex 50.2407 33.2283 7.5055
      vertex 50.1084 32.8503 7.14234
      vertex 49.9717 32.9593 7.5055
    endloop
  endfacet
  facet normal -0.0877284 0.77883 -0.621069
    outer loop
      vertex 51.0168 33.1409 6.82721
      vertex 50.9609 33.3859 7.14234
      vertex 51.3 33.1728 6.82721
    endloop
  endfacet
  facet normal -0.0700495 0.621882 -0.779972
    outer loop
      vertex 51.0869 32.8336 6.5759
      vertex 51.0168 33.1409 6.82721
      vertex 51.3 33.1728 6.82721
    endloop
  endfacet
  facet normal -0.206675 0.590833 -0.779873
    outer loop
      vertex 50.8845 32.7628 6.5759
      vertex 50.7478 33.0467 6.82721
      vertex 51.0869 32.8336 6.5759
    endloop
  endfacet
  facet normal -0.231824 0.369346 -0.899912
    outer loop
      vertex 50.9293 32.3648 6.40101
      vertex 50.8845 32.7628 6.5759
      vertex 51.0421 32.4356 6.40101
    endloop
  endfacet
  facet normal -0.144014 0.4117 -0.899869
    outer loop
      vertex 51.1677 32.4796 6.40101
      vertex 50.8845 32.7628 6.5759
      vertex 51.0869 32.8336 6.5759
    endloop
  endfacet
  facet normal -0.0488138 0.433427 -0.899865
    outer loop
      vertex 51.1677 32.4796 6.40101
      vertex 51.0869 32.8336 6.5759
      vertex 51.3 32.4945 6.40101
    endloop
  endfacet
  facet normal -0.189611 0.119011 -0.97462
    outer loop
      vertex 51.1184 31.9874 6.31132
      vertex 50.7644 32.1579 6.40101
      vertex 50.8352 32.2707 6.40101
    endloop
  endfacet
  facet normal 0 0 -1
    outer loop
      vertex 59.7 30.4985 6.31132
      vertex 59.9015 30.7 6.31132
      vertex 59.8965 30.6552 6.31132
    endloop
  endfacet
  facet normal -0 0 -1
    outer loop
      vertex 59.9015 30.7 6.31132
      vertex 59.7 30.4985 6.31132
      vertex 59.9015 31.9 6.31132
    endloop
  endfacet
  facet normal 0 0 -1
    outer loop
      vertex 59.7 30.4985 6.31132
      vertex 59.8965 30.6552 6.31132
      vertex 59.8816 30.6126 6.31132
    endloop
  endfacet
  facet normal 0 0 -1
    outer loop
      vertex 59.7 32.1015 6.31132
      vertex 59.9015 31.9 6.31132
      vertex 59.7 30.4985 6.31132
    endloop
  endfacet
  facet normal 0 0 -1
    outer loop
      vertex 59.7 30.4985 6.31132
      vertex 59.8816 30.6126 6.31132
      vertex 59.8576 30.5743 6.31132
    endloop
  endfacet
  facet normal 0 0 -1
    outer loop
      vertex 59.9015 31.9 6.31132
      vertex 59.7 32.1015 6.31132
      vertex 59.8965 31.9448 6.31132
    endloop
  endfacet
  facet normal 0 0 -1
    outer loop
      vertex 59.7 30.4985 6.31132
      vertex 59.8576 30.5743 6.31132
      vertex 59.8257 30.5424 6.31132
    endloop
  endfacet
  facet normal 0 0 -1
    outer loop
      vertex 59.8965 31.9448 6.31132
      vertex 59.7 32.1015 6.31132
      vertex 59.8816 31.9874 6.31132
    endloop
  endfacet
  facet normal 0 0 -1
    outer loop
      vertex 59.7 30.4985 6.31132
      vertex 59.8257 30.5424 6.31132
      vertex 59.7874 30.5184 6.31132
    endloop
  endfacet
  facet normal 0 0 -1
    outer loop
      vertex 59.8816 31.9874 6.31132
      vertex 59.7 32.1015 6.31132
      vertex 59.8576 32.0257 6.31132
    endloop
  endfacet
  facet normal 0 0 -1
    outer loop
      vertex 59.7 30.4985 6.31132
      vertex 59.7874 30.5184 6.31132
      vertex 59.7448 30.5035 6.31132
    endloop
  endfacet
  facet normal 0 0 -1
    outer loop
      vertex 59.8576 32.0257 6.31132
      vertex 59.7 32.1015 6.31132
      vertex 59.8257 32.0576 6.31132
    endloop
  endfacet
  facet normal 0 0 -1
    outer loop
      vertex 59.8257 32.0576 6.31132
      vertex 59.7 32.1015 6.31132
      vertex 59.7874 32.0816 6.31132
    endloop
  endfacet
  facet normal 0 0 -1
    outer loop
      vertex 59.7874 32.0816 6.31132
      vertex 59.7 32.1015 6.31132
      vertex 59.7448 32.0965 6.31132
    endloop
  endfacet
  facet normal 0 0 -1
    outer loop
      vertex 51.3 30.4985 6.31132
      vertex 59.7 32.1015 6.31132
      vertex 59.7 30.4985 6.31132
    endloop
  endfacet
  facet normal 0 0 -1
    outer loop
      vertex 51.3 30.4985 6.31132
      vertex 51.3 32.1015 6.31132
      vertex 59.7 32.1015 6.31132
    endloop
  endfacet
  facet normal 0 0 -1
    outer loop
      vertex 51.0985 30.7 6.31132
      vertex 51.3 30.4985 6.31132
      vertex 51.2552 30.5035 6.31132
    endloop
  endfacet
  facet normal 0 0 -1
    outer loop
      vertex 51.3 30.4985 6.31132
      vertex 51.0985 30.7 6.31132
      vertex 51.3 32.1015 6.31132
    endloop
  endfacet
  facet normal 0 0 -1
    outer loop
      vertex 51.0985 30.7 6.31132
      vertex 51.2552 30.5035 6.31132
      vertex 51.2126 30.5184 6.31132
    endloop
  endfacet
  facet normal 0 0 -1
    outer loop
      vertex 51.0985 31.9 6.31132
      vertex 51.3 32.1015 6.31132
      vertex 51.0985 30.7 6.31132
    endloop
  endfacet
  facet normal 0 0 -1
    outer loop
      vertex 51.0985 30.7 6.31132
      vertex 51.2126 30.5184 6.31132
      vertex 51.1743 30.5424 6.31132
    endloop
  endfacet
  facet normal 0 0 -1
    outer loop
      vertex 51.3 32.1015 6.31132
      vertex 51.0985 31.9 6.31132
      vertex 51.2552 32.0965 6.31132
    endloop
  endfacet
  facet normal 0 0 -1
    outer loop
      vertex 51.0985 30.7 6.31132
      vertex 51.1743 30.5424 6.31132
      vertex 51.1424 30.5743 6.31132
    endloop
  endfacet
  facet normal 0 0 -1
    outer loop
      vertex 51.2552 32.0965 6.31132
      vertex 51.0985 31.9 6.31132
      vertex 51.2126 32.0816 6.31132
    endloop
  endfacet
  facet normal 0 0 -1
    outer loop
      vertex 51.0985 30.7 6.31132
      vertex 51.1424 30.5743 6.31132
      vertex 51.1184 30.6126 6.31132
    endloop
  endfacet
  facet normal 0 0 -1
    outer loop
      vertex 51.2126 32.0816 6.31132
      vertex 51.0985 31.9 6.31132
      vertex 51.1743 32.0576 6.31132
    endloop
  endfacet
  facet normal 0 0 -1
    outer loop
      vertex 51.0985 30.7 6.31132
      vertex 51.1184 30.6126 6.31132
      vertex 51.1035 30.6552 6.31132
    endloop
  endfacet
  facet normal 0 0 -1
    outer loop
      vertex 51.1743 32.0576 6.31132
      vertex 51.0985 31.9 6.31132
      vertex 51.1424 32.0257 6.31132
    endloop
  endfacet
  facet normal 0 0 -1
    outer loop
      vertex 51.1424 32.0257 6.31132
      vertex 51.0985 31.9 6.31132
      vertex 51.1184 31.9874 6.31132
    endloop
  endfacet
  facet normal 0 0 -1
    outer loop
      vertex 51.1184 31.9874 6.31132
      vertex 51.0985 31.9 6.31132
      vertex 51.1035 31.9448 6.31132
    endloop
  endfacet
  facet normal -0.530069 0.332885 -0.779881
    outer loop
      vertex 50.4372 32.3155 6.5759
      vertex 50.1533 32.4522 6.82721
      vertex 50.3049 32.6936 6.82721
    endloop
  endfacet
  facet normal -0.590833 0.206675 -0.779873
    outer loop
      vertex 50.3664 32.1131 6.5759
      vertex 50.1533 32.4522 6.82721
      vertex 50.4372 32.3155 6.5759
    endloop
  endfacet
  facet normal -0.189611 -0.119011 -0.97462
    outer loop
      vertex 50.8352 30.3293 6.40101
      vertex 50.7644 30.4421 6.40101
      vertex 51.1184 30.6126 6.31132
    endloop
  endfacet
  facet normal -0.4117 -0.144014 -0.899869
    outer loop
      vertex 50.4372 30.2845 6.5759
      vertex 50.3664 30.4869 6.5759
      vertex 50.7204 30.5677 6.40101
    endloop
  endfacet
  facet normal -0.0739118 0.211318 0.974619
    outer loop
      vertex 51.2552 32.0965 11.2887
      vertex 51.1677 32.4796 11.199
      vertex 51.2126 32.0816 11.2887
    endloop
  endfacet
  facet normal -0.158317 0.158317 0.974613
    outer loop
      vertex 50.9293 32.3648 11.199
      vertex 51.1424 32.0257 11.2887
      vertex 51.1743 32.0576 11.2887
    endloop
  endfacet
  facet normal -0.158317 0.158317 0.974613
    outer loop
      vertex 51.1424 32.0257 11.2887
      vertex 50.9293 32.3648 11.199
      vertex 50.8352 32.2707 11.199
    endloop
  endfacet
  facet normal -0.222453 0.0248274 0.974627
    outer loop
      vertex 51.1035 31.9448 11.2887
      vertex 50.7055 31.9 11.199
      vertex 51.0985 31.9 11.2887
    endloop
  endfacet
  facet normal -0.222476 0.0250559 0.974616
    outer loop
      vertex 50.7204 32.0323 11.199
      vertex 50.7055 31.9 11.199
      vertex 51.1035 31.9448 11.2887
    endloop
  endfacet
  facet normal -0.369346 -0.231824 -0.899912
    outer loop
      vertex 50.8352 30.3293 6.40101
      vertex 50.4372 30.2845 6.5759
      vertex 50.7644 30.4421 6.40101
    endloop
  endfacet
  facet normal -0.369306 -0.232036 -0.899874
    outer loop
      vertex 50.5513 30.1029 6.5759
      vertex 50.4372 30.2845 6.5759
      vertex 50.8352 30.3293 6.40101
    endloop
  endfacet
  facet normal -0.621882 -0.0700495 -0.779972
    outer loop
      vertex 50.0591 30.4168 6.82721
      vertex 50.0272 30.7 6.82721
      vertex 50.3664 30.4869 6.5759
    endloop
  endfacet
  facet normal -0.590664 -0.206842 -0.779956
    outer loop
      vertex 50.1533 30.1478 6.82721
      vertex 50.0591 30.4168 6.82721
      vertex 50.3664 30.4869 6.5759
    endloop
  endfacet
  facet normal -0.623529 0 -0.7818
    outer loop
      vertex 50.0272 30.7 6.82721
      vertex 50.3423 31.9 6.5759
      vertex 50.3423 30.7 6.5759
    endloop
  endfacet
  facet normal -0.623529 0 -0.7818
    outer loop
      vertex 50.3423 31.9 6.5759
      vertex 50.0272 30.7 6.82721
      vertex 50.0272 31.9 6.82721
    endloop
  endfacet
  facet normal -0.433848 0 -0.900986
    outer loop
      vertex 50.3423 30.7 6.5759
      vertex 50.7055 31.9 6.40101
      vertex 50.7055 30.7 6.40101
    endloop
  endfacet
  facet normal -0.433848 0 -0.900986
    outer loop
      vertex 50.7055 31.9 6.40101
      vertex 50.3423 30.7 6.5759
      vertex 50.3423 31.9 6.5759
    endloop
  endfacet
  facet normal -0.969079 -0.109326 -0.221209
    outer loop
      vertex 49.5562 30.302 7.89846
      vertex 49.5113 30.7 7.89846
      vertex 49.601 30.7 7.5055
    endloop
  endfacet
  facet normal -0.974923 0 -0.222543
    outer loop
      vertex 49.601 30.7 7.5055
      vertex 49.5113 31.9 7.89846
      vertex 49.601 31.9 7.5055
    endloop
  endfacet
  facet normal -0.974923 -0 -0.222543
    outer loop
      vertex 49.5113 31.9 7.89846
      vertex 49.601 30.7 7.5055
      vertex 49.5113 30.7 7.89846
    endloop
  endfacet
  facet normal 0.739688 0.25873 -0.621225
    outer loop
      vertex 61.1859 32.2391 7.14234
      vertex 60.8467 32.4522 6.82721
      vertex 61.0732 32.5613 7.14234
    endloop
  endfacet
  facet normal 0.920498 0.322213 -0.221049
    outer loop
      vertex 61.3564 32.2781 7.5055
      vertex 61.2307 32.6372 7.5055
      vertex 61.4438 32.298 7.89846
    endloop
  endfacet
  facet normal 0.896353 0.100975 -0.431689
    outer loop
      vertex 61.2241 31.9 7.14234
      vertex 61.1859 32.2391 7.14234
      vertex 61.399 31.9 7.5055
    endloop
  endfacet
  facet normal 0.778826 0.0877356 -0.621074
    outer loop
      vertex 61.2241 31.9 7.14234
      vertex 60.9728 31.9 6.82721
      vertex 61.1859 32.2391 7.14234
    endloop
  endfacet
  facet normal 0.993697 0.112103 0
    outer loop
      vertex 61.4887 31.9 9.70153
      vertex 61.4438 32.298 7.89846
      vertex 61.4438 32.298 9.70153
    endloop
  endfacet
  facet normal 0.993697 0.112103 0
    outer loop
      vertex 61.4438 32.298 7.89846
      vertex 61.4887 31.9 9.70153
      vertex 61.4887 31.9 7.89846
    endloop
  endfacet
  facet normal 0.663699 0.416805 -0.621109
    outer loop
      vertex 60.8467 32.4522 6.82721
      vertex 60.6951 32.6936 6.82721
      vertex 60.8916 32.8503 7.14234
    endloop
  endfacet
  facet normal -0.433448 -0.0488161 0.899856
    outer loop
      vertex 50.7055 30.7 11.199
      vertex 50.3664 30.4869 11.0241
      vertex 50.7204 30.5677 11.199
    endloop
  endfacet
  facet normal -0.411719 -0.14402 0.899859
    outer loop
      vertex 50.7204 30.5677 11.199
      vertex 50.3664 30.4869 11.0241
      vertex 50.4372 30.2845 11.0241
    endloop
  endfacet
  facet normal -0.623514 0 0.781812
    outer loop
      vertex 50.0272 31.9 10.7728
      vertex 50.3423 30.7 11.0241
      vertex 50.3423 31.9 11.0241
    endloop
  endfacet
  facet normal -0.623514 0 0.781812
    outer loop
      vertex 50.3423 30.7 11.0241
      vertex 50.0272 31.9 10.7728
      vertex 50.0272 30.7 10.7728
    endloop
  endfacet
  facet normal 0.211318 -0.0739118 0.974619
    outer loop
      vertex 59.8965 30.6552 11.2887
      vertex 59.8816 30.6126 11.2887
      vertex 60.2796 30.5677 11.199
    endloop
  endfacet
  facet normal -0.0740238 -0.211304 0.974613
    outer loop
      vertex 51.2126 30.5184 11.2887
      vertex 51.0421 30.1644 11.199
      vertex 51.1677 30.1204 11.199
    endloop
  endfacet
  facet normal -0.119024 -0.189631 0.974615
    outer loop
      vertex 51.2126 30.5184 11.2887
      vertex 50.9293 30.2352 11.199
      vertex 51.0421 30.1644 11.199
    endloop
  endfacet
  facet normal 0.10919 0.969126 0.221072
    outer loop
      vertex 60.098 33.6438 9.70153
      vertex 59.7 33.599 10.0945
      vertex 60.0781 33.5564 10.0945
    endloop
  endfacet
  facet normal 0.298018 0.851379 0.431671
    outer loop
      vertex 60.0781 33.5564 10.0945
      vertex 60.0391 33.3859 10.4577
      vertex 60.4372 33.4307 10.0945
    endloop
  endfacet
  facet normal 0.778797 0.0877324 0.62111
    outer loop
      vertex 61.1859 32.2391 10.4577
      vertex 60.9728 31.9 10.7728
      vertex 61.2241 31.9 10.4577
    endloop
  endfacet
  facet normal 0.896371 0.100977 0.43165
    outer loop
      vertex 61.399 31.9 10.0945
      vertex 61.1859 32.2391 10.4577
      vertex 61.2241 31.9 10.4577
    endloop
  endfacet
  facet normal 0.896371 -0.100977 0.43165
    outer loop
      vertex 61.2241 30.7 10.4577
      vertex 61.1859 30.3609 10.4577
      vertex 61.399 30.7 10.0945
    endloop
  endfacet
  facet normal 0.851379 0.298018 0.431671
    outer loop
      vertex 61.2307 32.6372 10.0945
      vertex 61.1859 32.2391 10.4577
      vertex 61.3564 32.2781 10.0945
    endloop
  endfacet
  facet normal 0.920499 0.322213 0.221044
    outer loop
      vertex 61.4438 32.298 9.70153
      vertex 61.2307 32.6372 10.0945
      vertex 61.3564 32.2781 10.0945
    endloop
  endfacet
  facet normal 0.442539 0.442539 0.779947
    outer loop
      vertex 60.4936 32.8951 10.7728
      vertex 60.4487 32.4971 11.0241
      vertex 60.6951 32.6936 10.7728
    endloop
  endfacet
  facet normal 0.442539 0.442539 0.779947
    outer loop
      vertex 60.4487 32.4971 11.0241
      vertex 60.4936 32.8951 10.7728
      vertex 60.2971 32.6487 11.0241
    endloop
  endfacet
  facet normal -0.416928 0.663503 -0.621237
    outer loop
      vertex 50.7478 33.0467 6.82721
      vertex 50.3497 33.0916 7.14234
      vertex 50.6387 33.2732 7.14234
    endloop
  endfacet
  facet normal -0.479954 0.763803 -0.431566
    outer loop
      vertex 50.6387 33.2732 7.14234
      vertex 50.3497 33.0916 7.14234
      vertex 50.5628 33.4307 7.5055
    endloop
  endfacet
  facet normal -0.332964 0.529942 -0.779934
    outer loop
      vertex 50.7029 32.6487 6.5759
      vertex 50.5064 32.8951 6.82721
      vertex 50.8845 32.7628 6.5759
    endloop
  endfacet
  facet normal -0.232036 0.369306 -0.899874
    outer loop
      vertex 50.9293 32.3648 6.40101
      vertex 50.7029 32.6487 6.5759
      vertex 50.8845 32.7628 6.5759
    endloop
  endfacet
  facet normal -0.222453 0.0250533 -0.974622
    outer loop
      vertex 51.1035 31.9448 6.31132
      vertex 50.7055 31.9 6.40101
      vertex 50.7204 32.0323 6.40101
    endloop
  endfacet
  facet normal -0.44255 0.44255 -0.779935
    outer loop
      vertex 50.5513 32.4971 6.5759
      vertex 50.5064 32.8951 6.82721
      vertex 50.7029 32.6487 6.5759
    endloop
  endfacet
  facet normal -0.44255 0.44255 -0.779935
    outer loop
      vertex 50.5064 32.8951 6.82721
      vertex 50.5513 32.4971 6.5759
      vertex 50.3049 32.6936 6.82721
    endloop
  endfacet
  facet normal -0.433427 0.0488138 -0.899865
    outer loop
      vertex 50.7055 31.9 6.40101
      vertex 50.3664 32.1131 6.5759
      vertex 50.7204 32.0323 6.40101
    endloop
  endfacet
  facet normal -0.739723 0.259041 -0.621053
    outer loop
      vertex 50.0591 32.1832 6.82721
      vertex 49.8141 32.2391 7.14234
      vertex 50.1533 32.4522 6.82721
    endloop
  endfacet
  facet normal -0.590664 0.206842 -0.779956
    outer loop
      vertex 50.3664 32.1131 6.5759
      vertex 50.0591 32.1832 6.82721
      vertex 50.1533 32.4522 6.82721
    endloop
  endfacet
  facet normal -0.222453 -0.0250533 -0.974622
    outer loop
      vertex 50.7204 30.5677 6.40101
      vertex 50.7055 30.7 6.40101
      vertex 51.1035 30.6552 6.31132
    endloop
  endfacet
  facet normal -0.211296 -0.073904 -0.974624
    outer loop
      vertex 51.1184 30.6126 6.31132
      vertex 50.7204 30.5677 6.40101
      vertex 51.1035 30.6552 6.31132
    endloop
  endfacet
  facet normal 0.189749 -0.118903 0.974606
    outer loop
      vertex 59.8816 30.6126 11.2887
      vertex 59.8576 30.5743 11.2887
      vertex 60.1648 30.3293 11.199
    endloop
  endfacet
  facet normal 0.158317 -0.158317 0.974613
    outer loop
      vertex 59.8576 30.5743 11.2887
      vertex 60.0707 30.2352 11.199
      vertex 60.1648 30.3293 11.199
    endloop
  endfacet
  facet normal 0.158317 -0.158317 0.974613
    outer loop
      vertex 60.0707 30.2352 11.199
      vertex 59.8576 30.5743 11.2887
      vertex 59.8257 30.5424 11.2887
    endloop
  endfacet
  facet normal -0 0.222522 0.974928
    outer loop
      vertex 51.3 32.4945 11.199
      vertex 59.7 32.1015 11.2887
      vertex 59.7 32.4945 11.199
    endloop
  endfacet
  facet normal 0 0.222522 0.974928
    outer loop
      vertex 59.7 32.1015 11.2887
      vertex 51.3 32.4945 11.199
      vertex 51.3 32.1015 11.2887
    endloop
  endfacet
  facet normal -0.621985 0.0703418 -0.779863
    outer loop
      vertex 50.3423 31.9 6.5759
      vertex 50.0272 31.9 6.82721
      vertex 50.3664 32.1131 6.5759
    endloop
  endfacet
  facet normal 0.44255 0.44255 -0.779935
    outer loop
      vertex 60.4487 32.4971 6.5759
      vertex 60.4936 32.8951 6.82721
      vertex 60.6951 32.6936 6.82721
    endloop
  endfacet
  facet normal 0.44255 0.44255 -0.779935
    outer loop
      vertex 60.4936 32.8951 6.82721
      vertex 60.4487 32.4971 6.5759
      vertex 60.2971 32.6487 6.5759
    endloop
  endfacet
  facet normal 0.332964 0.529942 -0.779934
    outer loop
      vertex 60.2971 32.6487 6.5759
      vertex 60.1155 32.7628 6.5759
      vertex 60.4936 32.8951 6.82721
    endloop
  endfacet
  facet normal 0.0877252 0.778802 0.621105
    outer loop
      vertex 60.0391 33.3859 10.4577
      vertex 59.7 33.1728 10.7728
      vertex 59.9832 33.1409 10.7728
    endloop
  endfacet
  facet normal 0.259031 0.739696 0.62109
    outer loop
      vertex 60.0391 33.3859 10.4577
      vertex 59.9832 33.1409 10.7728
      vertex 60.2522 33.0467 10.7728
    endloop
  endfacet
  facet normal 0.689605 0.689605 0.221112
    outer loop
      vertex 60.8152 33.2984 9.70153
      vertex 61.0283 32.9593 10.0945
      vertex 61.0984 33.0152 9.70153
    endloop
  endfacet
  facet normal 0.689605 0.689605 0.221112
    outer loop
      vertex 61.0283 32.9593 10.0945
      vertex 60.8152 33.2984 9.70153
      vertex 60.7593 33.2283 10.0945
    endloop
  endfacet
  facet normal 0.530056 0.332877 0.779893
    outer loop
      vertex 60.6951 32.6936 10.7728
      vertex 60.5628 32.3155 11.0241
      vertex 60.8467 32.4522 10.7728
    endloop
  endfacet
  facet normal 0.590819 0.20667 0.779885
    outer loop
      vertex 60.8467 32.4522 10.7728
      vertex 60.5628 32.3155 11.0241
      vertex 60.6336 32.1131 11.0241
    endloop
  endfacet
  facet normal -0.22243 0.0248247 -0.974633
    outer loop
      vertex 51.0985 31.9 6.31132
      vertex 50.7055 31.9 6.40101
      vertex 51.1035 31.9448 6.31132
    endloop
  endfacet
  facet normal -0.211296 0.073904 -0.974624
    outer loop
      vertex 51.1035 31.9448 6.31132
      vertex 50.7204 32.0323 6.40101
      vertex 51.1184 31.9874 6.31132
    endloop
  endfacet
  facet normal -0.211282 0.074016 -0.974619
    outer loop
      vertex 51.1184 31.9874 6.31132
      vertex 50.7204 32.0323 6.40101
      vertex 50.7644 32.1579 6.40101
    endloop
  endfacet
  facet normal -0.896357 0.100991 -0.431676
    outer loop
      vertex 49.8141 32.2391 7.14234
      vertex 49.601 31.9 7.5055
      vertex 49.6436 32.2781 7.5055
    endloop
  endfacet
  facet normal -0.851361 0.298012 -0.431709
    outer loop
      vertex 49.8141 32.2391 7.14234
      vertex 49.6436 32.2781 7.5055
      vertex 49.7693 32.6372 7.5055
    endloop
  endfacet
  facet normal -0.0248274 0.222453 0.974627
    outer loop
      vertex 51.3 32.4945 11.199
      vertex 51.2552 32.0965 11.2887
      vertex 51.3 32.1015 11.2887
    endloop
  endfacet
  facet normal -0.0250559 0.222476 0.974616
    outer loop
      vertex 51.3 32.4945 11.199
      vertex 51.1677 32.4796 11.199
      vertex 51.2552 32.0965 11.2887
    endloop
  endfacet
  facet normal 0.297848 0.851523 0.431502
    outer loop
      vertex 60.4372 33.4307 10.0945
      vertex 60.0391 33.3859 10.4577
      vertex 60.3613 33.2732 10.4577
    endloop
  endfacet
  facet normal 0.258721 0.739661 0.621262
    outer loop
      vertex 60.3613 33.2732 10.4577
      vertex 60.0391 33.3859 10.4577
      vertex 60.2522 33.0467 10.7728
    endloop
  endfacet
  facet normal 0.763818 0.479965 0.431526
    outer loop
      vertex 61.0283 32.9593 10.0945
      vertex 60.8916 32.8503 10.4577
      vertex 61.2307 32.6372 10.0945
    endloop
  endfacet
  facet normal -0.144177 0.41156 -0.899906
    outer loop
      vertex 51.0421 32.4356 6.40101
      vertex 50.8845 32.7628 6.5759
      vertex 51.1677 32.4796 6.40101
    endloop
  endfacet
  facet normal -0.074016 0.211282 -0.974619
    outer loop
      vertex 51.2126 32.0816 6.31132
      vertex 51.0421 32.4356 6.40101
      vertex 51.1677 32.4796 6.40101
    endloop
  endfacet
  facet normal -0.41156 0.144177 -0.899906
    outer loop
      vertex 50.7204 32.0323 6.40101
      vertex 50.4372 32.3155 6.5759
      vertex 50.7644 32.1579 6.40101
    endloop
  endfacet
  facet normal -0.369346 0.231824 -0.899912
    outer loop
      vertex 50.7644 32.1579 6.40101
      vertex 50.4372 32.3155 6.5759
      vertex 50.8352 32.2707 6.40101
    endloop
  endfacet
endsolid OpenSCAD_Model
